10,1
17,1
2004,1
DianeKruger,1
×,1
一定,1
一直,2
一舉,1
一鳴,1
中,1
主義等,1
主題,1
事實證,1
人物,1
代表性,1
以,1
作品,4
偶像,1
入圍,1
兩人決,1
典禮,1
加上,1
合作,1
問題,1
回德國,1
國際近,1
圍繞,1
坎城影展,1
坦言,1
大獎烈,1
大都,1
天堂,2
奪下,1
女主角,1
好萊塢,1
存在,1
定日,1
導橫,1
工作,1
巴黎,1
年,1
年來,1
年前,1
座,1
影后,1
影壇,1
影展,1
從影,1
德國,3
德文,1
愛,2
愛無止,1
慎重,1
戳,1
找黛安,1
拿下,1
掃國際,1
提,3
新納粹,1
明法,1
更是,1
最具,1
會,1
柏林,1
機會,1
橫掃,1
歧視,1
母語,1
民族宗教,1
沒有,2
法國,1
法提,3
演出,2
烈愛,1
獎外,1
獎頒獎,1
直,1
直覺,1
社會,1
移民,1
種族,1
等待,1
約,1
經紀,1
緊張,1
裔,1
親情,1
親自飛,1
記者,1
評審派,1
語片,1
說,1
躍升德國,1
身為,2
這部德國,1
遇到,1
遇名,1
邀約,1
金熊獎,1
金球,2
阿金,6
電影獎,1
面談法,1
首次,1
驚人,1
黛安克魯格,2
黛安法,1
一直,1
合作,2
好萊塢,1
年,1
更是,1
演出,2
說,1
1011,2
1993,1
30,1
AR,2
dts,1
七月,1
互動,1
交響,1
作,1
作法,1
使用,3
侏,1
侏羅紀,5
保持者,1
儸,1
全國,1
全新,1
全版,1
全球,1
公園,3
兼具,1
出口,1
剪輯,1
力綠色,1
加高,1
動,1
史匹柏,1
史蒂芬,1
周六,1
品牌,1
嘶吼,1
圖,1
坡,1
執導,1
大型,1
大獎,1
始祖,1
實境,1
將捷,1
廣為,1
引進,1
影,1
恐龍,1
恐龍主題,1
恐龍現,1
感受,1
打造,1
技術,1
指揮,1
捷正修,1
捷運參,1
搭乘,1
搭配,1
擴增,1
效果,1
文化局,4
旅客,1
日,1
日登場,1
春天,1
晚上,1
暴龍,1
月,1
期待,1
楊智欽,1
概念,1
樂團,1
檔,1
正修,1
氛圍,1
求生,1
深化,1
混音,1
湖畔,1
物,1
特別,1
特效,1
獲奧斯卡,1
登場,1
相遇,1
票房,1
科大,2
科幻,1
空間,1
站,1
站號,1
第一部,2
節目,1
精彩,1
系統,1
紀時期,1
紀錄,1
經典,1
繪,1
脊背,1
草地,5
落實車,1
藝文場,1
藝術,1
藝術節,1
行銷,1
裝置,1
製,1
視覺,1
觀眾,2
該片,1
變身,1
質感及,1
超過,1
身捷運,1
身高,1
造成,1
運三多,1
運具,1
運打,1
運線,1
里程碑,1
雄捷,1
零距離,1
電,1
電腦,1
音效,2
音樂會,4
項,1
館捷,1
首座,1
體驗,1
高捷,3
高雄,1
高雄市,2
鳥現,1
點美術館,1
鼓勵,1
龍及,1
一直,2
中,1
人物,1
拿下,1
記者,1
說,2
金球,1
打造,1
13,1
DonyaFiorentino,1
GaryOldman,1
GulliverOldman,1
KobeBryant,1
一半,1
一次,1
不忍,2
並宣稱,1
中當作,1
事情,1
他,1
侵風,1
信公開,1
偷,1
兩個,1
前夫,1
前妻,2
前經,1
動畫,1
卒子,1
受,2
可悲,1
和性,1
唐雅,1
唐雅菲,1
唐雅蓋瑞,1
唯一,1
困擾並,1
報導,1
多年,1
奧倫,1
子,1
孩子,1
家暴,3
實情,1
實節錄,1
寫,1
尤其,1
布萊恩,1
弟弟,1
形容,1
影帝,3
得獎,1
從來,1
德曼,3
心目,1
怒,1
性平,1
抗,1
指控,4
提諾,1
撫養,1
支持者,1
新科,1
施暴者,1
明燈,1
更,1
有罪,1
柯比,1
權判給,1
歲,1
母親,3
污衊,2
決心,1
沒,2
波蓋瑞,1
混淆,1
清白,2
父再,1
父親,6
獎,1
獲得,1
球星,1
生之子,1
當年法,1
痛心,1
發聲,1
真正,1
短片,1
禮後憤,1
稱,1
英雄,1
葛利維,1
葛利維歐,1
蓋瑞是,1
蓋瑞歐,2
蓋瑞葛利維,1
表示,3
角色,1
解決,1
話,2
說明,1
謊言事,1
跳出,1
這兩天,1
這是,1
運動,1
配合,1
重新,2
錯誤,1
院子,1
陷入,1
非常,1
頒獎典,1
麻煩,1
入圍,2
典禮,1
坦言,1
年,4
會,2
橫掃,1
影,1
他,1
歲,1
英雄,1
14,1
20,2
2049,1
74,1
ChristopherWalken,1
GuillermodelToro,1
MerylStreep,1
RogerDeakins,1
一起,2
上台,1
上街,1
不到,2
主席,1
交流,1
似乎,2
先行,1
克里斯多,1
再次,1
分快,1
分鐘,1
勇奪,1
台下,1
史翠普,1
吃,1
吉勒,3
哈拉,1
回響,1
墨西哥,2
大方,1
大獎家,1
大舉,1
大金人,1
太太,1
奪獎,1
好消息,1
導演,2
師羅傑,1
張事後回,1
得知,1
心地,1
情深,1
想起,1
意興,1
慶祝粉,1
手握,1
把玩,1
拉,1
掌聲,1
摩戴托羅,1
摩戴托羅視,1
摩榮耀,1
擁街頭,1
攝影,1
攤,1
故里,1
明星,1
時緊,1
晚宴,2
最佳影片,1
會場,1
朋友,1
梅姨,1
梅姨強,1
梅莉,1
次,1
歡迎,1
歡騰,1
殺手,1
民眾,1
水底,1
演奏,1
為家鄉,1
熱烈,1
狄金斯,1
獎座,1
珊,1
直接,1
直播,1
看不到,1
知道,1
福華肯,1
穿梭,1
精,1
終於憑,1
結束,1
絲,1
緻,1
續攤,1
群眾,1
聚集,1
聽,1
舉著,1
著點心,1
蜂,1
街頭樂隊,1
輕,1
遊行,1
道具,1
鄉瓜達,1
銀翼,1
閃,1
開,1
間,1
闌,1
陪榜,1
離開,1
顏續,1
餐,1
鬆,1
點,1
入圍,1
加上,1
奪下,1
女主角,1
工作,1
年,6
影后,1
約,2
說,1
票房,1
紀錄,1
製,1
觀眾,1
偷,2
性平,1
新科,1
歲,1
稱,1
表示,1
說明,1
這是,1
主席,1
情深,1
晚宴,2
最佳影片,3
水底,1
獎座,4
直播,1
',1
--,1
15.6,1
17.2,1
18.9,1
1998,1
2008,2
2650,1
3200,1
44,2
47,1
5200,1
5740,1
:,1
B2,1
FrancesMcDormand,1
GovernorsBall,1
In,1
MeTooTime,1
Out,1
Po,2
TerryBryant,1
WolfgangPuck,1
sUp,1
丈夫,1
上將,1
不,1
不翼飛,1
不見,2
並送,1
串流,2
主廚,1
主持人,1
人員,1
人次,1
今晚,1
他還,1
以重,1
位手,1
來慶祝團,1
個會,1
做檢,1
傳失,1
傾向,1
僅,1
億台幣,2
兒子,1
入場,1
分離,1
剖析,1
創,1
勿近,1
匯流,1
去年,1
去年底,1
反性,1
反觀史,1
可疑,1
可能,1
含數,1
員,1
地上,1
大使,1
失而,1
完近,1
實是,1
寶貝,1
小品,2
小時,1
小金人,4
少成,1
崛起,2
布蘭,1
帶,1
幫,1
平台,1
延續,1
影音,2
復,1
急,1
意外,1
抓小偷,1
拍照,1
拿到,1
拿獎,1
持票,1
攝影師,1
收視創,1
收視率,2
改變,1
放在,1
數位,1
數據,1
新低,2
新聞刊,1
昨晚,1
曼,1
最低,1
最多人,1
最後是,1
有人,1
查收,1
根帕克,1
業界,1
機前,1
機觀,1
比過,1
沃夫,1
法蘭西絲,5
泰瑞布蘭特,1
派,1
淡定,1
演,1
炫耀,2
熱就,1
熱度,1
片,1
特確,1
犯行,1
男子,1
男配角,1
疲乏,1
發現,3
發言人,1
白目,1
盜罪,1
相關,1
眾人馬,1
短時間,1
社群,1
突然,1
竊,1
立即,1
第一,1
終於開心,1
網,1
繼續,1
美元,2
美國賣,1
習慣,1
者,1
聊天,1
聚當時,1
聯合國,1
臉書,1
自,1
花絮,1
萬,2
萬人,1
萬人觀,1
視率,1
觀賞,1
記,1
評論家,1
詭異,1
認為,2
警方,1
賊,1
賓客,1
走走,1
起士漢堡,1
起話題,1
趴,1
輕人,1
透過,1
這與,1
這項,1
這類,1
通報,1
通常,1
逮住,1
逮捕,1
運動話,1
還少,1
還沒握,1
郵件,1
醫院,1
重逢,1
重點,1
鐵達尼號,1
險路,1
雙層,1
難以,1
難熱灶,1
電視觀,1
非電視,1
題略感,1
馬,1
騷擾,1
驚,1
麥朵,1
＃,1
％,1
年,1
拿下,1
特別,1
製,1
歲,3
掌聲,1
明星,1
梅姨,1
閃,1
帶,1
萬,1
騷擾,1
驚,1
......,1
400,1
68,1
72,1
80,1
DIOR,1
GIVENCHY,1
GUCCI,1
HarryWinston,1
LV,2
OMEGA,1
ReemAcra,1
一個,1
一片,1
一襲,1
不再,1
不凡,1
不願,1
主流,1
主義主張,1
之中,1
亞曼尼,1
亮片,4
亮色,1
亮面,1
亮點,1
令人,1
以往,1
佳評,1
來,1
做主,1
傳統,1
光環,1
其實傳,1
再度,1
則以,1
功力,1
加朵,1
勞倫斯,1
包,1
化身,1
半百,1
反倒,1
同樣,1
向,1
哀悼,1
品味,1
基嫚,2
壓瑪格羅比,1
大放,1
奢華,1
奧斯卡紅毯,4
女人,1
女性,1
女星,4
女權,2
女神,2
女超人,1
女配角,1
如潮,1
妮可,2
娘莎瑪,1
完勝紅毯,1
宣示,1
展現,1
已,1
布拉克,1
帥氣,1
弄,1
強人,1
得以,1
心莫過,1
性,3
性感,1
悲情,1
拋開,1
搭,2
是種,1
時,1
時尚,3
最開,1
有趣,1
服,1
服裝,1
服裝飾,1
東則,1
氣勢,2
水晶,2
流行,1
海倫米蘭,1
海耶克,1
深紅色,1
深美炸,1
熟女,2
熠熠,1
爆紅毯,1
爭妍,1
物化,1
獎的,1
珊卓,1
珍妮,1
珍妮佛,2
珍芳達,1
珠寶走,1
現女,1
瑪格羅比,1
登上,1
發亮,1
發光,1
白色,1
皆,1
社會議,1
神力,1
禮服,8
穿,9
窺見,1
符合,1
籠罩,1
粉,1
系禮,1
紅毯,2
紅毯展,1
紅色,1
紛紛,2
紫色,1
結,1
經過,1
美美,2
美金,1
老,1
老娘,1
老的辣,2
腕表,1
腰,1
自主,3
自備,1
自光體,1
自怨自艾,1
艾瑪史,1
艾莉森,1
華裝,1
蓋兒,1
薑,2
藍色,1
蝴蝶,1
褲裝,1
要價,1
要大鳴,1
訂,1
論調,1
證明,1
豔,1
賣,1
贏得,2
走,2
趨勢,1
身穿,2
退散,1
逾,2
遞訊息,1
選穿,1
醜聞,1
銀白,1
鍊,1
閃亮,1
開雲集團,1
闆,1
陰影,1
題性,1
香奈兒,1
香鬢影,1
鬥麗衣,1
黑壓,1
黑潮,1
黑色,1
黑銀色,1
典禮,2
年,1
影后,1
提,2
會,1
演出,1
語片,1
說,1
作,1
大獎,1
站,1
製,1
觀眾,1
歲,1
沒,1
獲得,1
上台,1
台下,1
吉勒,1
導演,1
情深,1
摩戴托羅,1
最佳影片,2
水底,1
結束,1
聽,1
主持人,3
去年,3
帶,1
萬,2
馬,2
再度,1
功力,1
加朵,1
女超人,1
服裝,1
海倫米蘭,1
神力,1
美金,1
蓋兒,1
52,1
7288,1
7999,1
89,1
AnselElgort,1
FOX,1
FayeDunaway,1
GalGadot,1
HelenMirren,1
JimmyKimmel,1
MarkBridges,1
MarkHamill,1
MikePence,1
WarrenBeatty,1
一上台,1
一場,1
一番,1
一點,1
不忘,1
不要,1
中國,1
主持,1
主辦,1
之姿,1
事件,1
以賽車,1
伴遊,1
信封,3
倒不如,1
價值,1
元約,1
元綠色,1
克漢彌爾,1
全世界,1
全笑,1
典禮僅,1
典禮針,1
再,1
出,1
到,1
副,1
劫安索,1
升格,1
參觀,1
可可,1
可布,1
台上,1
台幣,1
台酸反,1
吉米,3
同志,1
名字,2
吐,2
吸引,1
呼喚,1
和費,1
唐娜薇,1
喜劇,1
單位,1
土,1
在家,1
坐,1
基墨,1
基斯,1
夜總會,1
大概,1
天行者,1
太快,1
奧斯卡變,1
奪得,1
女瑪格羅比,1
女郎,1
媽媽,2
安排,1
小丑,1
尖叫,1
川,2
川普次,1
師,1
師們,1
幽默,1
引起,1
彩色,1
彭斯,2
影星,1
影響,1
後務必,1
得主,2
從華倫,1
心,1
心見,1
快艇,4
想到,1
感謝,1
我們,1
戲院,1
手中,1
手拿碼,1
扛,1
拉美,1
拍來,1
拍請,1
拒絕,1
捲,1
掄,1
接過,1
提到,1
提醒,1
搞笑,2
擔任,1
政治,1
文化,2
新聞,1
旅遊團,1
時事話題,1
時間,2
普不關,1
普對,1
智利,1
最大,1
最短致,1
會計,1
會計師,1
格特,1
槽,2
檢查,1
歡呼,1
毫不,1
民族,1
沮喪,1
注目,1
準時,1
演資深,1
火力,1
炮轟川普,1
無法,1
獎最後由,1
獎者,1
玩命,1
玩笑,1
略降,1
當時,1
發揮,1
發點心,1
瞬間,1
砭,1
祭,1
突襲,1
總統,1
翻,1
脫口秀,1
致詞,1
艾,1
華倫,1
華倫比,1
表,1
裡看,1
要事,1
計,1
設計,1
詞獎者,1
調侃,1
請,1
議,1
資深,1
賺,1
赴,1
起來給,1
超幸運,1
超開,1
載著,1
近小時,1
過長,1
遞錯,1
選擇,1
還假裝,1
還經常,1
還請,1
還開,1
重來,1
重擔,1
錢,1
門烏龍,1
關心,1
隔壁,1
難免,1
霓裳,1
頒獎者,1
領路克,1
風光,1
首奪外,1
驚喜,1
魅影,1
麥克,1
典禮,2
年,1
影后,1
提,2
會,1
演出,1
說,1
作,1
站,1
製,1
觀眾,1
歲,1
沒,1
獲得,1
上台,1
台下,1
吉勒,1
導演,1
情深,1
摩戴托羅,1
最佳影片,2
水底,1
結束,1
聽,1
主持人,3
去年,3
帶,1
萬,2
馬,2
再度,1
功力,1
加朵,1
女超人,1
服裝,1
海倫米蘭,1
神力,1
美金,1
蓋兒,1
52,2
7288,1
7999,1
89,1
AnselElgort,1
FOX,1
FayeDunaway,1
GalGadot,1
HelenMirren,1
JimmyKimmel,1
MarkBridges,1
MarkHamill,1
MikePence,1
WarrenBeatty,1
一上台,1
一場,1
一番,1
一點,1
不忘,1
不要,1
中國,1
主持,1
主辦,1
之姿,1
事件,1
以賽車,1
伴遊,1
信封,3
倒不如,1
價值,1
元約,1
元綠色,1
克漢彌爾,1
全世界,1
全笑,1
典禮僅,1
典禮針,1
再,1
出,1
到,1
副,1
劫安索,1
升格,1
參觀,1
可布,1
台上,1
台幣,1
台酸反,1
吉米,4
同志,1
名字,2
吐,2
吸引,1
呼喚,1
和費,1
唐娜薇,1
喜劇,1
單位,1
土,1
在家,1
坐,1
基墨,2
基斯,1
大概,1
天行者,1
太快,1
奪得,1
女瑪格羅比,1
女郎,1
媽媽,2
安排,1
小丑,1
尖叫,1
川,2
川普次,1
師,1
師們,1
幽默,1
引起,1
彭斯,2
影星,1
影響,1
後務必,1
得主,2
從華倫,1
心,1
心見,1
快艇,5
想到,1
感謝,1
我們,1
戲院,1
手中,1
手拿碼,1
扛,1
拍來,1
拍請,1
拒絕,1
捲,1
接過,1
提到,1
提醒,1
搞笑,2
擔任,1
政治,1
文化,2
新聞,1
旅遊團,1
時事話題,1
時間,2
普不關,1
普對,1
最大,1
最短致,1
會計,1
會計師,1
格特,1
槽,2
檢查,1
歡呼,1
毫不,1
沮喪,1
注目,1
準時,1
演資深,1
火力,1
炮轟川普,1
無法,1
獎最後由,1
獎者,1
玩命,1
玩笑,1
略降,1
當時,1
發揮,1
發點心,1
瞬間,1
砭,1
祭,1
突襲,1
總統,2
翻,1
脫口秀,1
致詞,1
艾,1
華倫,1
華倫比,1
表,1
裡看,1
要事,1
計,1
設計,1
詞獎者,1
調侃,1
請,1
議,1
資深,1
賺,1
赴,1
起來給,1
超幸運,1
超開,1
載著,1
近小時,1
過長,1
遞錯,1
選擇,1
還假裝,1
還經常,1
還請,1
還開,1
重來,1
重擔,1
錢,1
門烏龍,1
關心,1
隔壁,1
難免,1
霓裳,1
頒獎者,1
領路克,1
驚喜,1
魅影,1
麥克,1
中箭,1
感言,1
懸賞,1
正副,1
短,1
祭出,1
萬元,1
開炮,1
一直,1
作品,2
入圍,1
女主角,1
工作,1
拿下,1
沒有,2
等待,1
更,1
歲,3
沒,1
獎,1
表示,1
角色,3
不到,1
最佳影片,1
開,1
間,1
小金人,1
拿獎,3
演,1
片,1
女配角,2
珍妮,1
瑪格羅比,1
老娘,1
艾莉森,3
一上台,1
擔任,1
玩笑,1
當時,1
40,2
58,1
AllisonJanney,1
MargotRobbie,1
一等,1
下台,1
不了,1
不了情,1
不夠,1
不少,1
不想,1
不敢,1
不會,1
不順,1
主角,1
做到,1
做過,1
傳遞,1
先以,1
其實,1
典禮帥,1
兼職,1
再也,1
出席,1
前,1
劇中,1
包含,1
匯打,1
參與,1
受矚,1
口感,1
口氣開,1
回選角,1
回電,1
因體型,1
圍會,1
堅持,1
外型,1
夜間,1
天真,1
失望,1
完,1
完全,1
害怕,1
少女,1
已經,1
希望,1
年近花甲,1
心情,1
忐忑,1
怯,1
情時,1
想,1
想像,1
態度,1
慢飛,1
懷疑,1
我入,1
我全,1
我當,1
手戲,1
承認,1
拚,1
接下,2
接到,1
搬回,1
收發員,1
改,1
改風趣,1
放棄,1
昨以,1
時刻刻,1
暴躁,1
曾,1
曾經,1
未,1
未料,1
歌手,1
正軌,2
步入,2
毒品,1
氣解釋,1
沮喪到,1
演員,2
演藝路,1
演電話,1
為,1
爛漫,1
玫瑰,1
現身,1
生計,1
當個,1
當初,1
白費,1
百老,1
盛會,1
目的,1
竇初,1
立刻,1
笨,1
笨鳥,1
等,1
紐約外,1
組團隊,1
組讀,1
維持,1
纖細,1
美國,1
美國心,1
脾氣,1
腦袋裡,1
膽子,1
自忖,1
自我,1
艾莉森年,1
艾莉森度,1
藥頭,1
虎媽,1
謝劇,1
證實,1
譚雅中,1
輕時,1
透露,1
這部,1
進入,1
進劇,1
遂,1
過頒獎,1
適合,1
遲至,1
選角導,1
還笑言,1
錄音室,1
隔天,1
電話,1
領獎,1
飛哲學,1
首度,1
高興,1
鳥慢,1
10,1
中,1
入圍,1
女主角,1
好萊塢,2
工作,1
說,1
金球,1
圖,1
站,2
節目,1
GaryOldman,1
KobeBryant,1
唯一,1
家暴,1
布萊恩,1
德曼,1
指控,1
柯比,1
沒,1
獎,1
發聲,2
蓋瑞歐,1
話,1
運動,2
陷入,1
上台,1
開,1
點,1
',1
sUp,2
主持人,3
小金人,1
放在,1
女性,4
女權,1
布拉克,2
海耶克,1
紅毯,1
艾瑪史,2
JimmyKimmel,1
出,1
吉米,1
基墨,1
師,1
擔任,1
玩笑,1
歌手,1
AndraDay,1
AnnabellaSciorra,1
AshleyJudd,1
Common,1
EmmaStone,1
HarveyWeinstein,1
RyanSeacrest,1
SandraBullock,1
StandUpforSomething,1
Time,2
’,1
上述,1
不好受,1
人珊卓,1
他手,1
位,1
位爭,1
位站,1
位置,1
儘,1
先,1
入,1
共同,1
典,1
凡夫俗子,1
別,1
力道,1
勇敢,1
包容性,1
包括,1
卡,1
卻,1
取人權,1
受邀,1
各式,1
各類,1
哈維,1
唱名,1
單純性,1
嚴肅點,1
圍者,1
在,1
型,1
多元,3
奎斯特,2
奧,1
安,1
安娜,1
宗旨,1
尊敬,1
尊重,2
工作者,1
平權,1
平等,2
弱勢,1
後,1
徵好萊塢,1
德拉,1
性侵,2
性騷擾,1
戴,1
把獎,1
抨,1
拉西,1
挺,1
控訴,1
推動者,1
推薦,1
搬,1
撰文,1
擊,1
擴大到,2
攝影導,1
敘利亞,1
斯,1
方式,1
昨在,1
時代,1
時特別,1
時面,1
暗示,1
更用,1
最,1
最受,1
東,1
東珊卓,1
模糊,1
檯,1
歐拉,1
氣變,1
溫斯坦,1
演唱,1
演獎,1
潮,1
獎紅毯,1
男人,1
男女,1
發起,2
看到,1
禮,1
紅毯並,1
終於,1
美國名,1
老二,1
職場,1
舌,1
艾希莉,1
莎瑪,1
萊恩希,2
表彰,1
表演,1
被控,1
訪問,1
試,1
議題,3
象,1
貝,1
賈德,1
起來,1
跳過,1
身,1
造型,1
進步,1
遭貼,1
還,1
還讓,1
醞釀,1
重,1
開場,1
隨後語,1
雜誌,1
難怪,1
難民環保,1
面,1
頒,1
頒發,1
頒給,1
饒,1
髒,1
鬥士,1
黑衣,1
默契,1
2004,1
中,1
問題,1
奪下,1
女主角,1
年,2
年來,1
愛,1
歧視,1
社會,1
種族,1
說,2
首次,1
概念,1
藝術,1
該片,1
他,1
角色,1
話,1
14,1
GuillermodelToro,1
吉勒,1
導演,1
情深,4
摩戴托羅,1
最佳影片,2
朋友,1
水底,4
直接,1
可能,1
認為,1
女性,1
同志,1
心,1
無法,3
希望,1
型,1
時代,1
議題,2
60,1
SallyHawkins,1
一面,1
三部曲,1
不一樣,1
不必,1
不起眼,1
世俗,1
世界,2
並頌揚,1
人形,1
使徒,1
偏見,1
傳達,1
全然,1
再臨,1
利用,1
則是,2
勇,1
包藏,1
原因,1
取,1
同理,1
啞,1
喜愛,1
在建,1
奇幻,2
女愛上,1
完美,5
實屬,1
實驗室,1
將獎,1
就,1
布道,1
常人,1
年代,1
幾乎,1
座獻給,1
彩繪,1
忽略,1
思考,1
怪物,6
情書,2
愛上,1
感興趣,1
懂用,1
應該,1
戰爭,1
戴托羅給,1
戴托羅自,1
戴托羅說,1
所謂,1
抓,1
抽象,1
探索,1
探討,2
接受,3
插畫家,1
故事,1
教堂,1
昨領,1
暗喻,1
最好,1
正常,1
每位,1
濫用,1
無情,1
獎時,1
王者,1
玻璃,1
現實,1
瑕疵品,1
生活,1
男迷宮,1
直線,2
真實,1
眼中,1
福音,1
築,1
粉絲,1
絕對,1
總戴托羅說,1
羊,1
美女,1
聖人,1
興奮,1
莎莉,1
藉,2
藥物,1
被迫,1
角落,1
認同,1
認無法,1
說門,1
講一個,1
變回,1
象徵著,1
踹,1
輕類,1
輕鼓勵,1
進去,1
進軍事,1
達成,1
邊緣,2
那種,1
鄰居,1
重要,1
野獸,2
銀爪,1
開來,1
隔離,1
隨手,1
雕像,1
難得,1
霍金斯,1
霸道,1
類型,2
鬼魅,1
魔戒,1
魔鬼,1
魚人,1
黑人,1
作品,4
入圍,2
合作,1
年,1
會,1
說,1
30,1
檔,1
票房,2
歲,1
母親,1
沒,1
獲得,1
角色,1
一起,1
上台,1
殺手,1
離開,2
可能,1
帶,1
意外,4
男配角,1
習慣,1
皆,1
走,1
一點,1
名字,1
喜劇,1
想到,1
感謝,3
不了,1
不少,1
昨以,1
為,1
立刻,1
首度,1
在,1
工作者,1
表演,2
幾乎,1
2009,1
49,1
70,1
A4,1
DVD,1
SamRockwell,1
一遍,1
不出,1
不賣座,1
乘客,1
代步,1
住,1
俗氣,1
先謝,1
出事,1
出身,2
出道,1
函,1
到校,1
刺,1
即興,1
反應,1
只,1
告訴,1
喜愛電影,1
多部,1
大小,1
太多,1
失利,1
奇爛出,1
奪,1
奶奶,2
威爾,2
學到,1
學校,1
室,1
寶,1
小閣樓,1
山姆,2
市區長,1
帶先,1
很多,2
心胸,1
急問,1
批片,1
拍過,1
掏出,1
搭鐵,1
教,1
教過,1
早已,1
明顯,1
時天,1
曼哈頓,1
會竊竊,1
月球,1
有備,1
有點,1
校長,1
樂趣,1
檔命,1
檔美國,1
歲現,1
殺傑,1
沉思,1
沒事,1
洛克,2
演技,2
演過,2
漫遊,1
然,1
父母,4
爸爸,2
狂,1
狹窄,1
獎他,1
獨立,1
甚遠,1
生氣,1
男,1
男星,2
相距,1
看著,1
知識,1
神經,1
私語,1
笨拙,1
習得,1
翻身,1
耳濡目染,1
腳踏車,1
舊,1
被叫,1
裡的媽,1
西等片,1
記得,1
認得,1
警察,2
近,1
遲鈍,1
配謝,1
金山,1
長,1
飾演,1
騎著,1
10,1
一定,1
一直,3
中,3
人物,1
以,1
入圍,1
女主角,1
好萊塢,4
工作,2
年,3
影后,2
機會,2
演出,2
約,1
說,1
日,1
站,1
兩個,1
從來,1
更,1
歲,3
沒,2
獲得,1
角色,8
配合,1
14,1
一起,1
不到,1
心地,1
直接,1
看不到,1
知道,3
絲,1
FrancesMcDormand,1
不,1
小金人,1
意外,3
曼,2
法蘭西絲,3
麥朵,2
一個,1
不再,1
令人,1
女性,5
性,1
時,1
美美,1
全世界,1
台上,2
拒絕,2
文化,1
時間,1
不想,1
外型,1
希望,2
我當,1
曾,1
演員,3
男人,2
訪問,1
一面,1
不一樣,1
世界,1
接受,1
絕對,1
美女,2
興奮,1
邊緣,3
演技,1
飾演,1
1997,1
22,1
24,1
36,1
90,1
InclusionRider,1
JoelCoen,1
一口,1
一名,1
一枚,1
上前,1
上鏡,1
不化妝,1
不帶,1
不當,1
不相容,1
不覺,1
並呼籲,1
並說,1
中央,1
中直,1
主修,1
主動,1
事,1
人員性,1
伴,1
低下,1
作血,1
來演,1
保障,1
修車,1
個性,1
倒,1
做,2
兄弟,1
充滿永恆,1
全身,1
冰血暴,2
分析,1
別種族,1
剃,1
劇院,1
力量,1
勺頭,1
包容,1
化妝師,1
叉叉,1
口中,1
合照,1
同期,1
名人,3
咖演員合,1
哈哈大笑,1
喜悅,1
喬柯恩,1
回放,1
圍,1
垃圾,4
多樣,1
大學,1
大步,1
大部分,1
太,2
夫妻,1
女明星,2
好不容易,1
始終,1
字,1
宣傳,3
家裡連,1
寶座,1
封后,1
專訪,1
屁股,1
屆,1
工連身,1
已化,1
幫粉,1
幾歲,1
彈,1
彷,1
彿,1
心中,1
忘,1
想要,1
意指,1
感到,1
憤怒,4
我暈,1
我現,2
戲劇,1
扮演,1
扶,1
投擲,1
抗拒,1
抱,1
推上,1
推掉,1
掩開,1
提出,1
換氣,1
摸,1
擅長,1
收養,1
整形,1
早上,1
時學校,1
時牧師,1
時絕,1
暴力,1
有事,1
杜比,1
某種,1
柯恩,1
條款,1
榮幸,1
機器,1
止不住,1
母性,1
決定,1
汽油,1
法蘭,1
洛杉磯,1
漂亮,1
演員當,1
演戲,1
演活,1
無緣,2
熬,1
燒掉,1
片場,2
獎台灣,1
生母,2
生涯,2
當年,1
當民眾,1
白人,1
白種,4
直挺挺,1
看起,1
眾望,1
短後腦,1
私下,1
穿著,1
突變,1
第一眼,1
簽名,2
索取,1
終不覺,1
緣化,1
總,1
老公,1
老太,1
老媽,1
聲音,1
背要,1
胖,1
胖太高,1
能夠,1
臨陣,1
自卑,1
自嘲,2
自幼,1
自認,1
舉行,1
芮德,1
萊塢,1
著腳,1
處女,1
蜜兒,1
行為,1
被畫,1
被邊,1
褲,1
西絲始,1
要求,1
要角時,1
要講,1
見面,1
觀感,1
計畫,1
謝導演,1
變成,1
貧困且,1
貶,1
費解,1
資助,1
走上台,1
走向,1
走路,2
起身,1
跨,1
跺,1
身上,1
迷宮,1
送,1
這種,1
這行業,1
這讓,1
進軍好,1
過去,1
過度,1
遺棄,1
邀入,1
邀請,1
那年,2
那股,1
鄙視,1
金像,1
鏡,1
開心,1
除感,1
難,1
雷同,1
需要,1
霸氣,1
非典型,1
顫抖,1
驕傲,1
髮,1
鮮明化,1
黑討厭,1
鼓掌,1
10,2
中,2
作品,1
存在,1
年,2
沒有,1
說,6
身為,1
執導,1
大獎,1
期待,1
概念,1
藝術,2
GuillermodelToro,1
吉勒,3
墨西哥,2
導演,2
情深,2
摩戴托羅,1
最佳影片,1
水底,2
知道,1
間,1
復,3
認為,2
一個,1
傳統,1
走,1
媽媽,1
最大,1
40,1
主角,1
已經,1
為,1
演獎,1
奇幻,1
怪物,1
戴托羅說,1
絕對,1
很多,1
拍過,1
爸爸,1
長,2
90,1
做,1
兄弟,1
口中,1
難,1
髮,1
JamesCagney1942,1
一種,1
一部,1
下,1
並非,1
之,1
之後已,1
亞式,1
人,1
你,1
來源,1
信仰,1
修,1
儀式,1
充滿維,1
前年,1
創傷,1
原,1
原創,1
原罪,1
原諒,2
取導,1
叛道,1
叫做,1
吸血鬼,2
哲學大導,1
哲學思維,1
哽咽,1
地,1
多利,1
大功告成,1
大雅之堂,1
天主教,3
奉獻,1
姊妹,1
學會,1
完成,1
家庭,1
小屋,1
小生,1
屆典,1
常視,1
年勝利,1
幽靈羊,1
引用,1
引退,1
很糟,1
忍淚,1
恐怖,1
恐懼,1
恢,1
悲慘,1
情緒,2
感激,1
愧疚,1
慘遭,1
戀地,1
成功,1
我,1
我會,1
我花,1
戴托羅,4
戴托羅笑,1
戴托羅調,1
戴托羅領,1
拍預,1
指導,1
揭曉,1
摧殘,1
摩應,1
摩戴托羅拍,1
擺脫,1
教條,1
教義因,1
數度,1
斷開,1
日本,2
昨日,1
時強,1
期中,1
本屆,1
枷鎖,1
極度,1
歌台,1
殘酷,1
毫,1
毫無眷,1
水,1
海邊,1
深植心,1
灌輸,1
灌輸給,1
無依,1
無傷,1
無憾,1
無私,1
煉獄,1
獨特,1
珍貴,1
現告訴,1
生命,1
用金來,1
男魚,1
畢盡,1
痛苦,3
登,1
皮,1
看法,1
真金,1
破碎,1
祖母,4
禮奪,1
科幻片,1
童年,3
笑,1
精力,1
經流,1
經滿足,1
總是,1
美的,1
老實,1
自然,1
苦笑,1
虔,2
虛無中,1
血淚,1
血腥,1
裂痕,1
詞,1
該,1
詹姆斯,1
誕生,1
誠,2
謝謝,4
讓絕,1
貧困,1
買棟,1
賈格納,1
贏家,1
走出,2
身處,1
逐漸,1
進行,1
過太多,1
遐想,1
那擊碎,1
邪神,1
部,1
部電影,1
配樂項,1
金繼,3
釣魚,1
關鍵,1
陰影導演,1
陰森,1
陶器,1
隱退,1
離經,1
飽受,1
驅魔,1
驚恐,1
體悟,1
體罰,1
鮮血,1
一直,1
中,1
人物,2
作品,1
典禮,1
坦言,1
工作,1
年,2
影后,1
拿下,1
會,1
演出,1
說,1
遇到,1
剪輯,2
日,2
混音,1
音效,1
GaryOldman,1
他,1
前妻,2
唯一,1
家暴,2
影帝,3
德曼,4
指控,1
新科,1
更,3
歲,2
母親,1
決心,1
蓋瑞歐,4
角色,1
話,1
陷入,1
GuillermodelToro,1
吉勒,1
導演,2
情深,1
摩戴托羅,1
最佳影片,1
水底,1
結束,2
間,1
B2,1
FrancesMcDormand,1
僅,1
兒子,1
剖析,1
小時,1
小金人,2
帶,1
改變,2
新聞刊,1
曼,1
演,1
相關,1
麥朵,1
400,1
再度,1
化身,1
反倒,1
大放,1
時,1
皆,1
老,1
走,3
台上,1
奪得,1
影響,1
擔任,1
時間,1
最大,1
當時,1
總統,1
主角,1
其實,1
參與,1
外型,1
完,1
完全,1
已經,1
想,4
想像,1
演員,1
為,1
自我,2
卻,1
後,1
控訴,1
昨在,1
最,2
男人,1
造型,1
頒給,1
完美,1
年代,1
應該,1
接受,1
生活,1
絕對,1
演技,1
男星,1
飾演,1
90,1
劇院,1
屆,1
抱,2
杜比,1
洛杉磯,1
演戲,4
獎台灣,1
聲音,1
能夠,1
舉行,1
行為,1
走路,1
金像,1
需要,1
我,1
指導,1
本屆,1
笑,1
贏家,1
走出,1
逐漸,1
1990,1
48,1
50,1
59,1
99,1
B4C1,1
DanielRadcliffe,1
DavidMalinowski,1
SidVicious,1
上,1
上午,1
下定,1
不安,1
不忘向,1
不用,1
並喊,1
中毒,1
丹尼,1
之名,1
交手,1
人生,1
仍,1
他入,1
他將,1
代表,1
侃侃,1
保持,1
僅次,1
光鮮,1
克里夫,1
內心,1
其極,1
凌諾斯基,1
前景,1
前首相,1
創電影,1
動作,1
化,1
化妝,2
匿名,1
即將,1
厭惡,2
只能,1
周內,1
周前,1
咀嚼出,1
哈利波,2
善用,1
回家,1
圈怕妝花,1
圍後遭,1
團隊,1
墨裔,1
外貌,1
大約,1
大衛馬,1
大量,1
天分,1
天拍,1
天狼星,1
失去,1
妝,1
姿態,1
婉拒,1
婚姻,1
婚蓋瑞以,1
完妝上,1
尋味,1
尼古丁,1
彈奏,1
彩排,1
微恙,1
德維,1
心理,1
性手,1
性格,1
患上,1
感嘆,1
感纏,1
我要,1
戒酒,1
手席,1
扮,1
抽,1
拍,1
挑戰飾,1
揚,1
撞,1
擁有,1
攝,1
攝期,1
支,1
政治理念,1
教父,1
敦克爾克大行動,1
數量,1
方面,1
明清,1
昨終,1
時刻,2
極少,2
槍,1
槍樂團,1
段,2
每日,1
比起,1
沉迷,1
沐浴,1
治療,2
法院,1
流感,1
消失,1
深入,1
清瘦,1
清醒,1
滋味,1
滾樂,1
演樂,1
無所,1
照顧,2
煮茶,1
爾雷,1
牆期,1
片共奪,1
特,2
獎座刻,1
獎獎,1
獎獻給,1
獎該,1
瑟斯,1
生平,1
生日,1
由法蘭,1
畫面,1
異彩,1
異過,1
當音樂家,1
症,1
登警長,1
白證據,1
百變,1
監護權,1
眼神,1
私生活,1
箇中,1
系列,1
終於崩潰,1
維持妝容,1
總算換,1
繞,1
美術,1
耐人,1
聖貝多芬,1
聞名,1
能,1
能證,1
脫離,2
自傳,1
致敬,1
舒適,1
英國,3
華盛頓,1
菸,1
著作,1
蓋瑞,1
蓋瑞扮,1
被捕,1
裡蓋瑞,1
西絲,1
要,1
解藥,2
設計原,1
談,1
讀,1
變得,1
讚,1
豐腴,1
貝斯,1
貝斯說,1
資料,1
贏家二戰,1
超越,1
足夠,1
身體,1
躲,1
軀殼,1
迎來,1
這位,2
這號,1
進別,1
進食,2
還教過,1
邱吉爾,3
邱吉爾學,1
邱吉爾差,1
部分,1
配樂獎,1
酒癮,1
酒精,1
酒駕,1
酗酒,1
重提,1
閱讀,1
陣,1
陽光下,1
雖無法,1
雪茄,1
音樂,1
飾,1
騎士,1
高,1
黑時,1
黑暗,4
點在,1
龐克搖,1
～,1
入圍,2
典禮,1
好萊塢,1
存在,1
年,6
法國,1
約,5
說,2
月,4
紀錄,1
更,1
歲,3
獎,1
交流,1
克里斯多,1
分鐘,1
晚宴,2
最佳影片,1
次,1
知道,1
精,1
緻,1
餐,1
主持人,1
今晚,1
億台幣,1
入場,1
去年,1
小時,1
延續,2
男配角,1
美元,3
萬,2
不再,1
有趣,1
紅毯,3
走,2
信封,2
在家,1
得主,2
時間,1
最大,1
獎者,1
資深,1
不會,1
其實,1
首度,2
受邀,1
圍者,1
在,1
看到,1
頒發,1
世界,1
利用,1
則是,1
24,1
90,3
劇院,3
屆,1
杜比,3
當年,2
舉行,1
11,2
1400,1
15,2
150,1
16,1
18900,1
1929,3
1930,1
1941,1
1953,1
1961,1
2002,1
270,1
274,1
3000,1
3300,1
3550,1
71,1
900,1
AgnesVarda89,1
BobHope,1
ChristopherPlummer88,1
NBC,1
一位,1
不可,1
不知,1
不算,1
不興奮,1
並不,1
之間,1
事前,1
以紀,1
供,1
個,1
偏向,1
僅花,1
元台幣,2
兩位,1
公尺,1
公開,1
共,1
典禮會,1
初登場,1
制度,1
創下,1
參加,1
受重,1
史上,1
同日,1
告知,1
單漸,1
嚴格,1
回收,1
回首,1
固定,1
圍名,1
坪,1
場內,1
場門票,1
外,1
外要,1
太大,1
夫,1
奧斯卡典,1
女導演,1
安妮,1
完即,1
宣布,1
密媒體,1
密封,1
對外,1
巧合,1
巨星,1
差,1
差不多,2
平方英尺,1
年來賓,1
年終,1
年過,1
座位,1
形式,3
影人,2
很大,1
念錯,1
愈豪華,1
愈辦,1
成就,1
成為,1
打開,1
投入,1
拱,1
控管,1
提前,1
換算,1
撥,1
改為,2
敘,1
斯福,1
旅伴,1
日舉行,1
早,1
早期,2
是否,1
普拉,1
最年長,1
最酷,1
最高,1
月初,1
月底,1
月舉,1
每個,1
每年,3
激動,1
烏龍,1
獎現,1
獎落家,1
獎項,1
獲獎,1
現幣值,1
瑪,1
環節,1
發生,1
發表入,1
眾星,2
祕,1
禮影,1
禮想,1
禮愈,1
積約,1
範圍,1
紅毯用,1
紕漏,1
終身,1
羅,1
習俗,1
而,1
自掏腰包,1
舉辦,1
花,1
英尺,1
華達,1
藝學院,1
表揚,1
裡,1
襄盛舉,1
規模,2
規畫,1
視,1
設有,1
設面,1
語屆,1
豪華場,1
負擔,1
買入,1
轉播,1
辦典,1
辦屆,1
辦愈,1
辦次,1
近年,1
這對,1
過往,1
邁入,1
還可,1
酒店,1
金錢,1
銷毀,1
鋪,1
錄片,1
錯,1
電視,1
非典,1
預算舉,1
頒獎,1
類別,1
風險,1
鮑伯霍伯,1
齡入,1
作品,1
入圍,1
典禮,2
問題,1
工作,1
年,1
拿下,1
會,1
機會,1
說,3
電影獎,1
30,1
月,1
特效,1
獲奧斯卡,1
登場,1
科幻,1
GaryOldman,1
一次,1
德曼,6
沒,1
這是,2
配合,1
先行,1
直播,1
知道,1
今晚,1
拿獎,1
認為,1
一個,2
已,1
最大,1
做過,1
其實,1
參與,1
完全,1
已經,1
想,1
為,1
先,1
型,2
幾乎,1
70,1
告訴,1
90,1
做,1
化妝師,1
屆,1
片場,1
變成,1
髮,2
日本,1
笑,1
前首相,1
妝,2
時刻,1
英國,2
資料,1
邱吉爾,3
黑暗,1
2012,1
HBOHBOHD,2
KazuhiroTsuji,1
一生,1
一開始,1
三度,1
上妝小時,1
不像,1
不動,1
事藝術,1
今,1
今天,1
他謙虛,1
他過,1
信心,1
出部,1
分起,1
問鼎,1
喜劇片,1
坐著,1
大多,1
大道,1
天天,1
奪下獎,1
妝小時,1
巧手,1
師協會,1
幫歐,1
幫變,1
度,1
影藝學院,1
情片,2
憑電影,1
找時,1
承諾,1
拍前,1
拍劇,1
挑戰歐,1
掙扎,1
提名,1
播出,1
方給,1
日化,1
早點,1
星光,1
星期,1
最後再,1
歐,2
此片,1
毫無懸念,1
沒劇,1
準備,2
漫長,1
特殊化,1
獎成,1
男主角,1
當歐,1
知名,1
答案,1
結合,1
美國化,1
考慮,1
耐心,1
臉型,1
臉成,1
花月,1
許久,1
評委講解,1
變,1
超高,1
身形,1
轉職,1
辻一弘,3
退休,2
送件,1
過程,1
邱吉爾蓋瑞歐,1
部中選,1
重出江湖,1
重播,1
雕塑,1
電影界,1
電影開,1
靠,1
項亞洲,1
頻道,1
願意,1
首位,1
點與點,1
10,1
一定,1
作品,3
入圍,1
典禮,1
年,2
說,1
使用,1
廣為,1
登場,2
獎,1
獲得,1
稱,1
重新,1
情深,1
最佳影片,4
水底,1
群眾,1
意外,2
拿到,1
新聞刊,1
片,2
相關,1
立即,1
％,2
單位,1
政治,1
時間,1
最大,1
無法,1
未,1
為,1
擴大到,1
方式,2
最受,1
重,1
奇幻,1
90,2
劇院,1
屆,2
杜比,1
能夠,1
這種,1
這讓,1
進行,1
部,1
制度,1
改為,1
每年,1
獎落家,1
獎項,1
19341945,1
2010,3
25,1
7258,2
75,1
B4,1
一大,1
不同,1
不高輪,1
之爭,1
今天上午,1
今早,1
何片,1
偏好,1
停,1
優點,1
兩強,1
凝聚,1
分散,1
分配,1
劇情片,1
勝出,1
半數,1
台灣,1
名會員共識,1
名會員輪,1
名票,1
名該,1
啟用,2
喜好,1
喜歡,1
圍部,1
外界,1
姿勝出,1
年入,1
年間,1
強烈,1
影片,1
得票,2
應,1
應用,1
或,1
投票,3
投票制,1
投票者,2
排名,1
排序,2
推測,1
擺,1
支持,2
數人,1
明明,1
是,1
時少數,1
最少,1
有,1
機制,1
機率,1
淘汰,1
獲勝,2
產生,1
矚目,1
確保愛第,1
票,2
票數,1
票選,2
第二,1
簡單,1
統計名,1
至多,1
若,1
複,3
計票,1
認可,1
認可為,1
輪,1
輪過,1
這套,1
進到,1
過半,1
過後來,1
達共識,1
選出,2
選制,2
選票,2
選範圍,1
選舉,1
避免,1
防黑馬,1
高者,1
黑馬,1
點好萊塢,1
年,1
拿下,1
演出,1
精彩,1
影帝,1
話,1
片,2
逮捕,1
一個,2
登上,2
參與,1
曾,1
為,1
男星,1
感到,1
該,1
男主角,1
23,1
上映,1
事業,2
以此,2
作家,1
入獄,1
公平,1
公民,1
典型,1
出獄,1
出生,1
劇場界,1
劇而聲,1
南方,1
卡梅爾,2
可謂,1
名大噪現,1
太威,1
小城,1
巴勒斯坦人,1
巴沙,2
布萊,1
希特,1
待遇,1
德國劇,1
忿忿不平,1
戲,1
抗爭,1
攻防,1
政府,1
文青,1
日台,1
權益,1
欠,1
爭取,1
片將,1
發展,1
盛時,1
耶路撒冷,1
自小,1
街頭,1
輕氣,1
轉赴,1
道歉,2
遭,1
遭受,1
遭言語,1
霸凌討,1
顛峰,2
作品,1
圖,1
打造,1
GaryOldman,1
受,1
影帝,1
德曼,2
獎,1
復,1
流行,1
贏得,1
手中,1
當時,1
為,1
真實,1
演技,1
男星,1
90,1
屆,1
演活,2
金像,1
鏡,1
時刻,2
系列,1
英國,1
蓋瑞,2
讚,1
邱吉爾,3
黑暗,2
～,1
歐,2
,1
"""",1
1965,1
5827,1
BreguetNo.765,1
DarkestHour,1
Marine,1
SirWinstonChurchill1874,1
Turnip,1
‧,2
【,1
】,1
一只,1
一款,1
主人翁,1
以電影,2
價約,1
刻懷,1
前英國,2
回到,1
圓菜頭,1
奇,1
寶璣,1
寶璣為,1
寶璣計,1
愛寶璣,1
懷,1
懷中摯,1
時碼,1
最為,1
消費,1
現代,1
私人物品,1
精湛,1
精準廣,1
耐用,1
航海,1
菜頭,1
襯,1
譽,1
蹟,1
還原,1
邱吉爾圓,1
邱吉爾寶璣懷,1
邱吉爾稱,1
重視,1
錶,5
隨之入,1
首相,2
典禮,1
工作,1
獎頒獎,1
使用,4
品牌,1
搭配,1
月,1
登場,1
經典,3
製,1
精,1
緻,1
點,1
大使,1
立即,1
女星,1
展現,1
服,1
流行,1
白色,1
禮服,1
訂,1
香奈兒,4
小丑,1
艾,1
MargotRobbie,1
包含,1
為,1
玫瑰,2
’,3
禮,1
刺,1
90,1
做,1
屆,1
穿著,1
金像,1
自然,1
妝,3
部分,1
成為,1
瑪,1
羅,2
,2
‧,7
【,1
】,1
消費,1
#,1
414,1
COCO,1
Kiehl,3
RachelGoodwin,1
上妝瑪格,1
乾燥,1
以絕,1
佩戴,1
保養,3
修護,1
充滿,1
光澤感,1
兒,1
兩用,1
典雅,1
創作長,1
卡爾,1
史東,2
史東妝前,1
史東妝容,1
吸,1
呈,1
唇,2
唇膏,1
唇部,1
喜愛的,1
喬其紗,1
塢,1
女瑪格,1
好,1
妝容,1
姐,1
姐兒,1
容,1
彩鬥,1
感甜,1
成,1
打底,1
拉格,1
推出,2
搽,1
改善,1
斐,1
新任,1
新春,1
日前,1
春妝,1
暗沉,1
更好,1
最新,2
服貼,1
果凍,1
柔霧,1
梨,1
比身,1
毯,1
氣色,1
氣褲,1
水潤眼,1
清新,1
溫柔,1
焦,1
珠寶現,1
現半霧面,1
甜,1
產品,2
百搭,1
皮膚,1
眼霜,1
睛,1
瞬效,1
精油,1
紅,1
絕佳好,1
繡,1
美國洛杉磯,1
美禮服,1
美紅毯,1
肌膚,1
舉行眾,1
色彩,1
艾瑪,3
艾瑪帥,1
萊,1
號護,1
裝紅潤頰,1
裸色,1
訂作,1
足妝前,1
身紅毯,1
酪,1
量身,1
鐵粉,1
露,1
面膜,1
頰,2
高級,2
年,1
影后,2
事情,1
偷,2
獎座,2
小金人,3
曼,1
法蘭西絲,1
麥朵,1
不想,1
決定,1
之,1
方面,1
西絲,1
舉辦,1
影藝學院,2
事後並,1
仍然,1
偷走,1
嚴正,1
媒報,1
導法蘭,1
恐入,1
恐面,1
泰瑞偷,1
泰瑞布蘭,1
災外,1
特因,1
獄,1
竊行,1
笨賊,1
臨牢獄,1
處理,1
追究,1
頒給權,1
說,1
前妻,2
報導,1
德曼,2
施暴者,2
柯比,2
稱,1
蓋瑞歐,2
運動,1
再度,1
已經,1
控訴,1
看到,1
頒,2
本屆,1
蓋瑞,2
奧斯卡典,1
,1
#,1
改善,1
MeToo,1
不滿,1
並怒,1
中槍,1
出面,1
君子,1
唐婭,2
外媒,1
奧斯卡應,1
封帝,2
恭喜,1
情況,1
批,1
獎給,2
發偽,1
禮上,1
費倫蒂諾,1
躺,1
酸,1
開腔,1
頒給位,1
流行,1
玫瑰,1
男星,1
時刻,1
系列,1
"""",1
【,1
】,1
消費,1
錶,1
326,1
StarClassique,1
萬寶龍,2
袖,1
襯榮耀,1
金自動腕,1
陪,1
魅力,1
影后,3
說,2
偷,1
影帝,1
德曼,1
新科,1
歲,1
蓋瑞歐,1
這是,1
主席,1
晚宴,1
獎座,3
47,1
小金人,4
拿獎,1
曼,1
法蘭西絲,3
泰瑞布蘭特,1
男子,1
臉書,1
警方,1
逮捕,1
麥朵,1
出,1
態度,1
反應,1
一名,1
音樂,1
成就,1
成為,1
獲獎,1
影片,2
,1
偷走,1
PO,1
偷竊,1
囂張,1
大放厥,1
失竊,1
妙法,1
幫忙,1
拿走,1
最後由,1
蘭西絲,1
贓物,1
超,1
辭,1
還在,1
還給,1
鐵證,1
隨後就,1
一直,1
中,4
人物,1
好萊塢,2
年,2
沒有,1
說,2
寫,1
心目,1
歲,2
父親,1
角色,1
話,1
非常,1
直接,1
鬆,1
不,1
分離,1
小金人,1
一個,2
亮點,2
令人,1
功力,1
展現,1
贏得,1
走,1
同志,1
名字,4
呼喚,4
政治,1
最大,1
無法,1
發揮,1
主角,1
失望,1
完全,2
已經,1
希望,2
演員,2
這部,2
別,1
看到,1
表演,1
世界,1
所謂,1
故事,2
暗喻,1
那種,1
開來,2
雕像,1
太多,1
很多,1
有點,1
演技,1
男,1
做,1
抗拒,1
變成,1
這種,1
開心,1
我,1
珍貴,1
痛苦,1
美的,1
部分,1
音樂,2
之間,2
個,1
每個,1
鋪,1
一生,1
今天,1
歐,1
支持,1
是,1
有,1
作家,1
典型,1
發展,1
"""",1
【,2
】,2
重視,1
情況,1
-,3
1983,1
2007,1
Aciman1951,1
Andr,1
Elio,1
ElioOliver,1
LucaGuadagnino1971,1
Oliver,1
Timoth,1
eChalamet1995,1
youhadabeautifulfriendship,1
é,2
一切都是,1
一席,1
一幕,1
一段,1
一顆,1
一首,2
一體,1
不多見,1
中並,1
中展,1
中盡情,1
中緩,1
中觀,1
中逐漸,1
中連綿,1
之外,1
例子,1
傑出,1
內,1
六週,1
冉冉升起,1
出神入化,1
刺激,1
刻畫,1
副刊,1
劇本,1
動細膩,1
包裝,1
北部,1
十七,1
南,1
原著,1
反抗,1
同名,1
名導演,1
含蓄,1
呼聲,1
哭泣,1
唯美,2
境,1
夏勒梅,1
夏天,1
多心,1
夢,2
夢似,1
夢境,2
夢幻,1
大利,2
奏,1
奔放,1
奧利佛,1
奧斯卡獎,1
安德烈,1
宛如,1
密碼,1
專欄,1
對川,1
對川普,1
小小的,1
小說,1
小鎮,1
已經成,1
帶來,1
幾分鐘,1
廿四,1
彌足,1
影評,1
得到,3
心種,1
心靈,1
情節,2
意境,2
意料之中,1
愛情,2
愛的,2
感動,1
感情,1
慵,1
應有,1
應當,1
懶夢幻,1
手掌,1
打動,1
抒情,1
探,1
揉碎,1
描寫,1
提摩西,1
攤開,1
改編,1
改編獎,1
散,1
整個,1
新星,1
昇,1
普反擊,1
更加,3
最後那,1
最後那個,1
有夠,1
朦朧,1
本來,1
格美學,1
桃子,1
框架,1
榮譽,1
歐風情,1
正確,1
氣氛,1
浪漫,1
浮現,1
浸潤,1
淋漓,1
淡淡,1
渲染,1
演繹,1
焦點,1
熱情,1
父子,1
王丹,1
王丹許,1
現在,1
現得,1
理念,1
環境,1
盡情,1
盡致,1
盧卡格,1
真切,1
真情,1
真的,1
矜持,1
短短,1
程度,1
種動作,1
節奏節,1
細膩,1
結局,1
絕夢境,1
經由,1
緩綻,1
義,2
背景,2
自由,1
自美國,1
舊能夠,1
艾席,1
艾里,1
華,1
蒙,1
融為,1
表情,1
表面,1
被川普,1
覺得,2
詩整,1
詩的,1
語言,1
談話,1
超越性,1
路線,1
這不僅,1
這在,1
這實,1
這就,1
遊戲,1
達,1
達戈尼諾,1
鄉間,1
關性,1
關注,1
陳,1
難忘,1
難道,1
震撼,2
震撼人心,1
靈悸,1
風格試,1
高僅僅,1
高潮,1
點到,1
好萊塢,1
年,1
拿下,1
移民,3
種族,1
說,1
藝術,1
事情,1
多年,1
更,1
表示,2
20,1
吉勒,2
墨西哥,4
導演,5
情深,2
摩戴托羅,2
歡迎,1
水底,2
繼續,1
一個,1
時,1
感謝,1
致詞,1
已經,1
美國,1
領獎,1
首度,1
別,1
包括,1
演獎,2
則是,1
應該,1
故事,1
生活,1
男迷宮,1
羊,1
做,2
這種,1
戴托羅,1
不用,1
系列,1
,1
一段,1
愛情,1
環境,1
三傑,3
不明,1
人導演,1
傲人,1
創造,1
勢力,1
卓崗,2
啞女,1
國家區,1
圖稱,2
地心引力,1
地獄,1
太平洋,1
奧斯卡導,1
室裡,1
實驗,1
導演獎,1
工會,1
怪客,1
怪獸,1
感性,1
成績,1
戴托羅是,1
拍真好,1
控執導,1
描述,1
搶,1
搶座,1
昨順利以,1
最偉大,1
札,2
柯朗,2
消除,1
清潔婦,1
獎座導,1
環,1
生物,1
界線,1
皆知,1
眾所,1
神年,1
等片,1
自豪,1
艾方索,2
行業,1
觀察站,1
角逐,1
身份,1
這股,1
阿利安,2
隔,1
離人們,1
雷伊納利,2
鳥,1
作品,2
入圍,2
加上,2
好萊塢,1
愛,1
拿下,2
社會,1
記者,1
藝術,1
動畫,1
得獎,1
更,1
歲,1
獲得,1
真正,1
吉勒,2
墨西哥,3
大方,1
導演,1
情深,3
摩戴托羅,2
水底,3
直接,1
創,3
去年,1
意外,2
改變,1
認為,1
女人,1
女性,1
符合,1
事件,1
信封,1
可可,1
同志,1
名字,1
呼喚,1
夜總會,1
影響,1
提到,1
政治,2
主角,1
美國,1
後,1
性侵,1
思考,1
探討,1
90,1
事,1
力量,1
心中,1
某種,1
原創,1
家庭,1
揭曉,1
本屆,1
贏家,2
比起,1
繞,1
之間,1
成為,1
獲獎,1
裡,1
近年,1
外界,1
影片,2
投票者,1
,1
#,1
MeToo,1
一段,1
愛情,1
整個,1
正確,1
程度,1
描述,1
不住,1
不思議,1
不謀而合,1
主義種,1
主義試,1
亡靈節,1
人心,1
人獸,1
但,1
作者,3
值得注意,1
做出,1
元素,2
其劇本,1
別者,1
前獎,1
創作,1
創作時,1
劇本屬,1
包覆,1
原先,1
反映,1
取材,1
受光,1
叛逆,1
名單,3
吹,1
味道,1
單時,1
嗅出,1
回應獎,1
圖美國,1
外語,1
多元化,1
大美國,1
太白,1
好比,1
左右,1
引子,1
得,1
性少,1
戀,1
打,1
抨擊,1
提倡,1
擋,2
改編劇,1
放大,1
數人權,1
族,1
時主動,1
普本屆,1
普總統,1
本獎,1
格外,1
歌曲,1
熱門,1
片獎,1
特稿,1
狠狠,2
獎名,1
獎敵,1
現今,1
現況,5
環圍,1
異色,1
看,1
確性,1
穿透,1
築牆,1
絕命,1
總揮,1
臉川,2
自本屆,1
處處,1
被,1
許世穎,1
譽導演,1
貽笑,1
起,1
跨性,1
輸給,1
送錯,1
逃出,1
這波,1
運用,1
鎮正,1
陰霾,1
項大獎,1
風潮,1
鬼才,1
／,1
愛,1
拿下,2
社會,1
語片,2
說,1
執導,1
首座,1
前妻,1
一起,1
上台,1
得知,1
獎座,1
帶,1
意外,1
片,1
女人,3
女性,1
感謝,1
智利,4
領獎,1
奧,1
多部,1
很多,1
鄙視,1
開心,1
成功,1
獎該,1
激動,1
獲獎,1
影藝學院,1
情片,1
,1
描述,1
不思議,3
別者,1
跨性,3
上年,1
之光,1
之餘,1
俄羅斯當,1
出線,1
別議題,1
匈牙利,1
厚,1
多天,1
夢鹿情,1
奧斯卡外,1
奧蘭,1
奪外,2
家人,1
導演賽,1
巴斯蒂安,2
強片,1
性別,1
悲痛,1
愛不見,1
愛情劇,1
愛能夠,1
打敗,1
承受,1
抓狂,1
揭露,1
演員丹妮,1
演跨,1
為國,1
爭光,1
獎座賽,1
瑞典,1
瑪蓮娜,1
男友,2
第一座,1
紀比,1
美術館,1
耶拉維加飾,1
著劇組,1
處境,1
語片獎,1
謎,1
這座,1
過世,1
還得,1
雷里,1
登場,1
更,1
鬆,1
奧斯卡紅毯,1
禮服,2
身穿,1
造型,1
清新,1
新星,1
下襬,1
不好,1
人意,1
但緞,1
像是,1
凸,1
剪裁,1
圍潛力,1
女衣,1
婦瑟夏羅南,1
差強,1
平口,2
懷孕婦,1
拖地,1
整體,1
有如,1
氣質,1
浴袍,1
淑女,1
激凸,1
瑟夏激,1
瑟夏羅南,1
粉嫩,2
粉紅色,2
糗,1
網友,1
胸部,1
蓬,1
虧孕,1
還酸,1
青春,1
面材質,1
顏色,1
駕馭,1
鳥入,1
更是,1
知道,1
意外,1
女星,1
展現,1
弄,1
珍妮佛,3
紅毯,1
完全,1
粉絲,1
行為,1
跨,1
開心,1
本屆,1
成為,1
是否,1
焦點,1
表情,1
不停,1
來賓,1
喇,2
嗨,2
堪稱,1
太茫,1
她還,1
性情,1
手舞足蹈,1
拉起,1
撩裙,1
擠眉,1
椅子,1
直爽,1
眼,1
端酒,1
索性,1
裙,1
襬,1
討論,1
逗趣,1
開腿,2
飲酒,1
入圍,1
合作,1
奪下,2
年來,1
影壇,2
機會,1
說,1
身為,1
大獎,1
月,1
製,1
動畫,2
布萊恩,1
更,1
柯比,1
球星,2
短片,3
20,1
分鐘,1
小金人,3
第一,1
證明,1
政治,1
新聞,1
希望,1
領獎,1
首度,1
故事,1
刺,1
奪,1
一名,1
走向,1
詹姆斯,1
上,1
擁有,1
宣布,1
獎成,2
退休,3
首位,1
影片,1
,1
感動,1
改編,1
NBA,3
一封信,1
上個,1
不俗,1
不該,1
任,1
值得一提的是,1
做事,1
冠軍戒,1
參加感,1
嗆,1
嘴運球,1
基恩,1
外忘諷,1
多藝,1
奧斯卡動畫,1
妻兒,1
布萊恩榮,1
布萊恩籃,1
布萊恩親,1
師葛連,1
很榮幸,1
新聞網,1
時除,1
格拉,1
殷,1
湖人隊,1
漢隔,1
為史,1
無數,1
爽握,1
獎布萊恩,1
獲奧斯卡動畫,1
球員難,1
球界,1
監,1
福斯,2
稍微,1
空爆,1
笑言籃,1
籃球,4
籃球員,1
粉絲外,1
網主播,1
職涯,1
自布萊恩,1
自擔,1
表現,1
親愛的,2
評論,1
詹皇,1
講述,1
謝大會,1
轉戰,2
迪士尼,1
退役,1
運動員,1
運球,1
選手,1
配音,1
閉上,1
閉嘴,1
中,1
典禮,2
好萊塢,1
影后,2
金球,1
大型,1
搭配,2
登場,5
唯一,1
明星,1
sUp,2
馬,2
一襲,1
不再,1
亮片,1
加朵,2
勞倫斯,1
同樣,1
基嫚,2
奧斯卡紅毯,2
女性,2
女星,3
女超人,1
妮可,2
展現,2
性,1
性感,3
服裝,1
珍妮佛,3
白色,2
神力,1
禮服,3
穿,3
紅色,1
艾瑪史,2
蓋兒,2
蝴蝶,2
豔,2
走,1
身穿,4
鍊,1
出,2
小丑,1
得主,1
擔任,1
短,1
未,1
現身,2
Time,2
’,2
受邀,1
各式,1
控訴,1
昨在,1
東,1
演獎,1
造型,1
黑衣,1
刺,1
長,1
90,1
劇院,1
屆,2
杜比,1
洛杉磯,1
髮,1
本屆,1
上,1
部分,1
星光,1
身形,2
不同,2
,3
皮膚,1
繡,1
焦點,1
路線,1
剪裁,1
平口,1
氣質,1
顏色,2
裙,2
襬,2
不失,1
並未,1
中間,1
乖乖女,2
乾淨妝容,1
以西,1
以銀色,1
俐落,1
修飾,2
凸顯,1
勞倫斯以,1
十分,1
各色,1
圍導,1
奇鬥,1
女人味,1
女瑪格羅比則,1
嫩白,1
嫵媚,1
寶藍禮服,1
寶藍色,1
小露,1
展峰,1
帶洋裝,1
微,1
心裁,2
情辣,1
拚蓋兒,1
拼接,1
搶眼,2
散發,1
暴延燒,1
東有別,1
氣質入,1
洋裝,3
活動成,1
流蘇洋,1
流蘇配,1
深細肩,1
澳洲,1
獎眾星,1
現高衣,1
瑪格羅比以,1
甲式,2
相當,1
石項,1
硬性,1
禮服爭,1
穿刺,1
立體,1
素雅,2
結別,2
繡黃色,1
美腿,1
胸前,1
胸針,1
腰際,2
自覺,1
致意,1
色,1
葛莉塔潔,1
葛莉塔潔薇,1
薇,1
藍寶鑽,1
衣服,1
裙裝現,1
裝,1
裝展,1
褲帥氣,2
西裝,1
西裝配,1
規定,1
超深,1
超閃,1
近期,1
配戴,1
銀幕,1
銀色,3
開襟,1
開高衩則,1
隱若現,1
集體,1
露酥胸,1
頂,1
騷風,1
鮮,1
黃,1
黑,1
黑漆漆,1
中,2
身為,1
登場,1
紀錄,1
史翠普,1
意外,2
發現,1
再度,1
奧斯卡紅毯,1
禮服,1
紅毯,1
選擇,1
戴,1
造型,3
髮,1
上,1
撞,2
,1
傲人,1
網友,1
討論,1
逗趣,1
21,1
一身,1
一轍,1
刷新,1
史瑞克,3
圍奧斯卡,1
大器,2
大紅色長,1
如出,1
常客,1
度入,1
掀起,1
教母,3
普紅毯,2
梅姨大紅,1
梅姨梅莉,1
梅莉史,2
畫片,1
盤,1
眼尖,1
眼鏡,1
知性,2
神仙,3
簡約,1
細框,1
翠,2
臉,2
與動,1
起頭,1
典禮,1
好萊塢,1
影壇,1
互動,1
全球,1
製,1
觀眾,3
鼓勵,1
發聲,1
上台,2
明星,5
MeTooTime,1
sUp,1
主持人,1
去年,1
片,1
突然,1
觀賞,1
一個,1
加朵,2
女性,1
女星,1
女超人,2
海耶克,2
神力,1
蓋兒,1
主持,1
吉米,6
基墨,4
女瑪格羅比,1
小丑,1
戲院,5
捲,1
時間,1
當時,1
艾,1
請,1
隔壁,1
不少,1
現身,1
’,1
勇敢,1
多元,1
安娜,2
平等,1
拉西,2
斯,1
歐拉,1
貝,2
一名,1
劇院,2
包容,1
杜比,2
笑,1
段,1
讚,1
宣布,1
眾星,1
,3
起,1
網友,1
嗨,2
逗趣,1
相當,1
一群,1
一開場,1
下位,1
亂入,1
介紹,1
侵,1
允諾會給,1
全場,1
典禮會場,1
前排,2
反傳統,1
可能性,1
右一,1
右二帶,1
同步,1
哈,1
團亂入,2
坦,1
夜晚,1
尷尬,1
左,1
巨型,1
帶遊客,1
帶領,1
德,1
性騷性,1
打招呼,2
持續,1
挑大梁,1
揪,1
旁,1
暴動,1
橋,1
歐拉和莎瑪,1
正要,1
溫,1
熱狗,1
爪,1
狼,1
玩超,1
現場,1
生澀,1
發,1
發糖,2
皺,1
目前,1
禮會場,1
積極,1
維,1
繼,1
艾米漢默,1
艾許莉,1
莉,1
褶,1
見,1
視訊,2
觀眾互,1
觀禮,2
許,1
賈,1
賈德莎瑪,1
賦予,1
進典,1
遭淫,1
還抬出,1
隨機,1
零食,1
電影外,1
領蓋兒,1
風潮席,1
魔,1
一舉,1
奪下,1
橫掃,1
裔,1
親情,1
感受,1
特別,1
該片,1
動畫,3
獎,2
表示,1
非常,1
勇奪,1
墨西哥,3
導演,1
寶貝,1
小金人,1
片,1
透過,1
老,1
闆,1
可可,4
夜總會,4
引起,1
感謝,1
文化,1
風光,2
主角,1
原創,3
11,1
一位,1
之間,1
共,1
參加,1
獎項,1
此片,1
影片,1
帶來,1
等片,1
歌曲,4
片獎,1
打敗,1
講述,1
RememberMe,1
亡,1
個大獎,1
動無數,1
反在,1
反彈,1
可貴劇,1
各大動畫,1
奧斯卡上,1
奪動畫,1
小男孩,1
巨大,1
恩克,1
情感,1
想美墨,1
懸念,1
拉丁,1
擒,1
昨更,1
普曾,1
更顯,1
本屆動,1
李,1
歌唱,1
比賽,1
演藝圈,1
熱愛音樂,1
獎美國,1
瑞奇致,1
畫長,2
皮克斯,1
突出,1
總統川,1
萌牛費,1
蓋,1
藉此,1
觀眾成,1
詞時,1
貢獻,1
迪南,1
連奪動,1
陸續,1
雙喜,1
靈節,1
首部,1
高牆,1
入圍,1
好萊塢,1
工作,2
年,1
拿下,1
機會,1
30,1
打造,1
搭配,1
檔,2
特效,2
該片,1
電,1
首座,1
唯一,1
德曼,4
獲得,1
真正,1
蓋瑞歐,3
上台,2
朋友,1
員,1
小金人,3
片,1
難以,1
搭,2
時,2
結,1
感謝,1
參與,1
接下,1
為,2
領獎,2
首度,1
完美,1
演技,2
近,1
化妝師,2
要求,1
髮,2
前年,1
該,1
妝,3
時刻,2
邱吉爾,1
黑暗,2
2012,1
事藝術,1
特殊化,3
男主角,1
辻一弘,3
退休,1
雕塑,1
電影界,1
奇,1
蹟,1
左,1
傑,1
出演,1
創造者,1
合成,1
名,2
圓夢擁,1
奧斯卡妝,1
妝蓋瑞歐,1
年度,1
影圈,1
拒接,1
接演,1
改從,1
旅程,1
日籍,2
牽線,1
獎亞洲,1
盡責,1
直呼,2
真,1
真特別,1
硬,1
終於以,1
置信,1
美夢成,2
蓋瑞強,1
藝術家,1
被譽,1
該戲,1
說服,1
辻一弘喻,1
這份,1
這趟,1
重返,1
一直,1
以,1
入圍,1
典禮,1
女主角,2
年,1
拿下,4
說,2
剪輯,2
史匹柏,1
史蒂芬,1
執導,2
技術,1
效果,1
混音,1
特效,1
音效,1
鼓勵,1
13,1
事情,1
子,1
得獎,1
更,1
獎,1
獲得,1
表示,1
這是,1
非常,1
14,1
2049,1
上台,2
克里斯多,1
吉勒,2
墨西哥,1
導演,4
情深,5
最佳影片,3
次,1
殺手,1
水底,5
狄金斯,1
聽,2
輕,1
開,1
主持人,1
去年,3
可能,1
小金人,1
意外,1
片,1
男配角,1
發現,1
立即,1
再度,1
時,2
信封,1
台上,1
吉米,1
名字,1
唐娜薇,2
基墨,1
搞笑,1
檢查,1
獎者,1
調侃,1
想,1
為,1
透露,1
首度,1
包括,1
開場,1
頒,1
頒發,2
世界,2
奇幻,2
完美,1
獎時,2
真實,1
莎莉,1
霍金斯,1
告訴,1
演技,1
記得,1
長,1
90,2
事,1
做,1
屆,2
感到,1
驕傲,1
髮,1
你,1
原創,1
戴托羅,3
本屆,1
笑,1
贏家,1
上,1
他將,1
妝,1
拍,1
攝,2
昨終,1
時刻,1
獎獻給,1
美術,1
黑暗,1
宣布,1
成為,2
每個,1
獎項,1
獲獎,1
發生,1
提名,1
男主角,1
分配,1
喜歡,1
應,1
,2
夢,1
得到,1
感動,1
正確,1
名單,1
項大獎,1
糗,1
逗趣,1
相當,1
致意,1
..,1
一份,1
一扇,1
一部分,1
主要,1
便,1
傲語,1
傳承,1
全場眾,1
再三,3
出現,1
前史,1
劇組,1
動則,1
匹柏對,1
回鍋,2
場面,1
外國片,1
外星人,1
夫諾蘭,1
尚有,1
左領,1
平均,1
幾周,1
引以,1
影視覺,1
從業者,1
心吻,1
感人,1
我想,1
找回,1
技術獎,1
拍手,1
拍片,1
拭,1
提右起,1
提與費,1
摩戴托羅開,1
摩戴托羅領,1
攝影羅傑,1
敦克爾克大行,1
敦片,1
昨,1
比堤,1
水片,2
淚本屆,1
獎緊,1
獎華倫比,2
獎銀翼,1
獎領,1
獲得座,1
畢回,1
發大獎畫,1
確定,1
確認,2
站台,1
與費,1
落幕,1
著鏡頭,1
衝,1
認,1
說當,1
贏家華倫,1
起立,1
跑,1
踢,1
追,2
進來,1
還把,1
還確,1
配樂,1
金大,1
門把門,1
隨夢想,1
雙金,1
面相,1
頒錯,2
中,2
以,1
入圍,1
好萊塢,4
年,2
座,1
影后,2
拿下,1
演出,2
種族,1
影帝,3
德曼,3
更,1
歲,3
蓋瑞歐,3
表示,2
角色,1
運動,1
sUp,1
小金人,2
意外,3
曼,1
法蘭西絲,5
片,1
麥朵,3
令人,1
女性,4
女星,1
時,2
珍妮,1
皆,1
老,1
艾莉森,1
台上,1
奪得,1
媽媽,2
感謝,1
不少,1
主角,1
希望,1
領獎,1
首度,3
Time,1
’,1
包括,1
平等,1
性侵,1
男女,1
議題,1
60,1
三部曲,1
接受,2
故事,2
獎時,1
威爾,1
山姆,1
洛克,1
演技,2
演過,1
男星,1
長,1
1997,1
90,1
保障,1
冰血暴,1
包容,1
圍,1
封后,3
屆,1
憤怒,1
條款,1
熬,1
資助,1
邀請,1
開心,1
需要,1
鼓掌,2
感激,1
59,1
99,1
上,1
前首相,1
哈利波,1
回家,1
天狼星,1
我要,2
時刻,2
特,1
系列,1
致敬,2
英國,1
蓋瑞,1
邱吉爾,4
騎士,1
黑暗,3
不可,1
事前,1
獲獎,1
權益,1
精湛,1
封帝,1
感性,1
獎名,1
家人,1
講述,1
21,1
度入,1
魔,1
昨,1
起立,2
一角,2
不攏,1
並向,1
中好,1
中替,1
二戰,1
代表作,1
伸冤,1
保障性,1
則由,1
劇情,1
印象,1
合影,1
呼籲,1
唯妙唯肖,1
喊話,2
單,1
嘴,1
圍終,1
多關,1
夥伴,1
奧斯卡帶,1
女兒,1
容扮,1
富豪,1
左起,1
帝向,1
影行動,1
思議,1
應訂,1
拒演,1
指演,1
揭曉得,1
揮舞,1
摘下,1
攻下,1
放下,1
於,1
旅行,1
昨獲,1
時期,1
晚入,1
曼以,1
曼女配,1
曾多次,1
最後則,1
未果,1
正中,1
正色,1
毀容,1
深刻,1
男配,1
白紙,1
盛行,1
眾人,1
笑合,1
緊扣,1
蓋瑞稱,1
藝契約,1
裡易,1
變色,1
近來,1
逐帝,1
這段,1
邀當,1
邱吉爾諜,1
金台,1
鍍,1
附加,1
雙手,1
高喊,1
高登局,1
黑字,1
龍美稱,1
影后,1
愛,1
搭配,2
經典,1
觀眾,1
朋友,1
反性,1
繼續,1
重點,1
騷擾,1
HarryWinston,1
不再,2
基嫚,1
奧斯卡紅毯,3
女人,1
女星,4
妮可,1
展現,2
氣勢,1
禮服,2
穿,1
鍊,1
黑色,1
放棄,1
現身,1
盛會,1
最好,1
美的,1
參加,1
佩戴,1
色彩,1
Armani,1
Chandelier,1
Tulip,1
不輕易,1
依然,3
嵌,1
感,1
手腕,1
於絕,1
最愛可將,1
最愛鑽,1
服繽紛,1
深藍,1
溫斯頓,1
燈式,1
珠寶,1
環鑽戒,1
石吊,1
石手,1
石耳環,1
約定,1
紅毯禮,1
紛呈,1
綜觀,1
緞面,1
纖指,1
耳環,1
臉蛋,1
視線,1
鑲,1
鑽,3
鑽石,1
鑽石手,1
隆重,1
集中,1
顯見,1
風格,1
黑嘛,1
點綴,1
影后,1
意外,1
法蘭西絲,1
寶座,1
封后,1
法蘭,1
登,1
逃出,1
前哨,1
多曼以,1
奪大獎,1
戰,1
手軟,1
絕命鎮,1
西絲麥,1
10,1
問題,1
年,1
作,1
坡,4
登場,1
製,1
該片,2
表示,1
影音,1
事件,1
扛,1
拒絕,1
總統,1
主角,1
出席,1
美國,1
位,1
入,1
敘利亞,3
男人,3
起來,1
洛杉磯,1
生命,1
錄片,2
上映,1
政府,1
遭,1
,1
講述,1
發,1
劇組,1
跑,1
呼籲,1
2011,1
Giloo,1
不顧,1
人民,1
人視,1
人道,1
俄軍持續,1
保衛家,1
入境,1
內戰,3
典禮今,1
典禮時,1
前往,1
創辦,1
卡里姆,1
危險,1
圍紀,1
坡圍,1
城戰下,1
大眾,1
天前,1
廢墟,1
影機,1
戰面,1
拉斯,2
拒簽,1
握有,1
揭敘利亞,1
揭開,2
攔紀,1
攻奧,1
敘利亞內,1
權力,1
欲,1
此導,1
法耶德,1
演盼,1
演菲,2
爆發,1
生,1
發帶,1
發聲明,1
白盔,2
目睹,1
看見,1
真相,3
穆罕默德,1
空襲,1
紀實,1
紗導,1
組成,1
給予,1
而戰,1
聯合,2
自發,1
荒涼,1
著攝,1
藝術家們,1
角出,1
訴說,1
試圖,1
護照,1
轟炸,1
遭阻,1
部隊,2
鄉導,1
阻止,1
阿勒,5
阿薩德,1
阿貝德,1
面紗,2
領觀眾,1
一舉,1
入圍,1
奪下,1
影后,2
獎頒獎,1
全球,1
登場,1
項,1
13,1
布萊恩,1
德曼,1
球星,1
導演,1
情深,1
最佳影片,1
水底,1
意外,1
服裝,1
價值,1
新聞,1
資深,1
霓裳,1
魅影,1
短,1
故事,1
90,1
屆,1
金像,1
贏家,1
時刻,1
英國,2
黑暗,1
"""",1
DarkestHour,1
首相,1
得,1
NBA,1
年度,1
嘴,1
TheShapeOfWater,1
ThreeBillboardsoutsideEbbing,1
不斐,1
典禮日,1
原配,1
合不攏,1
因致,1
布萊恩握,1
布里奇斯,1
影藝界,1
心得,1
扣風光,1
描繪,1
摩托,1
榮獲,1
樂美術,1
水上,1
海倫米蘭前,1
演員蓋瑞歐,1
獲贈,1
盛事,1
稱帝,1
絲入,1
美人,1
美國劇,1
職籃,1
裝設,1
計師,1
設計並,1
設計獎,1
詞時間,1
車抱,1
邱吉爾絲,1
金人,1
鍍金開,1
10,1
作品,1
女主角,1
拿下,1
影帝,1
德曼,1
蓋瑞歐,1
吉勒,1
墨西哥,1
導演,1
情深,1
摩戴托羅,1
最佳影片,1
水底,1
意外,1
曼,1
男配角,1
麥朵,1
女配角,1
珍妮,1
老娘,1
艾莉森,1
走,1
設計,1
山姆,1
洛克,1
90,1
屆,1
抱,1
金像,1
揭曉,1
時刻,1
美術,1
西絲,1
黑暗,1
～,1
名單,1
配樂,1
/,2
20183,1
一周,1
兩大獎,1
名導,1
四座,1
大事,1
威爾則,1
榮登,1
獎得獎,1
獎法蘭,1
獲選,1
譚雅,1
作品,1
典禮,3
年,2
座,1
裔,1
作,2
品牌,1
影,2
特別,1
經典,2
藝術,1
製,2
首座,2
多年,1
心目,1
墨西哥,1
導演,3
去年,1
透過,1
馬,1
女性,1
獎的,1
腕表,1
坐,1
擔任,1
文化,1
40,1
主角,1
演員,1
包括,1
斯,1
方式,1
演獎,1
世界,2
則是,1
90,1
倒,1
能夠,1
資助,1
過去,1
邀請,1
金像,2
一部,1
屆典,1
詹姆斯,1
團隊,1
拍,1
畫面,1
對外,1
成為,2
過往,1
首位,1
不同,2
影片,4
呈,1
日前,1
-,2
傑出,1
榮譽,1
背景,1
卓崗,2
札,2
阿利安,2
性別,1
配戴,3
銀幕,1
落幕,1
聯合,1
.,1
2019,1
57,2
AcademyMuseumofMotionPictureArtsandSciences,1
AlejandroG,1
Dweller,1
Greenroom,1
KathrynBigelow,1
MartinScorsese,1
Master,1
OysterPerpetualSky,1
OysterPerpetualYacht,1
Rolex2017,1
rritu,1
á,1
ñ,1
…,1
丁史,1
三名,1
三年,1
下導,1
中勞,1
中定,1
代言人,3
休息室,1
保存,1
入鏡,1
共贏,1
凱薩琳,3
出品,1
創始,1
力士,8
勞,5
博物,4
卡麥隆,1
危機,1
史料,1
名作,1
四位,1
回溯,1
大師級,1
學,2
將會,2
巨導,1
恒久,1
想法,1
探究,2
擁,1
擔任勞,1
攜手,1
攝四人,1
放映,1
數奪,1
族裔,1
更聯合,1
期以,1
柯西,1
構,2
機,2
正式,1
毫米,1
活動,1
獎名導,1
獎長,1
獵人,1
獻,1
瑞士,1
界限,1
畢格羅,2
畢格羅說,1
神鬼,1
禮甫,1
科,2
管理,1
精神,1
義創作,1
致力,3
藝,2
術,2
計及,1
說出,1
象徵勞,1
負責設,1
贊助商,2
跨越,1
重現,1
鐘表,1
開放,1
阿凡達,1
雷伊納利圖,2
電影人,1
電影和電,2
項奧斯卡大,1
預計將,1
館,4
鳥人,1
中,1
更是,1
會,1
演出,1
報導,2
心目,1
歲,1
非常,1
一起,1
吃,1
朋友,1
聽,1
開,1
復,2
來,1
再度,2
帥氣,1
麥克,1
不少,1
出席,2
外型,1
曾經,1
歌手,1
美國,1
共同,1
演唱,1
父母,1
男星,3
合照,1
想要,1
看起,1
拍,2
生日,1
近年,1
外界,1
是,1
艾瑪,3
賈,3
出現,1
危機,2
!,1
27,1
Online,1
PageSix,1
一前,1
一向,1
一度,1
一後離,1
交往,1
人眉來,1
低調,1
保羅歐,1
保護,1
傳出,1
先前,1
其,1
典禮會後派,1
分手,1
前男友,1
受不了,1
合以,1
合唱,4
合越,1
告吹,1
單曲,1
回應,1
團,3
團暴,1
壓力,1
大吵,1
奈特,1
妙麗,1
威廉,1
婚嫁,1
媒體,1
寇特,4
實小爭執,1
崔,1
崔兒子,1
崔兩人,1
崔是,1
崔艾瑪華森,1
席,1
很快,1
忍不住,1
情有,1
戀情,2
戲分,1
才子,1
指,2
指出,1
捕捉,1
故意,1
文斯,1
斯汀,3
新歡,1
新貴,1
最後戀情,1
最近,3
未外,1
歐文斯,4
歡樂,5
正寇,1
此事,1
每次,1
熱戀,1
爆出,1
爆戀,2
爆有,1
特熱戀,1
獨,1
琳娜,2
男神,2
疑似,1
發行過,1
眼去,1
矽谷,1
祝賀,1
科技,1
約會,2
紅期,1
美媒,2
艾瑪華森,3
見過,1
親密,1
許女,1
論及,1
貼出,1
越,1
迄今,1
避人耳目,1
還被,1
鄉村,1
酒吧,2
重戲外,1
鍾,1
隨後在,1
電視劇,1
高大,1
高調,1
典禮,1
好萊塢,1
影后,2
機會,1
沒有,1
大獎,1
兩個,1
前妻,1
家暴,1
布萊恩,1
形容,1
影帝,4
德曼,2
新科,3
柯比,1
歲,2
沒,1
父親,2
英雄,1
蓋瑞歐,2
表示,1
非常,1
大方,1
情深,1
最佳影片,1
水底,1
開,1
主持人,1
兒子,2
最低,1
社群,1
逮住,1
72,2
女人,1
女性,1
海倫米蘭,1
到,1
吉米,1
玩笑,1
總統,2
資深,1
出席,2
已經,1
未,1
立刻,1
美國,1
在,1
挺,2
頒發,1
世界,2
怪物,1
明顯,1
然,1
90,1
事,1
屆,1
想要,1
總,1
成功,1
人生,1
兩位,1
公開,1
巨星,1
成為,1
獲獎,1
外界,1
支持,1
票,1
像是,1
臉,1
一份,1
落幕,1
不化妝妝後有,1
不爽,1
不能,1
之前,1
以外,1
依舊,1
係,1
信力,2
倫提諾炮,1
傳,1
優雅,1
公布,1
冬,1
冬雅蓋瑞離,1
判氣,1
刻意,1
創下史,1
取平,1
大兒子,1
大大,1
妻子,1
婚時,1
子父,1
審先,1
崇拜,1
川普,1
差別,1
帶著,1
影迷,1
性暴力,1
打臉,1
拉低,1
指母,1
推特,1
推特上,1
撕破,1
支持率,1
收視,1
明,1
景仰,1
最差,1
查理,1
根本,1
格列佛,2
權運動,1
氛令,1
沒教養,1
海倫米蘭則,1
漾,1
炒蓋瑞動,1
照片,2
爭,1
現任,1
留言,2
發布素,1
發生關,1
發表公開,1
盛裝,1
簡直,1
粗舊,1
素顏妝,1
統川普,1
網站,1
美,1
老得,1
蓋瑞小飛俠,1
蓋瑞所生,1
蕩,1
親則,1
親友們,1
親帶,1
註,1
調侃現,1
講,1
謝謝史,1
轟本屆,1
金莫,1
開口,1
雅法,1
難過,1
頒獎後派,1
顏妝,1
餘波,1
中,1
人物,1
好萊塢,1
工作,5
歧視,1
沒有,3
演出,1
說,1
金球,1
全球,1
感受,1
概念,1
站,2
受,1
報導,1
尤其,1
指控,1
更,3
沒,3
獲得,1
這是,1
運動,4
不到,1
導演,2
明星,1
群眾,1
離開,1
',1
去年,1
去年底,1
改變,2
有人,1
發現,1
萬,1
透過,2
騷擾,2
不再,1
反倒,1
女人,8
女性,4
女星,2
時,1
紛紛,1
美金,1
陰影,1
全世界,1
到,1
師,1
拒絕,1
政治,1
文化,1
中箭,1
不夠,1
害怕,1
已經,1
想,1
盛會,1
美國,1
Time,1
勇敢,1
包括,1
工作者,2
平等,1
性騷擾,2
男人,6
發起,1
職場,1
艾希莉,1
賈德,1
雜誌,1
世界,2
傳達,1
就,1
年代,1
幾乎,1
故事,1
生活,1
藉,1
告訴,1
近,1
做,1
力量,1
女明星,1
當年,1
聲音,1
誕生,1
進行,1
方面,1
談,1
身體,1
這位,1
一位,1
公開,2
成為,1
祕,1
知名,1
投票,1
有,1
第二,1
可謂,1
爭取,1
#,2
MeToo,2
辭,1
反抗,1
環境,1
語言,1
別者,1
跨性,1
還得,1
討論,2
自覺,1
陸續,1
名,1
揭開,1
…,1
學,1
精神,1
藝,1
保護,1
媒體,1
矽谷,1
係,1
Uber,1
Up,1
 ,1
〇,1
一九七五年,1
一九六,1
一天,1
一季,1
一日,1
一月,1
一詞,1
上司,1
不計,1
世紀,1
世紀過,1
中期,1
主管,1
主義所,1
主義者,2
之後並,1
亞洲,1
人世,1
人大,1
人性,1
今年初,1
付出,1
令,1
以前,1
以萬計,1
低職,1
侵害,2
侵經驗,1
保持沉默,1
優步,1
全球化,1
兩,1
兩千萬,1
公司,2
其間,1
出性,1
分子,1
到現,1
制定,1
前名,1
力關,1
募集,1
十九,1
十位,1
十月,1
半世,1
半個,1
協助,1
占有,1
參政,1
反,1
取公,1
受害者,1
受損,1
吃豆腐,1
各業,1
各行,1
合理,1
名聲,1
吞聲,1
嘲諷,1
回報,1
困頓,1
團體,1
在意,1
垂垂老矣,1
執行,1
壓迫,2
多位,1
大幅,1
女,2
女同事,1
女工,1
婦女,1
孤立,1
學就業,1
宰制,1
密,1
尊嚴,1
導演性,1
尚未,2
屈權,1
屈沒有,1
崩潰,1
工人,1
工程,2
師美國,1
師農場,1
幾位,1
康乃爾大學,1
廿年,1
彙,1
影劇,1
從,1
心頭,1
忍受,2
忍氣,1
性侵犯,1
想像中,1
愉快,1
成千,1
手拉著,1
手控,1
找,1
找到,1
挑戰,1
振奮,1
掃地,1
採,1
控制,1
撲,1
擔綱,1
擴展,1
支配,2
政策,1
教授,1
旅館,1
時報,1
時時,1
最後想,1
會到,1
有數,1
服務生,1
權利,3
權和,1
權威,1
權廿世紀,1
權等,1
歐洲,1
沒謊,1
沒途徑,1
法律,2
波婦,3
溫斯坦性,1
滙,1
演藝,1
激情,1
激進,1
無援,1
無止,1
無處,1
父權,1
獎和奧斯卡,1
獨自,1
現將,1
現成,1
生俱來,1
男性,1
當數,1
發出,1
百位,1
相同,1
相繼,1
眼淚,1
神,1
站訴,1
第一波,1
第三,2
第二性,1
紀,1
紐約,2
終於公開,1
組織,1
經驗,1
網路,1
義務律,1
聚,1
聚在一起,1
聲援,1
職人員,1
職員們,1
肚裡流,1
肯定,1
自信,1
至上,1
草莓,1
落實,1
落馬聲,1
著名,1
行動,1
視界,1
言,1
訊息,1
許終,1
訴壓,1
訴訟,1
貧窮,1
身體性,1
迫者,1
追求,1
運展,1
運影,1
運時候,1
重爭,1
開激進,1
集資,1
需,1
青年,1
領域,1
願景,1
騷擾性,2
鼓舞,1
入圍,1
女主角,1
好萊塢,1
提,1
全球,1
搭配,9
製,2
唯一,1
歲,1
跳出,2
明星,1
驚,1
＃,1
80,1
ReemAcra,1
一片,2
同樣,3
品味,1
基嫚,1
奧斯卡紅毯,1
女星,4
妮可,2
展現,3
搭,1
服,2
水晶,1
珍妮佛,2
珍芳達,2
禮服,8
穿,2
粉,1
紅毯,5
紅色,1
艾瑪史,1
藍色,6
蝴蝶,2
訂,2
豔,2
趨勢,1
鍊,1
黑色,1
HelenMirren,1
出,1
彩色,1
艾,1
資深,1
選擇,3
為,1
玫瑰,1
東,1
獎紅毯,1
終於,1
造型,2
則是,2
完美,1
年代,1
美女,1
寶,2
金像,1
髮,1
系列,1
1930,1
每年,1
星光,1
一大,1
保養,1
好,1
清新,1
繡,1
高級,3
MeToo,1
宛如,1
值得注意,1
剪裁,1
氣質,2
瑟夏羅南,1
粉紅色,1
俐落,1
澳洲,1
石項,1
西裝,1
近期,1
配戴,2
簡約,2
莉,1
Chandelier,1
溫斯頓,2
珠寶,1
石耳環,4
緞面,1
耳環,3
鑽,6
鑽石,1
優雅,2
女,1
Balmain,1
CalvinKlein,1
EmilyBlunt,1
EmmaStoneLV,1
Heritage,1
JaneFonda,1
JenniferGarner,1
NicoleKidman,1
SamaraWeaving,1
SaoirseRonan,1
Schiaparelli,2
Versace,2
Zendaya,1
一串,1
一副,1
一套,1
不可或缺,1
不能不,1
不變,1
亞曼尼高訂,1
以大氣,1
以淡,1
伯爵,2
倫米蘭,1
優美,1
全白立體,1
典藏,1
利器,1
動人,1
十足,1
卡地亞,1
同色,1
同色系,3
單串,1
嘉納,1
嘉納以,1
垂,1
基嫚則,1
墜,1
增添,1
女辛蒂亞,1
寶格麗,2
寶石,3
寶襯,1
寶選擇,1
布朗,2
彩虹,2
征服,1
得宜,1
性高,1
戒指,1
托,1
整套,1
新一代,1
星海,1
星認,1
服化,1
服明,1
橘紅色禮,1
橙紅色,1
氣度,1
水滴,1
注入,1
活力,1
浪潮,1
海水,2
海瑞,2
海的則,1
淡粉,1
深受,1
淺,1
燈般,1
珠,2
珠寶帥氣,1
珠寶的,1
現屬,1
環展,1
環年,1
眾,1
石珠,1
競技場,1
結深,1
結禮服,1
耳,2
般,1
色系,2
艾蜜莉,1
華麗,2
蕭邦,3
藍,2
藍寶石,5
藍寶石珠,1
蜘蛛,1
蜜,1
評珠,1
踝禮,1
輕氣息,1
配襯,1
金紅碧璽,1
銀,1
鑲嵌,1
鑽戒,1
靛,2
頂級,1
顯然華麗,1
風采,1
骨董,1
高雅,1
黑白,1
點點,1
龍點睛,1
中,1
以,1
典禮,4
好萊塢,1
年,1
影后,4
拿下,1
更是,2
沒有,1
紀錄,1
觀眾,1
報導,2
新科,1
運動,1
一起,1
朋友,1
獎座,4
結束,2
2008,1
2650,1
3200,1
丈夫,1
不翼飛,1
人次,3
兒子,1
去年,1
反性,1
可能,1
小金人,7
意外,2
抓小偷,1
拿到,1
改變,1
放在,1
數據,1
新低,1
曼,3
最低,1
最後是,1
法蘭西絲,5
派,1
男子,1
美元,1
習慣,1
聊天,1
自,1
萬,1
萬人,3
警方,1
賓客,1
騷擾,1
麥朵,6
亮點,1
女星,1
主持,1
台幣,1
當時,1
萬元,1
58,1
美國,2
抓,1
一名,1
事,1
分析,1
感到,1
生涯,1
老公,1
叫做,1
大約,1
性格,1
消失,1
3000,1
創下,1
外,1
轉播,3
近年,1
電視,2
萊,1
偷走,1
蘭西絲,1
之外,1
描述,1
相當,1
莉,1
一角,1
推特上,1
收視,3
公司,1
時報,1
演藝,1
紐約,1
3290,1
ABC,1
USATODAY,1
一會兒,1
並以,1
中強,1
交保,1
人口,1
今日,1
保安,1
偷偷,1
內容,1
兩萬,1
到手,2
剛剛,1
功夫,1
功宴,1
半年,1
卡拉,1
原來,1
厭倦,1
參加慶,1
外電,2
奇情,1
嫌犯,1
宴上,1
巴克,1
巴桑,1
帕克攝,1
廣播,1
延燒,1
張地,1
影師,1
恩典,1
悍歐,1
情形,1
情景,1
愈況,1
慶功,1
慶功宴,2
手把,1
打破,1
抱夫,1
拍寶貝,1
拘留,1
撰稿人,1
新,1
普遍,1
曬,1
曼剛,1
曼日,1
曼派,1
最離,1
歷年,1
每下,1
毫無,1
沃夫岡,1
泰瑞布,1
泰瑞布萊恩,1
泰瑞布萊恩泰瑞布萊恩,1
溜走,1
牽偷,1
痛哭,2
發布,1
發後全場,1
直擊會場,1
禮剛,1
竊盜,1
竟然,1
第二座,1
節發生,1
絕望,1
總動員到,1
總收視,2
罪,1
腳邊,2
臉書上,1
處,1
評為,1
負責,1
走法,1
跌破,1
轉頭,1
遭到,1
還囂,1
重大,1
關卡,1
隨後帶,1
隨後被,1
電視台,1
順手,1
典禮,1
好萊塢,1
年,2
愛,1
沒有,1
互動,1
全球,2
票房,2
一次,1
報導,1
歲,3
陷入,1
吃,1
導演,1
朋友,1
去年,1
美元,1
萬,1
勞倫斯,3
已,1
珍妮佛,9
台幣,1
關心,1
不少,2
出席,1
已經,1
透露,1
隔天,1
粉絲,1
父母,2
男星,5
做,1
開心,1
拍,1
畫面,1
系列,1
16,1
創下,1
這對,1
台灣,1
喜歡,1
上映,1
成績,1
家人,2
男友,1
逗趣,1
相當,2
21,1
目前,1
真,1
拉斯,1
交往,2
傳出,2
先前,1
分手,1
回應,1
媒體,2
戀情,1
指出,1
捕捉,1
最近,1
熱戀,1
美媒,1
越,2
紐約,1
新,1
13.5,1
2014,1
43,1
4350,1
7200,1
WomansDay,1
上周,1
亮眼,1
假戲,1
僅維持,1
億,1
出了名,1
出同,2
出愛火,1
勞倫斯傳,2
可惜,1
可愛的,1
同戲,1
同演,1
哥哥,1
喬艾格頓,8
多場,1
夫斯基,1
如今,1
尼可,1
床戲,1
情侶,1
戀上,1
戲外,1
戴倫,1
拍母,1
擦,1
攝戰警,1
新台幣,1
時同戲,1
晚餐,1
消息人士,1
滿意,1
演紅雀,2
火辣,1
炒,1
熱紅雀,1
熱絡,1
熱賣,1
發電機,1
相戀,2
相當快,1
紅雀,1
紅雀喬,1
紅雀有,1
經見過,1
緋聞,2
艾格頓,1
萬新,1
親時,1
談戀,1
進度,1
還主動,1
阿諾,1
霍特,1
頻頻,1
首周,1
入圍,1
年,1
影后,2
影展,1
拿下,1
全球,1
大獎,2
感受,1
打造,2
搭配,2
登場,1
製,3
身高,1
歲,1
獎,1
稱,1
晚宴,2
歡迎,1
輕,1
',1
小金人,1
崛起,1
帶,1
復,2
輕人,1
馬,1
80,1
ReemAcra,1
一襲,1
亮片,3
包,1
同樣,1
基嫚,2
奢華,1
女星,3
女配角,1
妮可,2
展現,2
帥氣,2
搭,2
服,3
流行,1
珍妮,1
珍妮佛,1
白色,3
皆,1
禮服,5
穿,9
紅毯,4
紅色,1
結,3
艾瑪史,2
蝴蝶,6
訂,3
走,3
趨勢,1
身穿,1
鍊,1
香奈兒,1
黑色,1
AnselElgort,1
出,2
名字,1
得主,2
捲,1
設計,1
選擇,1
劇中,1
為,1
現身,1
美國,1
包括,1
造型,1
完美,1
年代,2
男星,3
屆,2
穿著,3
褲,2
本屆,2
逐漸,1
上,2
兩位,1
而,1
男主角,2
不同,1
複,1
典雅,1
好,1
繡,1
量身,1
高級,3
Timoth,2
é,2
之外,1
宛如,1
搶,1
這股,1
值得注意,1
逃出,1
剪裁,2
氣質,1
粉嫩,2
粉紅色,1
顏色,1
俐落,1
凸顯,1
搶眼,1
瑪格羅比以,1
西裝,4
銀色,1
掀起,1
梅莉史,1
簡約,1
翠,1
艾米漢默,2
Armani,2
絕命鎮,1
榮獲,1
低調,1
Balmain,1
CalvinKlein,2
活力,1
AdamRippon,2
AshleyWilliamsZoeyDeutch,1
Berluti,1
ChadwickBoseman,1
ChristianLouboutin,2
DanielKaluuya,1
Dior,2
GiorgioArmani,1
Givenchy,2
HaiderAckermann,1
LouisVuitton,2
LupitaNyong,1
MahershalaAli,1
Minaudiere,1
Moschino,2
TomHollandHermes,1
eChalamet,2
○,2
三項,1
不休,1
不時,1
五,1
作工,1
俏皮,2
修麥,1
優雅容,1
光澤,1
全白,1
冬奧,2
出氣勢,1
出連年,1
刺繡長,1
則不穿,1
則挑選,1
創意,1
加朵則,1
勞倫斯選,1
博得,1
古展現,1
古風潮,1
呼喚席,1
地長,1
外套,2
大衣,2
奧斯卡,1
姊字輩,1
嬌點,1
帶出,1
平昌,2
座充,1
康納,1
強調,1
愛紅色,1
愛莉森,1
所有人,1
扣博好,1
扣西裝,1
搭白,1
搭長,2
新生代,1
既有,1
時髦,1
普同樣,1
曳,1
最帥,1
月光,1
服內,1
服展,1
服搭,1
服現,1
材質,1
東選,2
柔美,1
柔色,1
桃紅,2
比美,1
氣勢剛,1
氣息,2
氣水漲,1
洋娃娃,1
流蘇禮,1
深,1
滑冰,2
滿,1
漢默人,1
潛力,1
澤蓋兒,1
狂野,1
珍芳,1
現二,1
甜美,2
男孩,1
異國,1
皮鞋,1
眼光,1
短靴,1
硬殼,1
禮服則,1
秀美,2
突圍,1
紅毯成,1
紅毯見,1
結及,1
結寶藍色,2
結裝飾,1
絲絨,2
絲絨禮,1
絲綢,2
絲羅南則,1
線條,2
總監,1
繁,1
繫,2
羨慕,1
肩線,1
肩部,1
背後裝飾,1
腰身,1
腰間,2
腳紅底,2
腿,2
船高,1
色禮,1
色調,1
艾米,1
花式,2
花美男,1
莎柔,1
蜘蛛人,1
袖紅色,1
襯衫,1
評,1
評刺,1
變化型,2
貴氣,1
身型,1
身材,1
輕紗,1
透明,1
透膚,1
達則,1
酒紅色,3
金光,1
金色,1
銅牌,2
閃閃蝶蝶,1
陽剛,1
雙排,2
鞋王,2
風情,1
高衩,1
黑豹,1
黑領,1
齡,1
一定,1
中,1
入圍,2
典禮,1
加上,1
大都,1
影后,1
愛,2
會,1
沒有,1
種族,1
等待,1
說,3
金球,1
觀眾,1
唯一,1
多年,1
尤其,1
得獎,1
心目,1
歲,2
14,1
一起,1
似乎,1
台下,1
情深,1
明星,1
最佳影片,1
水底,1
輕,1
鬆,1
主持人,1
創,1
可能,1
帶,2
派,1
片,1
麥朵,1
以往,2
女人,1
女性,1
得以,1
時,1
皆,1
閃亮,1
89,1
一點,1
同志,1
名字,1
呼喚,1
影響,1
得主,1
戲院,1
拉美,1
政治,3
智利,1
獎者,1
致詞,1
艾,1
隔壁,1
驚喜,3
維持,1
入,1
典,1
圍者,1
型,1
多元,1
禮,1
表演,1
議題,1
啞,1
幾乎,2
怪物,1
黑人,1
住,1
明顯,1
有點,2
90,2
大部分,2
屆,1
邀請,1
難,1
人,1
詹姆斯,1
大量,1
失去,1
部分,1
創下,1
差不多,1
最高,2
近年,1
影片,2
投票,2
排序,1
有,1
選出,1
色彩,1
刺激,1
呼聲,1
現在,1
真的,1
高潮,1
不思議,1
歌曲,1
性別,1
語片獎,1
整體,1
淑女,1
一轍,1
掀起,1
見,1
陸續,2
技術獎,1
起立,1
劇情,1
於,1
組成,1
越,2
之前,1
帶著,1
肯定,1
打破,2
普遍,1
跌破,1
相戀,1
強調,1
所有人,1
一一,1
一再,1
下部,1
不好玩,1
亞裔,1
交相,1
人魚,1
以懷舊,1
佛利,1
來些,1
全原,1
全面,1
出水,1
分享,1
前段,1
剪接,1
勝,1
協會,1
原住民,1
反骨,1
古典,1
各大影,1
各部,1
味,1
圍電影,1
多,1
大公,1
大演員獎,1
大牌,1
太中,1
契合,1
奮鬥,1
女配,1
女黑人,1
如儀,1
完全相同,1
密戰,1
寓意,1
實力,1
少了點,1
工業,1
平衡,1
幸好,1
影師羅傑,1
很漂亮,1
性典,1
意象,1
愛演員獎,1
懸疑,2
排,1
採用,1
援救,1
摃,1
撐場,1
放榜,2
效應,1
新紀錄,1
族群,1
曼獲,1
最終,2
會員,1
框,1
榮耀終,1
次紀錄,1
正,1
氛,1
氣,1
波瀾,1
活,1
演員實,1
潑,1
濃濃基,1
爆冷,1
片有,1
片段,1
片裡,1
狄金斯終,1
猜,1
獎如出,1
獎是,1
獎英國,1
獎證明,1
獲外,1
班,1
異常華麗,1
發強,1
相得益彰,1
眼鏡毀,1
矯枉過,1
禮越,1
空手而回,1
童話,1
第一次,1
素質,1
組合,1
組合大膽,1
組女,1
編劇,1
老先生,1
耳目一新,1
至名,1
舞台,1
般地,1
落法蘭,1
融合,1
行禮,1
西斯,1
規中矩,1
計算,1
許不見,1
許亮點,1
評人,1
詮釋,1
調紀錄,1
請出,1
趁勢,1
越來,1
逐夢,1
連技術,1
選上,1
選奧斯卡前,1
邏輯,1
門才,1
門會員,1
開出,1
陷住,1
隊伍,1
隱含,1
雲議題,1
預測,1
首入,1
高水平,1
高類,1
鳥郵報,1
齡攝,1
龜,1
女主角,1
拿下,6
大獎,2
月,1
票房,4
德曼,1
導演,2
情深,2
最佳影片,2
水底,3
去年,1
意外,1
男配角,1
萬,2
觀賞,1
透過,1
女配角,1
珍妮,1
老娘,1
艾莉森,1
可可,2
同志,1
名字,1
呼喚,1
夜總會,2
已經,2
包括,1
方式,1
DVD,2
90,1
屆,1
敦克爾克大行動,1
時刻,1
黑暗,1
創下,1
早,2
月初,1
男主角,1
上映,4
劇本,1
奧斯卡獎,2
愛情,1
改編,1
但,1
逃出,1
相當,1
近期,1
畫片,1
目前,3
落幕,1
絕命鎮,1
影迷,3
亮眼,1
2100,2
一睹,1
丰采,1
人節,1
佳績,1
全,2
全台,1
可別,1
台,3
場次,2
奧斯卡強,1
影碟,2
情,1
朝,1
檔期,1
深情,1
片還,1
獎甫,1
獲得動,1
發行,1
眾多佳片,1
破,1
租,1
突破,1
經不多,1
聖蓋瑞歐,1
藍光,2
譚雅部,1
買,1
贏家共計,1
進戲院,2
錯過,1
閱購,1
零星,1
電影,1
入圍,1
好萊塢,2
拿下,3
歧視,1
演出,5
站,1
項,1
鼓勵,1
多年,1
影帝,1
獎,1
獲得,1
話,1
非常,1
一起,1
台下,1
開,1
去年,1
意外,4
片,1
男配角,1
騷擾,1
女配角,1
時,2
珍妮,6
瑪格羅比,1
老娘,5
艾莉森,6
一上台,1
喜劇,1
媽媽,2
幽默,1
感謝,3
提到,1
玩笑,1
致詞,1
不少,1
暴躁,1
曾,1
演員,3
當個,1
等,1
虎媽,1
譚雅中,1
透露,1
領獎,1
包括,1
圍者,1
男女,1
表演,1
髒,1
接受,1
霸道,2
威爾,3
山姆,6
洛克,5
演技,1
父母,1
爸爸,1
90,1
主動,1
兄弟,1
屆,1
忘,1
想要,1
萊塢,1
早,1
普拉,1
獲獎,1
知名,1
奇,1
蹟,1
傑出,1
奧斯卡獎,2
細膩,1
搶,2
鳥,2
相當,1
近期,1
代表作,1
嘴,1
女兒,1
風格,1
譚雅,1
威廉,1
肯定,1
滿,1
一貫,1
不改其,1
並沒有,1
中飾演,1
互相,2
伍迪,1
兒瑪格羅比,1
全靠,1
具種族,1
冷血,1
刻薄,1
則感動,1
前輩,1
各大獎,1
吐槽,1
呼,1
呼應,1
哈里,1
多次,1
好友,1
威爾以,1
威爾是,1
嬌娃,1
對,1
對戲,2
小時候,1
已故,1
常常,1
幸能,1
很榮,1
成熱愛,1
我能,1
戲鳥,1
拍戲,1
拿,1
提升,1
斯多夫,1
時致,1
暗指,1
本色,1
李察傑,1
母親飾,1
泛淚,1
溜冰,1
演女,1
潛規則,1
激出,2
激勵,1
火花,2
無知,1
熱愛變,1
熱門性,1
牠,1
獻給,1
瑪稱,1
白宮,1
眼眶,1
眼綠葉,2
精采,1
綠色,1
艾美獎,1
苦學,1
菲利普,2
西摩,1
觀念壞,1
詞維持,1
話題,1
詼諧,1
課帶,1
謝入,1
譚雅裡,2
警官,1
逼迫,1
過座,1
達佛,1
遜,1
還不忘感,1
還會蹺,1
配角,1
里,1
金斯克,1
鋼鐵人,1
鍍金,1
隻,2
霍夫曼,1
霹靂,1
風雲好,1
中,1
入圍,1
女主角,1
好萊塢,1
愛,1
機會,2
身為,2
史匹柏,1
史蒂芬,1
大獎,1
特別,1
空間,1
精彩,1
觀眾,1
該片,1
項,1
鼓勵,1
得獎,1
表示,1
角色,1
一起,1
上台,1
吉勒,5
墨西哥,1
導演,3
情深,4
摩戴托羅,2
最佳影片,1
水底,4
直接,1
馬,1
驚,1
如潮,1
得以,1
豔,1
奪得,1
安排,2
提醒,1
發揮,1
驚喜,1
不少,1
外型,1
放棄,1
演員,1
領獎,1
工作者,1
弱勢,1
世界,1
啞,1
奇幻,3
怪物,7
故事,1
正常,1
男迷宮,2
眼中,1
羊,1
藉,1
鄰居,1
黑人,1
做,1
想要,1
當年,1
金像,1
人,1
拍,3
攝,1
消失,1
系列,1
一位,1
之間,1
打開,1
掙扎,1
提名,1
外界,1
影片,3
成,1
原著,1
夢,1
奧斯卡獎,1
得到,3
愛的,1
改編,1
啞女,1
地獄,1
怪客,1
描述,1
人心,1
像是,1
無數,1
拉丁,1
詞時,1
終於以,1
一份,1
外國片,1
外星人,1
集中,1
一度,1
兩,1
如今,1
談戀,1
創意,1
平衡,1
族群,1
突破,1
電影,1
互相,1
小時候,1
常常,1
隻,1
上演,1
上長,1
不愛天,1
並讓,1
之門,1
乾脆,1
二十一年,1
交情,1
人士,1
他備,1
則分別,1
前以,1
劇本獎,1
十三,1
各方,1
同事,1
同業,1
同行,1
和頭,1
噴火,1
回歸,1
地漠視,1
外表,1
天地,1
女孩,1
好評,1
嫌怪續,1
子為榮,1
客,1
將榮耀獻給,1
尋常宅,1
市場,1
幫助給,1
平凡,1
想講,1
愛情動,1
愛看,1
愛鍾愛拍,1
感驕傲,1
扶持,1
搶去,1
搶過,1
摩,1
摩戴托羅始,1
摩說,1
攝羊,1
更受,1
最愛拍,1
案件,1
水中,1
深厚,1
滿滿,1
演前,1
為導,1
無窮,1
片一貫,1
片子,1
獎中間,1
理想,1
男同志,1
男無異,1
相信,1
確實成,1
磨合,1
秘密,1
第一步,1
終沒能,1
經歷,1
總有,1
總算達,1
美好,1
群雄,1
聾,1
自漫畫,1
行空,1
裡的,1
角力,1
角紅皮膚,1
記住,1
設定,1
警探,2
走進,1
超能力,1
踏出,1
追查,1
連好評,1
鋒頭味終,1
集,1
雖喜,1
青睞,1
預期,1
頗,1
領先,1
題材,1
類鋒頭,1
首,1
一直,2
中,1
入圍,2
典禮,1
拿下,2
演出,1
廣為,1
打造,1
特效,1
影帝,1
德曼,5
更,1
歲,1
母親,1
獎,1
稱,2
蓋瑞歐,4
角色,1
非常,1
台下,1
小時,1
相關,1
者,1
這項,1
時,3
媽媽,1
心,1
感謝,1
提到,2
時間,1
當時,1
拚,1
接下,1
謝劇,1
領獎,1
首度,1
儘,1
戴,1
身,1
拍過,1
演技,1
長,1
飾演,1
化妝師,1
擅長,1
演活,1
我,1
笑,1
謝謝,3
丹尼,1
前首相,2
哈利波,1
回家,1
天狼星,1
妝,1
婉拒,1
時刻,1
特,1
系列,2
英國,2
蓋瑞,1
要,1
資料,1
邱吉爾,6
騎士,1
黑暗,2
不可,1
獲獎,2
特殊化,1
男主角,1
辻一弘,1
或,1
支持,1
事業,1
奧斯卡獎,1
皆知,1
眾所,1
元素,1
無數,1
致意,1
目前,1
傑,1
出演,1
接演,1
旅程,1
劇組,2
追,1
奧斯卡帶,1
影行動,1
思議,1
這段,1
高登局,1
戰,1
…,1
一度,1
每次,1
公司,1
挑戰,1
肯定,2
還主動,1
最終,1
多次,1
好友,1
一帆,1
三個,1
上戲,1
下巴,1
不忘感,1
丹佐華盛頓,1
之神,1
九十八,1
人知,1
六年,1
兼,1
前才,1
前花,1
南倫敦來,1
卻步,1
及雙,1
反派,2
員蓋瑞歐,1
四十年,1
夢想,1
妳,1
家中,1
小夥子,1
影近,1
愛和,1
懼,2
成真,1
整年,1
早就,1
有種,1
未能,1
正在,1
殺令,1
每場,1
演惡,1
演英國,1
演說,1
燒壺,1
獲,1
生恐,2
百,1
研究,1
空軍一號,1
第五,1
終極,1
終諜,1
組人員,1
臃腫,1
良伴,1
茶,1
蓋瑞心,1
蓋瑞飾,1
觀看,1
許表現,1
變色龍,1
路易斯,1
遲來,1
還耗費,1
邱吉爾譽,1
順利,1
風順,1
體型,1
高齡,1
魔力,1
魔片,1
中,1
加上,1
坦言,1
拿下,1
演出,1
經典,1
動畫,3
寫,2
布萊恩,1
柯比,4
獲得,1
短片,2
重新,1
吃,1
奪獎,1
離開,1
小金人,1
意外,1
驚,1
皆,1
得主,1
無法,1
已經,1
為,1
美國,2
共同,1
美女,1
野獸,1
出身,1
有點,1
屆,1
金像,1
成功,1
本屆,1
哈利波,1
心理,1
系列,1
一位,1
不可,1
巨星,1
過往,1
影藝學院,1
準備,1
獎成,1
退休,1
一首,1
奧斯卡獎,2
得到,1
覺得,1
角逐,1
獎名,1
不俗,1
基恩,1
籃球,3
親愛的,2
迪士尼,1
思議,1
職籃,1
領域,1
前輩,1
一流,1
不敢想像,1
初步,1
加入,1
參,2
可,1
可看性,1
吃苦,1
名將,1
喬丹經,1
威廉斯,1
娛樂圈,1
已寫,1
布萊恩以,1
師葛倫,1
感來源,1
打造出,1
昔日,1
星際大戰,1
曾譜,1
會員青睞,1
沒機會,1
熟悉,1
特主題,1
獎人,1
獎得,1
眾家,1
第九十,1
籃壇,3
約翰,1
紅星,1
罕見,1
職業,1
詩作靈,1
賈霸麥,1
質感,1
身影,1
轉進,1
達紀錄,1
配樂家,1
阿拉丁,1
音樂金,1
中,1
大都,1
奪下,1
好萊塢,2
影后,1
裔,1
金球,1
大獎,1
月,1
造成,1
一次,1
動畫,1
受,1
影帝,1
得獎,1
德曼,1
獎,2
蓋瑞歐,1
再次,1
墨西哥,3
導演,1
情深,6
最佳影片,2
水底,6
意外,2
曼,1
法蘭西絲,1
片,1
男配角,1
重點,1
麥朵,1
傳統,2
反倒,1
女性,1
女配角,1
宣示,1
珍妮,1
艾莉森,1
走,1
出,1
可可,1
夜總會,1
得主,1
手中,1
最大,1
獎者,1
驚喜,1
不少,1
美國,1
透露,2
包括,2
圍者,1
挺,1
三部曲,1
世界,1
再臨,1
奇幻,2
王者,1
築,1
類型,1
魔戒,1
黑人,1
威爾,1
山姆,1
洛克,1
屆,3
白人,1
金像,2
科幻片,1
部分,1
之間,1
視,1
投票,2
支持,1
票,1
劇本,1
原著,1
情節,1
意料之中,1
愛情,1
真的,1
自由,1
路線,1
成績,1
亡靈節,1
名單,1
大美國,1
絕命,1
被,1
逃出,2
有如,1
淑女,1
不俗,1
微,1
拉丁,1
獎美國,1
總統川,1
高牆,1
落幕,1
左起,1
絕命鎮,1
組成,1
開放,1
川普,1
政策,1
亞裔,1
會員,1
獎英國,1
激出,1
人士,1
各方,1
平凡,1
片子,1
青睞,1
獲,1
眾家,1
第九十,2
╱,1
一如,1
上邊,1
不容,1
主義難,1
之手,1
九十,1
偉大,1
偶然,1
僅有,1
八十天,1
具體,1
凌駕,1
出自,1
剛好,1
勉強,1
反感,1
四大,1
回封,1
堪,1
外備,1
太深,1
容易,1
小覷,1
小鎮裡,1
崇尚,1
引發,1
強勁,1
影劇圈,1
影藝學,1
影響力,1
往年,1
想美國,1
挖掘,1
推崇,1
昏迷,1
普主張,1
普大美國,1
普大選時,1
最後關頭,1
會員力,1
沒太多,1
沾,1
流向,1
激烈,1
灰暗,1
玄機,1
環遊,1
疾呼,1
痛失,1
競爭,1
絕非,1
給川,1
給美國,1
聲勢,1
背道,1
脫穎出,1
賭爛票,1
這一,1
這兩個,1
鎮得獎,1
閉守舊,1
院獎,1
難堪川,1
面貌,1
項入,1
馳,1
鳥傳統,1
中,3
入圍,2
女主角,2
好萊塢,1
影后,2
會,1
沒有,1
演出,1
說,1
金球,1
觀眾,1
多年,1
孩子,1
更,1
母親,2
獎,1
獲得,2
這是,1
非常,1
麻煩,1
史翠普,1
導演,1
梅莉,1
熱烈,1
獎座,1
丈夫,1
創,1
地上,1
小金人,1
意外,6
放在,1
曼,3
法蘭西絲,6
突然,1
麥朵,7
女性,2
女權,1
女配角,1
感謝,2
手中,1
主角,1
曾經,2
控訴,1
方式,1
最,1
傳達,1
幾乎,1
所謂,1
接受,1
獎時,1
美女,1
警察,1
冰血暴,1
包容,1
屆,1
憤怒,1
戲劇,1
扮演,1
扶,1
能夠,1
自嘲,1
邀請,1
金像,1
鼓掌,1
情緒,1
我,1
自然,1
謝謝,1
走出,1
上,1
內心,1
西絲,2
這位,1
成為,1
激動,1
獎項,1
三度,1
掙扎,1
過程,1
不同,1
複,1
典型,1
小鎮,1
表情,1
作者,1
家人,1
致意,1
一身,1
現場,2
這份,1
起立,2
女兒,2
雙手,1
電視劇,1
〇,2
想像中,1
至上,1
領域,1
巴桑,1
毫無,1
第二座,1
所有人,1
分享,2
曼獲,1
編劇,1
舞台,1
買,1
妳,1
獲,1
第九十,1
一九九七年,1
一同,1
一年,1
一心,1
一把,1
一條,1
一棵,1
三塊,1
不公,1
不屈,1
不撓,1
不義引發,1
之下,1
二,2
五年,1
仙人掌,1
公義一個,1
公義的,1
公道,1
冤死,1
分明,1
劇艾美獎,1
劇類,1
包辦,1
只想,1
名梅姨,1
堅毅,1
多餘,1
大銀幕,1
姦殺,1
專程,1
層次,1
強歐,1
彎腰,1
心碎,1
忍讓,1
或動作,1
戲路,1
招牌,1
揮舞著,1
斬,1
明白,1
昏倒,1
曼並,1
曼領,1
曼點,1
最後法蘭,1
最特別,1
東尼獎,1
榮耀,2
氣憤,1
漸漸,1
為力,1
無能,1
獎戲,1
現太興奮,1
百般,1
眾多,1
稍早,1
種種,1
稱作史,1
積蓄,1
精準,1
紅衣,1
美艷,1
臉部線條,1
與眾,1
花朵,1
討回,1
轉折,1
追尋,1
造作,1
進法蘭,1
過硬,1
道路,1
鎮外,1
雜情緒,1
風波,1
麥朵曼,1
點名,1
一直,1
作品,2
典禮,1
女主角,1
好萊塢,2
工作,1
年,1
影后,3
影壇,1
拿下,3
機會,1
動,1
大獎,1
獲奧斯卡,1
紀錄,1
經典,1
製,2
首座,1
侵風,1
多年,1
影帝,4
得獎,1
德曼,2
新科,1
柯比,1
歲,5
獎,3
獲得,2
發聲,2
短片,1
蓋瑞歐,2
話,1
運動,1
非常,1
吉勒,2
墨西哥,2
導演,2
情深,4
摩戴托羅,2
最佳影片,2
水底,4
輕,2
主持人,1
人員,1
小金人,4
意外,2
放在,1
曼,3
法蘭西絲,4
片,2
男配角,2
相關,1
麥朵,4
再度,1
女性,1
女配角,1
宣示,1
海耶克,1
珍妮,1
籠罩,1
老娘,1
艾莉森,1
走,2
89,1
吉米,1
名字,2
呼喚,2
得主,2
心,1
政治,1
最大,2
無法,2
艾,1
設計,1
調侃,1
請,1
資深,1
前,1
曾經,1
盛會,1
首度,1
哈維,1
在,1
安娜,1
平權,1
性侵,1
斯,1
最受,1
賈德,1
髒,1
多部,1
威爾,1
山姆,2
洛克,2
演技,1
圍,2
太,1
封后,1
屆,3
扮演,1
抱,2
無緣,1
金像,2
人,2
揭曉,1
本屆,1
詹姆斯,2
贏家,2
上,1
時刻,2
比起,1
生平,1
美術,1
英國,1
黑暗,2
成為,1
獲獎,1
提名,2
電影界,1
之爭,1
影片,1
充滿,1
夏勒梅,1
得到,1
提摩西,1
名單,1
得,1
改編劇,1
本獎,1
性別,1
監,1
籃球,1
親愛的,1
搶眼,1
刷新,1
坦,1
溫,1
維,1
艾許莉,1
年度,1
配樂,1
於,1
兩大獎,1
名導,1
四座,1
榮登,1
獎得獎,1
獲選,1
譚雅,1
.,1
以外,1
講,1
男性,2
佛利,1
分享,1
味,1
族群,1
話題,1
二十一年,1
參,1
名將,1
布萊恩以,1
昔日,1
第九十,2
轉進,1
九十,1
四大,1
影劇圈,1
vs,1
一刻,1
一座,1
一股,2
下性,1
下旬,1
中年,1
二十二,1
來勢,1
光榮,1
八十九,1
凱,1
前冰血暴,1
前輩麥,1
卻僅,1
原本,1
可喬丹,1
名相,1
商業片,1
噁,1
嚴肅,1
四十九,1
地方,1
執導過,1
大巫,1
奧斯卡史,1
威爾分別,1
寫下,1
將年,1
尊崇,1
尊賢氛,2
導演終,1
小鮮肉,1
巫見,1
平運動,1
廿一,1
快要,1
成果,1
手,1
打趣,1
把握,1
抱大獎,1
拿手,1
捧,1
敬老,2
文史,1
新秀,1
日將,1
是繼,1
暴下,1
曼則,1
最年,1
最老獎,1
本月,1
染指,1
榮紀錄,1
歐拉莎瑪,1
沒能,1
洶洶,1
滾,1
漫,1
漫著,1
濃厚,1
瀰,2
特別獎,1
獎堪稱,1
率領,1
畫,1
相隔,1
窗外,1
第二度,1
第二次,1
老將,1
老戲,1
老獎,1
耳順,1
自制,1
蓋瑞顯,1
藍天長,1
貝拉史,1
貝西性,1
近半年,1
道,1
達光,1
避開,1
還拿多項,1
邱吉爾勝出,1
金,1
金莫則,1
風暴,1
骨,1
魚約會史,1
Ａ,1
Ｂ,1
Ｎ,1
中,1
影展,6
金球,1
作,1
動,3
製,5
父親,1
獲得,1
發聲,1
表示,1
導演,1
開,1
片,3
少女,1
入,2
在,2
還,1
故事,1
生活,1
長,2
做,2
圍,2
下,2
上,1
讚,1
提名,1
台灣,2
影片,1
日前,2
描寫,1
環,1
監,4
發,1
莉,1
畫長,1
劇情,1
戰,2
學,1
公布,2
畫,3
2018,2
不惜,1
二人,1
兒童,4
助,1
台灣國際,3
國際,1
塔利班,1
女扮,1
女童,1
孩童,1
安潔莉娜,3
尋找,2
小花,4
幕,1
幕片,2
戰火下,2
抓走,1
政權,1
數,1
期間,2
本片,1
杏桃,2
枚,1
清楚,1
火,2
獎動,1
現,1
男裝,1
百名,1
節,1
肩,1
荷蘭,2
藉由,1
街將,2
裘,1
裘莉,4
討,1
論,1
諾拉涂,1
負起,1
資,1
選,1
重任,1
開幕片,1
開閉,2
阿富汗,2
養家,1
首映,2
高高在上,1
作品,1
加上,1
合作,1
年,2
影后,1
說,2
史匹柏,1
史蒂芬,1
製,1
該片,1
造成,1
影帝,1
表示,1
非常,1
史翠普,1
導演,2
拉,1
梅莉,1
',1
社群,1
第一,1
繼續,2
透過,1
之中,1
傳統,1
時,1
事件,1
捲,1
擔任,1
政治,2
新聞,3
當時,1
不會,1
主角,1
其實,1
想,1
美國,5
這部,1
適合,1
上述,1
儘,1
入,1
卡,1
原因,1
保障,1
分析,1
字,2
變成,1
驕傲,1
一部,1
關鍵,1
拍,3
法院,1
超越,1
成就,1
早,1
最高,1
提名,1
影片,1
是,1
布萊,1
政府,5
推出,2
處理,1
不滿,1
自由,2
達,1
震撼,1
相當,1
總統川,1
名,1
主要,1
這段,1
人民,1
阻止,2
一向,1
一度,1
保護,1
媒體,7
指,1
越,1
之前,2
執行,1
時報,1
法律,1
紐約,1
網路,1
著名,1
一套,1
密戰,3
頗,1
題材,1
╱,1
(,1
),1
....,1
1971,1
1976,1
7000,1
AlanJayPakula,1
AllthePresident,1
BenBradlee,1
DanielEllsberg,1
FakeNews,1
FirstAmendment,1
KatharineGraham,1
PentagonPapers,1
PoliticalThriller,1
Post,3
Postman,1
Postmodernism,1
Prefix,1
The,1
ThePost,1
WashingtonPost,1
WatergateScandal,1
sMen,1
一仗,1
三位,1
不及,1
不易,1
五角,6
亞倫帕庫,1
交峰,1
交鋒,1
介入,1
以當,1
修正案,1
假新聞,1
充斥,1
克斯,1
兩大,1
兩家,1
出色,1
出華盛頓,1
刊登,2
判,1
勝訴,1
友善,1
可指,1
史匹,1
含金量,1
咖,1
嚴謹,1
在網,1
報躍升,1
多頁,1
大,1
大報,1
大廈,5
大戲,1
大樓,1
夯,1
奧斯,1
媒,1
字首,1
學說,1
定冠詞,1
密戰海報,1
小,1
尼克森,1
師的,1
式微,1
弔,1
很廣,1
德利,1
意味,1
憤而,1
憲法,1
成大,1
或許,1
戰役,2
戰長,1
手法,1
把國,1
投遞,2
拍成,1
指張,2
捍衛查,1
接力,1
撼性,1
操控,1
攝發,1
文件,5
文件事件,2
斯伯格,1
施壓,1
時代見,1
時間點,1
普通,1
普點,1
替,1
最多,1
最後根據,1
最高法院,1
柏選擇,1
案,1
案發生,1
榜上有名,1
標榜,1
機密,2
欺瞞,1
水門,1
水門案,1
洩露給,1
湯姆漢,1
片名,1
獎常勝,1
現代主義,1
生水,1
用法,1
由發,1
申請,1
當今,1
當動,1
登美國,1
相,1
知名度,1
禁制令,1
禁止,1
紐時,2
紐時華郵,1
紙媒,1
級,1
編輯,1
美國史,1
艾爾,1
英文,3
華郵華,1
葛蘭姆,1
行人,1
裡點,1
詞用,1
詭媒體,1
證比較,1
證紙,1
貼,2
貼文,1
越南,1
越戰,1
路上,1
軍方,1
軍郵報,1
這兩家,1
造假,1
郵報,6
郵差,1
郵本,1
郵跑,1
醜聞案,1
重量,1
金獎,1
門案,1
防部,1
陰謀,2
集合,1
非,1
項目,1
領導華,1
驚悚,1
齣,1
入圍,1
合作,1
年,3
約,1
日,1
月,1
製,3
動畫,1
指控,1
更,1
獲得,1
球星,1
短片,2
運動,1
奪獎,1
億台幣,1
去年,1
反性,1
小金人,1
片,1
美元,1
萬,1
逮捕,1
馬,1
騷擾,1
再度,1
性,1
贏得,1
擔任,1
最大,1
翻,2
風光,1
做到,1
演員,1
首度,1
性侵,1
被控,1
雜誌,1
幾乎,1
故事,1
事,1
做,1
生涯,2
儀式,1
擁有,1
法院,1
資料,1
史上,1
投入,1
獎項,2
退休,2
奧斯卡獎,1
得到,1
最偉大,1
得,1
堪稱,1
冠軍戒,1
監,2
籃球,1
親愛的,1
講述,1
配音,2
侵,2
科技,1
照片,1
公司,2
出性,1
女,1
遭到,1
億,1
多次,1
好評,1
職業,1
國際,1
枚,1
(,4
),4
12,1
19,1
2003,1
2016,1
29,1
3643,1
BelieveEntertainmentGroup,1
DearBasketball,1
JamesFranco,1
Kobe,13
Kobe2003,1
KobeStudios,1
METOO,1
WoodyAllen,1
不堪,1
不配,1
並一舉,1
並延燒,1
丹佛,1
來議論,1
侵名,1
侵者,1
出入,1
分,1
創投,1
務生,1
各界,1
同意,1
和解,1
多角化,1
大導,1
大數,1
女服,1
娛樂,1
寫著,1
已成,1
往事,2
得分,1
成立,1
成長,1
手上,1
拍攝,1
拿出,1
撤告,1
撤銷,1
方才,1
方達成,1
曾性,1
最後雙,1
本周,1
歐新社,1
汙,1
沒得獎,1
法蘭柯,1
湖人,1
演伍,1
熱愛籃,1
獎的網,1
獎連署,1
球心,1
球衣,1
畫刊,1
發表,1
砸,1
站上,1
經營動畫,1
舊帳,1
萬千人,1
親自,1
詹姆士,1
起雲湧,1
迪艾倫,1
迪艾倫未,1
這件,1
運動風,1
開設,1
隊史,1
頒給性,1
飯店,1
高居,1
點伍,1
好萊塢,1
年,1
作,2
藝術,1
製,3
指控,1
沒,1
20,1
最佳影片,1
獎座,2
1998,1
去年底,1
騷擾,1
女星,1
性,1
醜聞,1
得主,1
少女,1
未,2
HarveyWeinstein,1
包括,1
性侵,1
性騷擾,1
控訴,1
斯,2
溫斯坦,1
男女,1
男星,1
公開,1
獲獎,1
知名,1
道歉,1
奧斯卡獎,1
達,2
監,1
侵,1
坦,2
溫,2
名,2
爆發,1
斯汀,2
多位,1
霍夫曼,2
凱,1
文史,2
貝西性,1
(,5
),5
咖,1
Kobe,1
曾性,1
BenAffleck,1
DustinHoffman,1
KevinSpacey,1
ShakespeareinLove,1
似,1
侵案,1
保住,1
再延,1
列克,2
取消,1
情史,1
應會,1
揭發凱,1
擁有導,1
收回,1
更類,1
波蘭斯基,1
涉嫌,1
演頭,1
無關,1
燒,1
班艾佛,2
當行,1
至少,1
莎翁,1
認錯並,1
貝西,1
起訴,1
身分,1
道德,1
銜,1
說,2
前妻,2
唐雅,2
家暴,3
德曼,4
沒,2
父親,1
蓋瑞歐,2
獎座,1
反性,1
小金人,1
前,1
美國,1
透露,1
挺,1
控訴,1
議題,1
頒給,1
男,1
做,1
暴力,1
生母,2
開心,1
蓋瑞,1
公開,1
影藝學院,2
歐,1
應,1
遭,1
#,2
MeToo,2
恭喜,2
嗆,1
發聲明,1
稱帝,1
此事,1
妻子,1
查理,1
根本,2
格列佛,4
強調,2
分享,1
榮耀,1
清楚,1
並為,1
人格,1
受訪,1
周一,1
唐雅兒子,2
唐雅諷,1
回事,1
姬賽,1
尪,1
想話,1
愛說,1
捍衛,1
掀家醜,1
控家,1
擔保,1
斷聯年,1
暴打,1
沒回,1
特兒子,1
當一,1
砲,1
老爸,2
聲,1
臉親娘,1
舒密,1
謊,1
路透,1
轟美國,1
進化,1
運動歐,1
還以,1
騷,1
中,4
作品,2
加上,2
問題,1
女主角,1
好萊塢,4
年,1
拿下,2
法國,1
演出,3
說,2
春天,1
月,1
經典,1
觀眾,1
歲,1
角色,7
史翠普,1
導演,1
梅莉,1
殺手,1
銀翼,2
意外,1
演,2
男配角,2
一個,3
一片,1
之中,1
女人,1
發光,1
穿,1
事件,1
到,1
捲,2
搞笑,1
文化,1
無法,2
40,1
不夠,1
其實,1
完全,1
希望,1
想像,1
曾,1
曾經,1
演員,1
看到,1
起來,1
世界,3
奇幻,1
就,1
思考,1
應該,1
現實,1
生活,2
那種,1
類型,1
魔戒,1
威爾,1
山姆,1
洛克,1
演技,1
近,1
太,1
我現,1
暴力,1
法蘭,1
白人,1
老實,1
誠,1
只能,2
拍,1
擁有,1
教父,1
畫面,1
眼神,1
黑暗,2
一位,1
成為,2
規模,1
今,1
提名,1
不同,1
台灣,1
‧,1
回到,1
充滿,1
刺激,1
對川,1
抒情,1
框架,1
正確,1
達,1
人心,2
得,2
薇,1
巨型,1
現場,1
突出,1
真,1
便,1
出現,1
追,1
印象,1
西絲麥,1
回應,1
差別,1
蕩,1
垂垂老矣,1
女,1
歐洲,1
行動,1
追求,1
舞台,1
邏輯,1
哈里,2
遜,1
片子,1
裡的,1
這一,1
原本,1
2018,1
或許,1
艾爾,1
1995,1
Carol,1
La,2
Land,1
Pi,1
·,1
—,2
　,2
一擊,1
一肚子,1
上時,1
上班族,3
世界各地,1
中予,1
中信,1
中尉,1
中搖撼過,1
中西部,1
也,1
事實,1
二度,1
人雪,1
伊朗,1
伊莉莎白,1
佛異形,1
作浮,1
俄國戲,1
假,1
傅里,1
光頭戲,1
其外,1
冒險,1
凱特布蘭琪,1
凸長,1
制式化,1
劇學者,1
努力,1
勞勃,1
勾勒,1
史,1
啟蒙者,1
回憶裡,1
回憶起,1
因果,1
地立,1
坦尼,1
境界,1
壓抑,1
外塊,1
多曼,1
多曼麥,1
夜粉,1
天性,1
太空,1
好看,2
安全,1
安東尼,1
寫出,1
寬,1
少不覺,1
少年,2
尼克斯,1
已然,1
帕西,1
年份,1
年頭過,1
幻動,1
廣戲,1
彆,1
形裡,1
很久以前,1
快速,1
怦然,1
情人,1
意識,1
愛好者,1
感覺,2
懊悔,1
懵懂,1
手裡,1
扣,1
扭,1
拉巴斯,1
接近,1
掰,1
摩根,1
改觀,1
敘事,1
文字,1
斯拉夫斯基,1
方法,1
時代感,2
時光,2
普當選,1
更別,1
曼異,1
會永恆,1
李滄東,1
某段,1
條件,1
歌妮,1
歐洲片,1
歷史,1
殺,1
比較,1
汪洋,1
沈默,1
流氓,3
浩,1
深刻理解,1
漂流,1
演到,1
演員太會,1
演員達,1
演會,1
濃縮膠,2
牆爍爍,1
版本,2
牢固,1
狄尼洛,1
狠,1
獵者,1
現代電影,1
理性,1
瓦昆,1
生化,1
當回憶,1
當站,1
白,1
的,2
直面,1
看板,1
看著覺,1
破格,1
破繭出,1
福斯特,1
福特,1
窗子,1
算是,1
粗獷,1
精伍,1
純情,1
絲絲入,1
經覺,1
縝密,1
羔羊,1
耍,1
腦海裡,1
腹中,1
艾賓鎮,1
英挺,1
茱蒂,1
藍天,1
蘇里州,1
蘋,1
行列,1
衝動,1
解釋,1
許說,1
評論者,1
詩意,1
話語,1
詹偉雄,1
語言華彩,1
說密,1
諾現,1
讀過,1
豪格,1
費,1
資金,1
迪,1
迷人,1
這使,1
這電影,1
過劣,1
過許,1
遜美國,1
遠離,1
阿凡,1
雲端,1
霍普金斯,1
靈,1
非洲,1
面容,1
韓國導演,1
順序,1
風範,1
食人魔,1
驟然,1
魯特,1
魯蛇,1
黑囚,1
年,1
座,1
影后,3
會,1
說,1
月,1
偷,1
報導,1
歲,2
晚宴,1
獎座,2
離開,2
44,1
47,1
sUp,1
以重,1
反性,1
地上,1
小金人,4
急,1
抓小偷,1
攝影師,1
放在,1
新低,1
法蘭西絲,1
派,3
炫耀,1
發現,2
盜罪,1
相關,1
聊天,1
臉書,1
警方,1
趴,1
逮捕,1
來,1
女權,1
台幣,2
幽默,1
時間,1
萬元,2
Time,1
’,3
後,1
60,1
大學,1
字,1
法蘭,2
洛杉磯,1
人,1
59,1
拍,1
每日,1
影片,1
應,1
有,1
泰瑞布蘭,2
達,1
搶,1
網友,1
中間,2
眼尖,1
名,1
跑,3
雙手,1
西絲麥,1
回應,1
妙麗,2
艾瑪華森,1
推特,1
收視,1
分子,1
經驗,1
布朗,1
獎人,1
貼,1
郵報,1
路透,2
多曼,1
4160,1
TimesUp,2
po,1
不翼,1
保釋,1
兩手,1
前晚,1
右,1
回獎,1
她,1
專員,1
少,2
徵需,1
手臂,2
拼錯,1
捐,1
撇號,3
文法,1
淪,2
混入,1
特偷,1
特高,1
現年,1
稍晚,1
空空,2
竟,1
笑柄,1
紋身,3
紙校,1
美聯社,1
自居,1
自稱,1
舉偷來,1
艾瑪華森響,1
英國慨,1
著,1
虧,1
西絲則,1
貼紙,1
趁亂,1
趴秀出,2
遇劫,1
遭竊,1
還自,1
金額,1
錯英國,1
開放應,1
飛眾,1
騷運動,1
高材生,2
典禮,1
問題,1
女主角,1
好萊塢,2
會,1
沒有,1
社會,3
約,1
說,1
作,3
製,2
觀眾,1
項,1
13,1
得獎,1
獲得,1
這是,1
非常,1
墨西哥,1
導演,3
情深,2
最佳影片,1
水底,2
主持人,1
創,1
去年,1
演,1
騷擾,1
女人,1
最大,1
不少,1
前,1
堅持,1
挺,1
男人,1
進步,1
原因,1
故事,1
現實,1
黑人,2
一名,1
感到,1
贏家,1
獲獎,1
近年,1
提名,1
台灣,1
強烈,1
應,1
機制,2
成,1
奧斯卡獎,1
得到,1
感情,1
浪漫,1
理念,1
程度,1
背景,1
導演獎,1
反映,2
本獎,1
逃出,1
項大獎,1
蓋,1
高牆,1
劇情,1
絕命鎮,1
大眾,1
媒體,1
故意,2
影迷,1
反,1
人魚,1
編劇,1
人士,1
兼,1
一年,1
藉由,1
意識,1
資金,1
一電影,1
上市,1
上會力,1
人之處,1
人作,1
共獲,1
再現,1
創劇,1
功勞因,1
助攻,1
反省,2
和川,2
喬登,1
單薄,1
囊括,1
國片,3
塢電,1
墨西哥人,1
實萊,1
導,1
成熟,1
指性,1
文,1
文本,3
是講,1
普作,2
普神,1
景深,1
歷屆,1
流通,1
為川普,1
熱鬧,1
理,1
皮爾,1
看奧斯卡,1
社會現,1
緒,1
置,1
美墨,1
自由派,1
蘋論,1
規,1
設,1
評價,1
認為川,1
豐富,1
贏原,1
運作,1
邊境,1
配置,1
金馬獎,1
銷售,1
領受,1
類,1
體裁,1
魚類,1
一舉,1
年,7
座,1
拿下,3
說,3
首次,1
月,1
特別,1
製,1
觀眾,1
鼓勵,1
他,1
動畫,1
歲,2
獎,1
獲得,1
球星,2
短片,3
表示,1
20,2
次,1
小金人,2
男子,1
感謝,1
捲,1
擔任,1
想,1
當個,1
後,1
被控,1
幾乎,1
告訴,1
很多,1
24,1
做,1
洛杉磯,1
生涯,2
能夠,1
送,1
金像,1
拍,1
系列,2
11,2
共,1
受重,1
成為,1
退休,4
外界,1
影片,1
作家,1
成,1
-,1
一首,1
小說,2
感動,1
手掌,1
改編,1
真的,1
NBA,4
基恩,1
湖人隊,1
無數,1
監,1
籃球,3
職涯,1
親愛的,2
迪士尼,1
配音,1
平均,1
拍片,1
昨,1
女兒,2
風格,2
描繪,2
職籃,1
精神,1
一向,1
肯定,1
追求,1
鑽戒,1
重大,1
男孩,1
之神,1
夢想,1
威廉斯,1
小,1
最多,1
2003,1
Kobe,4
分,2
務生,1
女服,1
飯店,1
史,1
現年,1
評價,1
運作,1
2000,1
2005,1
2006,1
33643,1
35.4,1
39,1
Kobe1996,1
Kobe2015,1
不退,1
之後聯手,1
之後要,1
人問,1
作曲家,1
便飯,1
偷吃,1
傷上場,1
傷病,1
克拉,1
全身上下,1
創帶,1
加盟,1
參半不輕易,1
可望,1
喬丹球場,1
回來,1
在律,1
場外,1
多項,1
太瘋狂,1
奮戰,1
官司,1
宣言,1
家常,1
寫詩,1
將詩作,1
師團,1
強力,1
強暴,2
彪炳,1
影界,1
得分王,2
心路,1
成動畫,1
戒,1
戰功,1
戲稱,1
手稿,2
打拼,2
打死,1
打球,1
拍動,1
拍動畫,1
放手一搏,1
暴污點,1
未來,1
棄戰,1
樑,1
權超,1
正籌備,1
歷程,1
毀譽,1
比贏,1
法新社,2
漢,1
無疾而,1
無聊會,1
熱愛籃球,1
爽,1
狂球風,1
獨霸球,1
獲電,1
球壇,1
球季,1
留強,1
畫奪,1
砍,1
籌備,1
終事,1
締造,1
縱橫美國,1
總冠,2
老婆,1
肩膀,1
腳踝,1
膝蓋牙齒,1
要當,1
親,1
詩發表,1
贏得座,1
跨界,1
軍,2
進,1
遭遇,1
鉛筆,2
隔年,1
飛俠,1
驚人紀錄,1
高度,1
鼻,1
齊頭,1
典禮,1
影后,4
約,1
說,1
30,1
打造,1
製,1
觀眾,1
得獎,1
歲,1
沒,1
似乎,1
情深,1
最佳影片,2
水底,1
僅,1
去年,1
小金人,2
派,1
觀賞,1
馬,2
72,1
基嫚,2
女超人,1
妮可,3
服裝,1
水晶,3
海倫米蘭,2
獎的,1
神力,1
禮服,2
穿,1
蓋兒,1
豔,1
贏得,1
閃亮,1
中國,2
信封,1
價值,1
副,1
台幣,1
吉米,2
唐娜薇,1
基墨,3
女郎,1
小丑,1
得主,2
戲院,3
擔任,1
時間,1
玩笑,1
華倫比,1
隔壁,2
感言,2
萬元,1
下台,1
透露,1
頒,4
絕對,2
自嘲,1
團隊,1
妝,1
宣布,1
烏龍,1
祕,1
頒獎,1
今天,1
獎給,1
高潮,1
一開場,1
介紹,1
揪,1
皺,1
賈,2
零食,3
魔,1
找回,1
提與費,1
頒錯,1
合影,1
摩托,4
水上,4
設計獎,1
網站,1
領域,2
艾蜜莉,1
華麗,1
炒,1
艾米,1
高衩,2
舞台,2
頗,1
正在,1
路透,1
美聯社,1
樑,1
4500,2
54,1
IndieWire,1
中段,1
光照,1
克,2
出拿錯,1
分送,1
口,1
吉,1
吉拱,1
吉贏,1
嘉賓,2
困擾,1
垂墜,1
基墨招,1
基墨露,1
基墨首,1
基嫚露,1
堡,1
塔尼,1
壯觀,1
多特,2
奧斯卡以,1
女瑪,1
嫌棄,1
尾聲,1
展示,1
布朗特,1
布里,3
挑大,1
推,1
提開,1
摺,1
救生衣,1
施華洛世奇,2
書,1
最短,1
歌羅比,1
歌羅比惡,1
歐與瑪,1
波,1
漢默亂入,1
潛艇,1
熱奧斯卡,1
爆粗,1
版,1
特服,1
獎品,2
獎會場,1
獎落,1
琵,1
當展場,1
發送,1
社蓋兒,1
秒,1
糖果,1
總編,1
美聯,1
翻攝,1
耀眼,1
苦主,1
萬顆,2
裝設計,1
詠,1
車,2
車幹亂入,1
車遭,1
造,1
連,1
露出,1
騎車,1
驚呼連,1
高興見,1
鬧,1
點華麗,1
Ｘ,1
年,1
影展,1
更是,1
演出,1
執導,1
打造,1
票房,2
精彩,1
該片,1
德曼,3
蓋瑞歐,2
角色,1
吉勒,1
墨西哥,1
導演,1
情深,1
摩戴托羅,1
水底,1
去年,1
意外,3
萬元,1
不了,1
外型,1
手戲,1
世界,1
啞,1
實驗室,1
接受,1
故事,1
現實,1
威爾,1
山姆,1
洛克,1
演技,1
男星,1
法蘭,1
時刻,3
英國,2
黑暗,4
祕,1
不同,1
政府,1
首相,1
情節,1
背景,1
啞女,1
描述,1
還得,1
講述,1
見,1
水片,1
女兒,1
時期,1
西絲麥,1
密,1
十足,1
人魚,1
童話,1
台,2
已故,1
鍍金,1
題材,1
獲,1
公道,1
轉折,1
討,1
軍方,2
驚悚,1
多曼,1
殺,1
可望,1
850,1
一波,1
不乏,1
以美,1
俄冷戰,1
傳情,1
內憂,1
再衝,1
分屬,1
刻劃,1
助人,1
吸金,1
善良,1
囚禁,1
外患,1
女後來,1
威尼斯,1
客捧場,1
工遇,1
張力,1
意想不到,1
憤怒母,1
成人,1
手語,1
換骨,1
材歐,1
歷史題,1
沉重,1
溝通,1
焚屍,1
當清潔,1
看好,1
稱帝作,1
維肖,1
考驗,1
脫胎,1
親慘,1
評沸騰,1
躲避,1
逃,1
逃離,1
遭姦,1
邱吉爾當,1
邱吉爾維妙,1
金獅獎,1
魔幻,1
魔爪,1
魚脫,1
黑色幽默,1
一直,1
好萊塢,1
年,2
說,6
身為,1
首次,1
作,1
動,1
製,1
電,1
他,1
孩子,1
寫,1
更,1
獲得,1
球星,1
表示,1
運動,1
明星,1
知道,1
小金人,2
繼續,2
時,1
有趣,1
珍妮,1
紛紛,1
老,1
贏得,2
闆,1
感謝,1
提到,1
政治,1
新聞,1
致詞,1
做到,1
希望,1
想,3
領獎,1
高興,1
’,1
起來,1
怪物,1
故事,2
做,2
感到,1
總,1
驕傲,1
人,1
成功,1
總是,1
該,1
段,1
致敬,1
僅花,1
成為,2
最高,1
視,1
退休,3
一大,1
作家,1
#,3
典雅,1
日前,1
恭喜,2
榮譽,1
創造,1
得,1
家人,1
NBA,1
不該,1
嗆,1
福斯,1
籃球,3
籃球員,1
親愛的,1
詹皇,2
運球,3
閉嘴,3
許,1
管理,1
!,2
不能,1
以外,1
妻子,1
統川普,1
以前,1
挑戰,1
聲援,1
之神,1
娛樂圈,1
節,1
資,1
(,6
),6
Kobe,7
湖人,1
詹姆士,6
砲,1
轟美國,1
更別,1
打球,2
DonaldTrump,1
JeanieBuss,1
LauraIngraham,1
LeBronJames,1
MichaelJordan,1
Neal,1
ShaqO,1
一出,1
下去,1
主演,1
事贏,1
做生意,1
傳奇,2
別想,1
勝喬神,1
只會別,1
只管,1
名作家,1
問我,1
喬丹,1
因不斷,1
大榮譽,1
奇兵,1
奧斯卡續,1
女主播,1
好感,1
嫉妒,1
巴斯,1
幹,1
想當,1
投,1
指望,1
推特道,1
插手,1
昨獲獎,1
歐尼爾,1
消息,1
目,1
籃球員本,1
老戰友,1
聽別,1
英格蘭,1
說名,1
財務,1
賀湖,1
距離,1
跨足,1
辦到,1
這聽,1
這話,1
入圍,1
年,3
影后,1
說,1
金球,1
執導,1
影,1
月,1
站,1
製,1
觀眾,1
唐雅,1
影帝,2
德曼,5
歲,3
母親,3
獎,1
蓋瑞歐,1
表示,1
角色,1
不到,1
台下,1
吉勒,1
墨西哥,1
導演,1
情深,2
摩戴托羅,1
梅姨,1
水底,2
獎座,1
今晚,1
員,1
小金人,4
意外,3
法蘭西絲,2
演,2
片,1
警方,1
再度,1
女性,1
展現,1
醜聞,1
師,1
影響,1
請,1
錢,1
風光,1
未,1
首度,2
戴,1
控訴,1
起來,1
60,1
故事,1
失利,1
1997,1
36,1
冰血暴,1
包容,1
喜悅,1
字,1
封后,2
屆,1
條款,1
母性,1
法蘭,1
聲音,1
謝導演,1
資助,1
開心,1
需要,1
謝謝,1
贏家,1
59,1
99,1
丹尼,1
人生,1
天狼星,1
婚姻,1
攝,1
時刻,1
生日,1
登警長,1
致敬,1
英國,1
騎士,1
高,1
黑暗,2
每個,1
獎項,1
近年,1
度,2
歐,3
台灣,1
支持,1
首相,1
-,2
現在,1
表情,1
左右,1
打敗,1
嗆,1
21,2
年度,1
便,1
劇組,1
女兒,1
多曼以,1
西絲麥,1
稱帝,2
…,2
妻子,2
現任,1
找,1
半年,1
分享,1
摃,2
詮釋,1
龜,1
已故,1
妳,2
獲,1
路易斯,1
熟悉,1
姦殺,1
榮耀,1
期間,1
砸,1
姬賽,1
路透,1
看板,1
現年,1
導,1
作曲家,1
美聯,1
18,2
他感,1
企劃,1
兇手,1
先生,1
入行,1
創紀錄,2
劇,1
史翠普爭,1
喬萊特,1
喻為,1
埃菲社,2
女士,1
威歐,1
實至名,1
封后睽違,1
將滿,1
布萊克,1
年後揚,1
廣告,1
強悍,1
悍母,1
愛與,1
揚威,1
揣摩,1
摘獎,1
擁抱,1
新婚,1
施暴,1
昨致,1
最強,1
有力,1
歐新,2
毀了,1
獎大,1
獎運,1
看看,1
社梅莉,1
禮物獻給,1
結婚次,1
緊握,1
編,1
肢體,1
臉上,1
至極,1
舒密特,1
言語,1
設計師,1
警長,1
買塊,1
辭鏗鏘,1
送給,1
遲遲,1
邱吉爾細膩,1
部曲,1
首奪,1
一直,1
年前,1
影后,1
拿下,1
約,1
說,2
金球,1
全球,1
執導,1
月,1
影帝,1
歲,2
沒,1
獲得,1
話,1
奪獎,1
導演,2
最佳影片,1
獎座,2
知道,2
意外,2
美元,1
女星,1
一點,1
台幣,1
名字,1
呼喚,1
想到,1
最大,1
玩笑,1
致詞,1
出席,1
想,1
昨在,1
髒,1
黑人,1
獨立,3
22,2
做,1
封后,2
抱,1
法蘭,2
過去,1
難,1
笑,1
贏家,1
不用,1
拍,1
英國,1
西絲,1
高,1
度,1
考慮,1
呼聲,1
夏勒梅,3
提摩西,1
桃子,1
絕命,1
逃出,3
多曼以,1
絕命鎮,2
西絲麥,1
稱帝,2
獎法蘭,1
精神,3
令,1
億,1
獲,1
喬登,2
皮爾,1
法新社,3
吸金,1
2.55,1
75.2,1
look,1
一城史,1
他謙稱,1
但現,1
位該,1
億元,1
克制,1
叫好,1
叫座,1
回,1
大獎成,1
女作,1
工會獎,1
幾個,1
廣大,1
恐怖片,1
愛沒人,1
我演,1
戲時,1
擔心,1
昨穿,1
時開,1
演時,1
獎再,1
獎封后,1
獎度,1
獎演員,1
瘋,1
皮爾處,1
睡衣,1
睡袍,1
素顏,1
罵,1
西絲以,1
講話,1
迴,1
連奪,1
鎮霸,1
響,1
頒導,1
驚訝,1
麥克風,1
