keyword,count
00,15
007,9
10,5
100,2
1000萬,2
100多萬,2
100萬,5
101年,1
106萬,2
10億,6
10分,2
10多,1
10日,13
10月,6
10月分手,1
10萬,1
10點,3
10點半,1
11,1
113,1
117億,1
11日,4
11月,12
11點,2
11點半,1
12,18
120萬,1
121,1
123億,2
1240萬,1
1250,1
126,1
12億,2
12時,1
12月,3
12萬,1
12點,1
13,12
134億,1
1350,1
1366多萬,1
136億,1
13年,1
13日,2
140多,1
147億,2
148,1
14億,1
14日,2
14號,1
15,3
150,5
1500萬,2
152,2
15萬,3
15萬2000,1
16,5
1600萬,1
160萬,1
161,1
1680,1
16日,5
16萬2千,1
17,7
1700萬,1
170萬,2
173億4400萬,1
175億,6
177億,1
17世紀,1
18,20
1800萬,3
1850年,1
1853年,3
185萬,1
186,1
19,15
1917,6
192,1
1922年,1
1928年,1
1929年,10
1930年,1
1930年代,1
1931年,1
1934年,1
1939年,2
1940年,1
1941年,1
1945年,1
1947年,1
1948年,1
1949,1
1951年,1
1952年,3
1953年,1
1955年,1
1957,1
1959年,1
1960年代,1
1961年,2
1964年,2
1967年,1
1968年,1
1970年,1
1970年代,3
1971年,1
1974年,2
1976年,4
1979年,3
1980年,1
1980年代,4
1981年,2
1982年,1
1984年,1
1985年,1
1986年,1
1987年,5
1988年,2
1989年,6
1990年,3
1990年代,6
1991年,2
1992年,4
1993年,7
1994年,2
1995年,6
1996年,8
1997,2
1997年,9
1998,1
1998年,6
1999,1
1999年,2
19世紀,4
19日,1
1億,2
1億4200萬,1
1億5000萬,1
1億5478萬,1
1億7700萬,1
1成,1
1日,5
1月,10
1萬5千,1
20,31
200,4
2000,2
2000年,4
2000萬,5
2001年,8
2002年,8
2003年,8
2004年,10
2005,3
2005年,11
2006年,12
2007年,10
2008年,6
2009年,5
2009月,1
200多,2
200萬,2
2010,2
2010年,12
2011,3
2011年,12
2012年,10
2013,1
2013年,14
2014年,17
2015年,12
2016年,5
2017年,9
2018,4
2018年,5
2019年,3
2021年,1
2024萬,1
20億,1
20多,6
20日,4
20萬,3
21,3
210,1
2100萬,3
214萬,1
218萬,1
21世紀,1
21日,6
22,3
2201萬,1
2240億,1
224萬8000,1
225萬,2
228,3
22日,7
22號,1
23,14
2300萬,1
230萬,1
2360萬,4
23年,1
23日,9
23萬2千,1
2400萬,1
24億,1
24日,6
24萬,1
25,3
2500萬,1
250萬,2
2525萬,1
25年,1
25日,11
2650萬,4
268萬,1
26日,9
270,1
270萬,2
279,1
27日,8
28,2
2800萬,1
2815萬,1
2890萬,1
28億,1
28日,10
29,1
291萬,2
295,1
2960萬,1
296萬,1
29日,7
2d,1
2億,5
2億多,1
2千萬,1
2成,2
2日,6
2月,12
2樓,1
2獎,2
2萬,3
30,17
3000多,1
3000萬,3
3030萬,1
303億,1
3048,4
30億,3
30分,7
30多,1
30萬,1
31,1
318萬,1
32,2
3200萬,2
3280,1
3290萬,3
33,1
333,1
33億,1
3400餘萬,1
3440萬,1
35,4
3500萬,1
36,8
3600萬,2
3639萬,1
3660萬,1
36億,3
36年,1
38,1
38億,1
3c,2
3d,37
3d版,1
3億,13
3億2000萬,1
3千,1
3日,1
3月,28
3獎,6
3萬,1
3點,1
40,1
400,1
4000,1
4000萬,4
400萬,3
4030萬,3
40多,1
40年代,1
40幾,1
417億,1
42,2
42億,1
4300萬,3
431萬餘,1
4321萬,1
44,7
45,3
45億,1
4k,1
4minute,1
4億,9
4億多,1
4兆,1
4冠王,1
4日,2
4月,5
4獎,2
4萬,1
4點,3
50,13
500,9
5000,1
5000萬,7
500萬,4
50億,2
51,2
5131萬,1
51億,1
5200萬,1
53,1
540億,1
54萬1000,1
56,3
5600萬,1
57,1
5740萬,1
575,1
57億,1
57萬,1
57萬5000,1
58,1
58萬,1
59,1
5900萬,1
590萬,1
59億,1
5億,12
5億3千萬,1
5億8342萬,1
5成,2
5日,2
5時,1
5月,10
5獎,2
5萬,4
5點,3
60,4
600,2
6000億,1
6000多,1
6000萬,1
600萬,2
6077萬,1
60多,1
60年代,3
61,3
6168萬,1
61億,1
63,3
64,1
640,1
65億,1
66,3
66兆,1
66萬1099,1
67,1
67億,1
68億,1
69億,1
6億,9
6兆,1
6千多,1
6成,1
6日,1
6月,2
6萬5243,1
6點,4
6點半,2
70,1
7000萬,2
703,1
708,1
70多,1
70年代,6
71億,1
7258,2
727億,1
74,1
75,5
77,1
77億,1
7億,3
7千多,1
7成,4
7時,1
7月,1
7萬,1
7點,3
7點半,1
80,1
800,1
800萬,1
80年代,1
80幾,1
80萬,1
82,1
83,14
8300萬,1
85,11
850萬,1
86,1
87萬,1
88,1
88億,1
89,3
8900萬,1
89億,2
8億,5
8成,1
8日,3
8月,2
8點,13
8點半,2
90,7
900,2
90年,1
90年代,1
91,5
92,1
94,1
9486萬,1
94萬5000,1
96,2
98,1
985萬,3
99,2
9億,4
9成,2
9日,1
9時,1
9月,2
9點,12
9點半,3
a1,1
a4,2
a5,1
abc,5
abderrahmane,1
abraham,1
abusedby,1
academy,3
aclu,1
adam,2
adele,3
affleck,1
agb,1
agency,1
agnes,1
alejandro,7
alfonso,2
alice,1
alicia,2
all,1
alrosa,1
amanda,1
american,1
amour,1
amy,1
and,3
ang,3
angeles,1
angelina,1
aniston,1
anna,1
anne,1
anthony,4
aparicio,1
apocalypse,1
are,1
argo,1
armani,1
arquette,1
arthur,1
artists,1
arts,2
aseparation,1
asghar,2
asia,2
association,1
atmos,1
attah,1
august,2
aviator,2
award,1
awards,2
a咖,1
b2,2
b4,2
babel,1
ball,1
bao,1
bar,1
barry,1
basketball,1
bbc,3
beach,1
bear,2
beatty,1
beauty,1
beers,2
best,1
bette,1
beyonce,1
big,2
bigelow,3
bilden,1
bill,2
birdman,2
birth,1
bj,2
black,1
blake,1
blanchett,4
blood,1
blue,1
bob,1
books,1
boone,1
boseman,5
boyhood,1
boyle,1
brad,2
brando,2
brave,1
brian,2
bridge,1
brie,5
brokeback,2
bruce,2
bruni,1
bryan,1
bryant,1
bts,4
bundchen,1
butt,1
buyers,2
c1,1
caa,4
cairo,1
cameron,2
can,1
caprio,3
carla,1
carol,1
carrie,1
carroll,1
carthy,1
cartney,1
casey,1
catchplay,8
cate,4
ceo,2
cg,1
cgv,3
chadwick,4
changes,1
chapman,2
charlize,2
charlotte,1
chateau,1
chazelle,1
cheryl,1
chinese,1
chris,2
christoph,1
christopher,3
cia,4
cine,1
circle,1
city,1
civil,1
cj,16
claire,1
clark,1
class,1
close,1
club,2
cnn,9
coach,2
colbert,1
collider,2
color,1
colori,1
com,2
commission,1
conaughey,2
conquest,1
county,1
courage,1
crash,4
creative,1
cuaron,2
cullinan,2
d2,2
d5,1
da,1
dallas,2
damien,1
danes,1
daniel,4
danish,1
danny,1
dark,1
date,1
datejust,3
david,2
davis,4
day,3
dc,3
de,3
deadline,3
deakins,1
deggans,2
del,2
departed,2
depp,1
derrick,1
descendants,1
devilin,1
di,3
diamond,4
diane,1
diaries,1
dicaprio,10
disney,1
django,5
docter,1
dolby,1
dormand,7
dpa,4
dragon,1
dream,1
dreameda,1
duo,2
dvd,13
dweller,1
e1,1
earl,1
eating,2
eclipse,1
eddie,3
edit,1
eight,1
elba,1
eltonjohn,1
emma,1
emmanuel,2
empire,2
ending,2
eric,2
erin,1
est,1
everything,1
evil,1
ex,1
exceptionalism,1
exo,1
face,1
facebook,1
fair,1
fantastic,1
farhadi,2
fbi,1
federal,1
ferragamo,1
finally,2
fire,1
fisher,1
floyd,1
flying,1
fonda,1
footnote,2
for,1
forgiveness,1
foundry,1
fox,3
frances,7
frank,1
front,1
frost,1
fu,2
fugitive,1
fury,2
fx,1
gable,1
galaxy,1
galaxynote,1
gangster,1
garrn,1
gary,2
gatsby,1
gene,1
george,4
gibson,1
gilbert,2
girl,3
gisele,1
glenn,1
glory,1
go,3
gonzalez,2
google,1
governors,1
grape,2
gravity,1
great,2
green,2
greenroom,1
greystone,1
group,1
grown,1
gucci,1
guillermo,2
gus,1
hanks,3
happens,2
happy,2
hard,1
hardy,2
hart,1
hateful,1
hathaway,1
hatred,1
hbo,25
hd,12
heatherton,1
help,1
hepburn,1
hermes,1
high,3
hiv,3
hollywood,1
hope,1
hopkins,4
howard,1
hr,1
htc,1
hublot,2
hues,3
hughes,1
hugo,1
hulk,1
hurwitz,1
hustle,1
idris,1
ig,11
ii,2
illuminerdi,1
imax,5
imdb,2
in,6
inarritu,5
inception,2
india,1
indiewire,1
ing,1
initiative,1
inside,1
instagram,1
into,1
ipad,2
iphone,1
ipod,1
iris,1
is,2
isaacs,1
island,1
it,6
itunes,2
iñárritu,2
jack,1
jackson,1
james,4
jamika,1
jan,2
jane,1
janet,9
jared,2
jasmine,1
jenkins,1
jennifer,3
jewelery,1
jim,1
jk,6
joaquin,3
john,1
johnny,1
jolie,1
jones,2
joshua,1
joy,1
jr,1
jtbc,1
judy,1
julianne,2
juliannemoore,1
juliet,1
julius,1
just,1
justin,1
kaluuya,1
kano,1
karenina,1
kate,1
katharine,1
kathryn,3
kay,2
kazuhiro,1
kcon,4
keaton,2
keep,1
kelly,1
kennedy,1
kevin,1
kkbox,1
kodak,1
kossakovsky,1
kruger,1
la,5
lab,1
ladj,1
lady,1
laine,1
land,2
larson,5
laszlo,1
laura,1
lawrence,2
le,2
led,1
lee,5
lemonade,1
leonardo,13
les,2
leslie,1
lessmore,1
let,4
letit,2
leto,2
lewis,2
lgbt,1
life,4
lightbox,1
lincoln,2
linings,2
live,5
lively,1
lives,1
living,1
logo,1
los,1
lourd,1
love,1
lubezki,1
lukasz,2
lupita,1
ly,1
mac,1
machina,1
macron,1
mad,3
mads,1
make,1
making,2
malinowski,1
man,1
mangini,1
mansion,1
mara,1
marissa,1
mark,7
marlon,2
marmont,1
marshall,1
martha,1
martin,6
master,1
masterpiece,1
matter,1
matthew,2
max,3
mayweather,1
ma幫,1
mc,13
me,7
mel,1
memorial,1
mendes,1
mentor,1
meryl,4
mia,1
michael,5
midnight,1
mikkelsen,1
miky,1
miller,1
mini,2
miserables,2
money,2
montfermeil,1
moore,3
morris,1
motion,2
mountain,2
movie,2
movieawards,1
movies,14
mr,3
mtv,13
mtv獎,2
muppet,1
muppets,1
museum,2
music,1
must,1
mv,3
my,1
mya,1
myvideo,4
na,1
namaste,3
nate,1
nathan,1
nation,1
nbc,4
neal,1
nemes,1
net,1
netflix,8
network,1
newman,3
next,1
ng,1
nielsen,3
niro,1
no,8
nolan,1
nomadland,2
norman,1
note3,1
now,1
nu,1
number,1
nyong,1
ocean,1
ocn,2
of,19
ok,2
oldman,2
on,3
oppon1,1
or,1
osage,1
oscar,1
oscars,1
osen,1
oss,1
out,5
outof,1
oyster,6
pacte,1
pal,1
palance,1
papaya,1
paris,1
pasta,2
pataya,1
patricia,1
patterson,2
paul,3
paxton,2
peggy,1
perpetual,7
pete,1
philip,1
philippe,1
phillips,1
philomena,1
phoenix,4
pi,269
piano,1
picture,1
pictures,1
pitt,2
pk,1
pk賽,1
plan,2
playbook,2
plummer,1
plus,1
pluse7mini,2
pnai,1
po,8
pop,9
porter,1
po網,1
prada,4
president,1
price,1
priests,1
prince,1
producers,1
protege,1
psycho,1
ptt,1
puck,1
pwc,7
quentin,3
radcliffe,1
rampling,1
rango,1
re,1
redmayne,3
refaeli,1
remember,1
renee,1
renzo,1
reporter,1
revenant,8
rhythm,3
richards,1
rimbaud,1
rio,1
river,2
road,2
robert,1
rock,2
rockwell,1
roger,1
rohrbach,1
rolex,5
romeo,1
room,3
rooney,1
ruffalo,3
ruiz,1
rupture,1
rylance,3
salesman,1
sam,2
sammy,1
sanders,1
sant,1
saturn,1
saul,2
saved,1
saving,1
sawaya,1
sbs,1
scent,1
school,1
sciences,1
scorsese,6
seanbaker,1
searchlight,1
sense,1
sensibility,1
separation,1
seyfried,1
shakespeare,1
shallow,1
shirley,1
shore,1
short,1
show,1
shutter,1
sid,1
siegal,1
silver,2
simmons,1
sissako,1
sk,2
sky,1
skyfall,1
slave,2
snap,1
snyder,1
socity,1
soderbergh,1
son,2
sony,2
sourd,1
spa,1
spectre,1
spielberg,4
spies,1
spotlight,3
squad,1
stallone,1
stanley,1
star,22
starmovies,9
starmovies３日,1
stars,1
starwars,1
station,2
stella,1
stephen,1
steven,5
still,1
story,4
streep,4
street,2
studios,1
stutterer,2
style,1
sullivan,1
support,1
surprise,1
survivors,1
sylvester,1
taillywood,1
taiwan,1
tarantino,3
tattoo,1
taurog,1
taylor,1
tennon,1
terry,1
th,1
the,43
theatre,1
theory,1
theron,2
thirty,1
this,1
thomas,1
those,1
til,2
timbuktu,1
time,1
tinto,1
titanic,3
tmz,2
to,2
today,2
todd,1
tom,6
tomei,1
tommy,1
toni,1
too,6
top,1
toro,2
total,1
trade,1
truth,2
tsuji,1
tube,1
tw,1
twelve,1
twitter,1
t恤,2
uip,2
unchained,5
undefeated,1
union,2
unknow,1
unknown,1
up,1
upset,1
us,1
usa,1
van,1
vanity,1
varda,1
vicious,1
victor,1
vikander,2
vinterberg,1
viola,2
vip,1
vixx,1
volante,1
vs,2
vue,1
walken,1
wall,4
waltz,1
warren,1
wars,1
watson,1
what,2
whca,2
whiplash,1
white,2
wilder,1
wilhelm,2
william,1
wilson,2
winner,1
winslet,1
with,1
without,1
wolf,2
wolfgang,1
wolfof,1
world,7
wow,1
writing,1
writings,1
www,1
x4k,2
x4kduo,1
xanadu,3
xperia,1
yacht,1
yahoo,2
yalitza,1
years,1
yearsa,1
yes,1
you,5
youtube,3
zal,2
zellweger,1
zero,1
zoom,1
ㄘㄟˋ,1
ㄧ樣,2
一一,3
一一年,1
一七三億,1
一七三億四四,1
一三年,1
一下,8
一不可,1
一九一,1
一九七,1
一九七九年,3
一九三,1
一九九一年,2
一九九七年,1
一九九三年,2
一九九九年,2
一九九二年,1
一九二,2
一九二七年,2
一九五,4
一九五二年,1
一九八七年,2
一九八九年,2
一九八六年,1
一九六〇年代,1
一九六六年,1
一九四,1
一九四一年,1
一事無成,1
一五,1
一來一往,1
一億,1
一億七千萬,1
一億兩千萬,2
一億六千萬,1
一八三二年,2
一八五三年,1
一八五八年,1
一八五四年,1
一八六,1
一八六五年,1
一共,1
一千,3
一千五百萬,1
一反常態,1
一口氣,5
一哥,1
一夜情,3
一大半,1
一夫多妻,1
一姊,1
一定,28
一家人,3
一己,1
一席之地,2
一座座,2
一拍即合,1
一掃而空,1
一探,1
一方,2
一日,6
一早,5
一時之選,1
一會兒,1
一樓,1
一模一樣,3
一氣呵成,1
一流,1
一無所知,1
一百五十四萬,1
一百六十七億,1
一百卅一,1
一百廿億,1
一睹,1
一瞬間,1
一絲不苟,2
一網打盡,1
一線,1
一臂之力,1
一舉一動,1
一般版,1
一視同仁,1
一觸即發,1
一貫,2
一起幕,1
一蹴可幾,1
一較高下,1
一面,3
一馬當先,1
一體,1
一鳴驚人,2
丁丁,1
丁噹,1
七億,1
七億六千三百萬,1
七六七,1
七十,1
七千六百萬,1
七千萬,1
七号,1
七年,1
七成,2
七號,1
丈夫,9
三億,2
三分之一,5
三劍客,3
三十,6
三千兩百萬,1
三字經,7
三幕式,1
三日,1
三星,7
三星花,1
三月,5
三棲,1
三溫暖,1
三獎,5
三立,1
三級跳,1
三萬,2
三角坑紋,4
三角褲,1
三足鼎立,1
三郎,1
三部曲,20
三點,2
上不了,1
上乘,1
上任,1
上傳,2
上升,2
上去,2
上口,1
上台,95
上圍,1
上場,1
上天,2
上太空,1
上妝,1
上學,2
上工,1
上市,5
上帝,7
上床,3
上廁所,1
上映,117
上望,1
上架,7
上校,1
上榜,1
上檔,2
上流,112
上流好威,1
上海,1
上演,2
上漲,2
上班,1
上班族,3
上百,1
上百億,1
上空,5
上網,1
上萬,1
上街,1
上課,2
上述,1
上進,1
上限,1
上陣,2
上頭,2
下來,2
下去,4
下台,3
下場,1
下定決心,1
下廚,2
下手,1
下旬,3
下架,2
下榻,1
下榻處,1
下檔,4
下海,1
下滑,8
下片,1
下班,1
下課,4
下車,1
下達,1
下雨夜,1
不一,1
不一定,8
不上,1
不下,1
不久,3
不二,1
不以為意,1
不作美,1
不佳,2
不便,2
不僅僅,1
不公,4
不准,1
不分彼此,1
不切實際,1
不利,1
不動聲色,1
不務正業,1
不勞而獲,1
不可以,4
不可失,2
不可思議,4
不可知論,1
不可能,11
不可限量,1
不合,1
不合時宜,1
不同凡響,1
不同於,3
不吝,1
不吝於,2
不單單,1
不堪,1
不失,2
不好意思,1
不妙,1
不安,4
不安感,1
不宜,1
不尋常,1
不對勁,1
不屈不撓,1
不屑一顧,1
不已,1
不彰,1
不得我命,1
不得獎,3
不得而知,1
不必,4
不息,1
不悅,2
不愧,2
不慎,1
不懼,1
不折不扣,2
不敬,1
不敵,2
不明,2
不明就裡,1
不時,5
不時之需,1
不朽,3
不止於,1
不清,2
不為過,2
不爭,2
不甘示弱,1
不用,9
不用說到,1
不由自主,1
不痛不癢,1
不相上下,1
不知不覺,2
不知所措,1
不符,3
不等,2
不約而同,3
不經意,1
不羈夜,1
不義,4
不翼而飛,2
不聞不問,1
不良,2
不菲,2
不行,1
不要,16
不見了,2
不見得,5
不解,1
不解之緣,1
不言而喻,1
不計其數,1
不變,1
不負眾望,6
不辭辛勞,1
不遜,4
不遺餘力,2
不顧,1
丑角,1
世事,1
世人,8
世代,8
世俗,2
世俗化,1
世外桃源,1
世家,2
世故,1
世界場景藏,1
世界性,2
世界盃,1
世界級,1
世紀,11
世紀錄,1
世間,1
丘巴卡,1
丟來丟去,1
丟臉,1
丟過來,1
並列,8
並存,2
並無二致,1
並稱,1
並肩,2
並駕齊驅,1
中午,1
中南部,1
中古,1
中國,60
中國片,1
中場,2
中壯,1
中外,1
中天,1
中央,5
中學,3
中尉,1
中小企業,3
中市,1
中市府,1
中年,3
中庸,1
中廣,1
中影,1
中心,15
中情局,6
中指,1
中文,23
中文版,1
中文系,1
中新一代,1
中斷,3
中槍,1
中標率,1
中止,1
中毒症,1
中氣,1
中港路,1
中生代,1
中產階級,1
中箭,1
中英文,1
中華,2
中西,1
中西方,1
中西部,2
中規中矩,2
中輟生,1
中途,2
中選,1
中部,2
中金獎,1
中鋒,1
中陸客,1
中風,1
丰采,2
串場,4
串流,8
串連,1
丹佐,5
丹佐華盛頓,2
丹佐華盛頓薇拉,1
丹吉洛伊,1
丹妮耶拉維加,1
丹尼爾,2
丹尼爾卡盧亞,1
丹尼爾戴路易斯,19
丹尼爾雷克里夫,1
丹尼爾雷德克里夫,1
丹尼鮑伊,1
主人,7
主人翁,2
主修,2
主力,1
主動,8
主君,1
主唱,2
主場,2
主場景,1
主婦,1
主客,1
主宰,2
主導,2
主席,11
主廚,1
主張,2
主意,1
主戲,1
主打,5
主持,35
主持人,61
主持棒,2
主播,3
主攻,2
主旨,3
主流,25
主演,43
主燈秀,1
主管,3
主義,27
主舞台,1
主角,267
主軸,1
主辦,27
主辦人,1
主配角,1
主頻道,1
主題,22
主題曲,10
久久,1
之上,2
之予,1
之內,1
之初,8
之後,46
之間,21
乍洩,1
乏人問津,4
乏味,1
乖乖,2
乖乖生,1
乘勢,1
乘客,2
乘機,1
九億四千六百萬,1
九十,3
九千萬,1
九成70,1
九時,1
九月,1
九點,1
也就是說,1
也許,9
乳牛,1
乳頭,1
乾拌麵,1
乾淨,1
亂世,5
亂世佳人,1
亂倫,2
亂撒鹽,1
亂罵,1
亂買,1
亂開,1
了得,1
了無,1
予以,1
事件,30
事先,4
事務,1
事務所,6
事實,17
事情,13
事業,20
事物,2
事發,2
事與願違,1
事蹟,1
二〇〇〇年,2
二〇〇三年,1
二〇〇二年,2
二〇〇四年,1
二〇一一年,1
二〇一三年,1
二〇一五年,1
二一,1
二二八,1
二元,2
二元觀,1
二八,1
二十,6
二十一,2
二十一世紀,1
二十一億一千萬,1
二十世紀,2
二十九,1
二十二,2
二十二億五千萬,1
二十五日,1
二宮,1
二宮和,3
二成立,1
二手,2
二日,1
二月,1
二話不說,1
于墨西哥,1
互助,1
互動,6
互唇槍舌戰,1
互問,1
互嗆,1
互虧,1
互道,1
五億,1
五億八三四二萬,1
五分之一,2
五十,1
五十一萬,1
五十億三千萬,1
五千萬,2
五年級生,1
五晚,1
五月天,1
五月天主唱,1
五獎,1
五連莊,1
亙古,1
些微,2
些許,2
亞伯拉罕艾塔,2
亞伯特,3
亞伯芬尼,2
亞佛列克,1
亞倫阿金,1
亞倫雷奈,2
亞曼達塞佛瑞,1
亞果,71
亞果出,8
亞果號,1
亞歷山大,1
亞洲,27
亞洲人,5
亞片,1
亞當,3
亞當山德勒,5
亞當蘭伯特,1
亞當麥凱,4
亞美,1
亞莉札阿帕里希歐,1
亞裔,72
亞裔人,1
亞軍,2
亞非,1
亡兄,1
亡夫,1
亡女,1
亡父,2
亡靈節,3
亡魂,2
亢奮,1
交代,2
交保,1
交出,4
交到,1
交叉,1
交往,7
交情,2
交手,1
交易,2
交替,1
交棒,1
交棒給,1
交流,4
交相,1
交給,6
交織,2
交通,4
交鋒,1
交錯,6
交響樂,1
交響樂團,9
亦即,1
享壽,4
京劇,2
京畿道,1
亮出,2
亮燈,1
亮眼,8
亮票,4
亮點,9
人力,1
人味,1
人命,1
人和,1
人員,65
人士,25
人夯,1
人女,1
人妻,2
人工,4
人工會,1
人心,22
人性,27
人情,2
人才,24
人才輩出,1
人擠,1
人數,18
人望,1
人格,3
人權,5
人次,14
人母,1
人民,7
人民幣,2
人氣,14
人海,1
人潮,8
人為,2
人煙,1
人物,38
人獸戀,1
人生路,1
人種,5
人等,1
人緣,3
人群,1
人聲,1
人質,9
人造,6
人造鑽,1
人道,7
人道獎,1
人選,8
人選為,1
人間,4
人類,20
人魔,3
人魚,3
仆街,2
仇人,2
仇快,1
仇怨,1
仇恨,4
今夜,1
今後,4
今朝,1
今村昌平,3
今非昔比,1
介入,1
介護,1
介面,1
他倆,2
他媽的,1
他語,1
付費,2
付闕,1
仙人掌,1
仙女國,1
仙履,1
代價,3
代工,2
代打,1
代擬,1
代步,1
代溝,2
代理,1
代表作,8
代表性,3
代表處,1
代言人,8
代言狗,1
代讀,1
代領,3
以假亂真,1
以前,3
以國,1
以後,8
以牙還牙,1
以色列,17
仰天,1
仰望,3
仰賴,1
任務,60
任勞任怨,1
任天堂,1
任性,1
任教,1
任期,2
份子,4
企圖,4
企圖心,5
企業,7
企業家,2
企業界,2
伉儷,1
伊凡卡,2
伊凡卡漢,2
伊卓瑞斯艾巴,1
伊卡路斯,1
伊拉克,1
伊斯威特,2
伊斯蘭,2
伊旺麥奎格,2
伊朗,65
伊朗人,10
伊朗伊斯蘭,1
伊朗片,5
伊朗裔,5
伊朗話,1
伊朗語,1
伊森霍克,1
伊納利圖,18
伊納瑞圖,1
伊莉莎白泰勒,2
伊迪娜曼佐,2
伊迪娜梅澤爾,1
伊麗莎白泰勒,1
伍德蕾,1
伍迪,2
伍迪艾倫,8
休傑克曼,8
休息室,6
伯仲,1
伴侶,1
伴隨,1
伶牙俐齒,1
伸出,3
伸手,1
但願,1
佇立,1
佈局,15
位子,1
位居,1
位於,8
位置,8
位階,1
低估,2
低成本,2
低收入戶,1
低於,2
低潮,2
低階,1
低難引,1
低頭,1
住在,7
住家,1
住處,1
佔中,1
佔據,3
何其,1
何方,1
何等,1
佛列克,1
佛瑞德紐梅耶,1
佛瑞斯特惠塔克,1
佛祖,3
佛羅里達,1
佛萊迪墨裘瑞,2
作品,133
作嘔,1
作夢,2
作家,7
作對,1
作曲,1
作曲家,1
作業,2
作法,2
作用,2
作畫,1
作秀,3
作結,5
作罷,1
作者,12
作者型,1
作舊,1
作風,1
你我,3
你死我活,1
佩吉席格,1
佩姬,1
佩姬席格,1
佩帶,1
佩戴,1
佩服,4
佳人,4
佳作,1
佳偶,2
佳片,8
佳等,1
佳績,12
佳評,1
佳話,1
併發症,1
併肩,1
併連,1
使出,2
使命感,2
使者,1
侃侃而談,1
來不及,3
來人,1
來到,2
來勢洶洶,4
來去,1
來回,1
來往,1
來得,4
來得及,1
來源,3
來臨,2
來自於,3
來賓,7
來電,1
來電影,1
來頭,2
例外,2
例子,5
侏羅紀,1
供應,3
依偎,1
依卓斯艾巴,1
依序,2
依循,1
依法,1
依託,1
依賴,2
依達,4
侮辱,1
侯孝賢,13
侯杜諾,1
侯選人,1
侵入,1
侵受,1
侵擒,1
侵略,1
侵蝕,1
侵襲,1
侷限,2
便利商店,1
便宜,4
便慧眼,1
便當,2
促成,4
促進,1
促開,1
俄國,6
俄羅斯,2
俊俏,2
俊彥,1
俊昊,17
俊男,3
俗氣,1
俗稱,2
保全,1
保存,5
保守派,1
保安,1
保密,2
保持,14
保持人,1
保留,4
保羅,3
保羅湯瑪斯安德森,1
保羅紐曼,4
保羅索倫提諾,3
保羅索倫蒂諾,1
保證,9
保送,2
保鑣,1
保障,1
保險套,3
信仰,8
信件,1
信任,1
信保,3
信封,12
信封袋,1
信心,7
信念,2
信義,2
信誓旦旦,1
修剪,1
修圖成,1
修女,1
修復,3
修正案,1
修法,2
修理,2
修道院,1
修飾,1
修養,2
俯拾皆是,1
俯瞰,1
俱佳,1
俱全,1
俱樂部,37
倉促,1
倉吉,1
倉庫,1
個人,33
個性,11
個性獎,2
倍增,2
倍翻,1
倒不如,1
倒忙,1
倒數,4
倒是,5
倒胃,1
倖存,2
候選人,3
借來,1
借妥,1
借將,1
借鏡,1
倡導,2
倪妮,2
倪妮成,1
倪妮非,1
倫佐皮亞諾,1
倫敦,10
值不了,1
值錢,1
假扮,1
假扮成,1
假掰,1
假期,4
假象,1
假身,1
假鑽,1
偉人,1
偉大,11
偏低,1
偏向,3
偏執,2
偏好,3
偏差,1
偏心,1
偏愛,3
偏袒,1
偏見,2
偏重,2
做夢,3
做完,1
做愛,2
做成,1
做法,2
做為,8
做菜,1
停擺,1
停歇,1
停止,1
停滯,1
停頓,3
健全,1
健康,3
健康餐,1
側寫,1
側翼,2
偵探,2
偶像,10
偶像型,1
偶然,9
偶爾,2
偷偷,2
偷到,1
偷渡,1
偷盜罪,1
偷窺,1
偷竊,3
偷閒,1
偽君子,1
傅里曼,1
傍晚,1
傑佛森,1
傑作,4
傑克,3
傑克吉倫荷,1
傑克基倫霍,1
傑克尼柯遜,12
傑克布萊克,3
傑克帕蘭斯,1
傑克森,2
傑克萊諾,1
傑克遜,1
傑出,12
傑夫布里吉,1
傑尼斯,1
傑普甘巴德拉,1
傑森,1
傑森瑞特曼,1
傑瑞德,4
傑瑞德雷托,7
傑瑞李托,4
傑瑞李透,1
傑瑞米爾文,4
傑瑞米雷納,1
傑米福克斯,2
傑米貝爾,1
傑萊斯,1
傑萊斯匈牙利,1
傑西,1
備感,3
備有,2
備用,1
催婚,1
催淚,3
催生,2
傲人,6
傲視,1
傳人,1
傳來,2
傳動畫,1
傳唱,2
傳奇,17
傳奇式,1
傳媒,1
傳情,1
傳成,1
傳承,8
傳播,4
傳收,1
傳於,1
傳染病,1
傳神,1
傳統,25
傳聞,2
傳言,1
傳訊息,1
傳記片,2
傳說,5
傳達,8
傳達出,1
傳達給,1
傳遞,2
傳遞給,1
傷口,1
傷害,5
傷心,2
傷痛,5
傷透,1
傷逝,1
傾力,1
傾向,5
傾向於,1
傾聽,1
僅有,7
僅次,1
僅次於,3
像星,1
像樣,2
像素,1
像部,1
僑生,1
僥倖,2
僱主,1
價位帶,1
價值,20
價值觀,2
價格,3
價錢,1
儀器,1
儒家,1
償還,1
優劣,1
優勝,1
優勢,8
優化,1
優厚,1
優惠,2
優異,1
優美,2
優越,1
優遊,1
優點,2
儲存,1
儲糧,1
儷人行,1
允許,2
元件,1
元宵,4
元斌,1
元老級,1
兄妹,1
兄弟,11
充斥,6
充電,1
充飢,1
兆頭,1
先天,1
先後,3
先生,7
先進,4
先驅,1
先驅報,1
光帶,1
光廊,2
光彩,2
光影,1
光復,1
光擒,1
光明,1
光景,2
光榮,12
光洛城,1
光環,5
光碟,1
光線,3
光耀,1
光芒,1
光輝,1
光速,1
光頭戲,1
光鮮,3
克利斯汀貝爾,1
克勞帝,2
克勞帝歐,2
克勞德貝利,1
克勞蒂歐米藍達,1
克拉,2
克拉克蓋博,2
克拉瑪,2
克服,7
克林伊斯威特,4
克爾,2
克莉絲汀,2
克莉絲汀史都華,2
克莉絲蒂,1
克萊兒丹妮絲,1
克里斯,9
克里斯伊凡,2
克里斯多佛,1
克里斯多夫,9
克里斯多夫普拉瑪,5
克里斯多夫普拉默,1
克里斯多夫沃茲,3
克里斯多夫瓦茲,1
克里斯多夫華茲,6
克里斯多夫諾蘭,3
克里斯多福瓦爾茲,1
克里斯多福華肯,1
克里斯庫柏,1
克里斯汀貝爾,3
克里斯洛克,15
克里斯洛克幫,1
克里斯漢斯沃,2
克里斯艾文,1
克隆尼,2
兌現,1
免於,1
免試,1
免費,6
免除,1
兒女,2
兒少,1
兒時,1
兒童,21
兔將,1
入不敷出,2
入世,1
入主,1
入侵,1
入口處,1
入圍,378
入圍片,3
入園,1
入場,2
入場券,2
入境,1
入學,1
入帳,1
入戲,2
入手,1
入木三分,1
入流,1
入行,4
入選,1
入門,3
入門機,1
入魂,2
內傳,2
內剖,1
內向,1
內在,1
內外,1
內布拉斯加,2
內幕,2
內心,10
內憂外患,1
內政部,1
內田也哉子,1
內疚,1
內行人,1
內褲,4
內部,2
內野,1
內閣,1
內鬥,1
全力以赴,1
全境,1
全心,2
全攬,1
全數,4
全景聲,7
全民,6
全滿,1
全無,1
全球化,3
全盤,1
全神貫注,1
全蝕,1
全讚,1
全身,3
全軍覆沒,1
全開,2
全面,12
全面性,1
兩三,1
兩億,2
兩億多,1
兩千年,1
兩岸,3
兩性,5
兩截式,1
兩極,3
兩樣,1
兩獎,3
兩萬,1
兩點,1
兩點半,1
八五,1
八十,2
八十三年,1
八十九,1
八十二,3
八十五,2
八十五年,1
八十六萬一千,1
八十四年,1
八卦,3
八年,1
八田,2
八點,1
公主,1
公事包,2
公事箱,4
公債,1
公共,2
公務員,1
公升,1
公園,3
公寓,1
公布,23
公平,14
公平性,1
公式,2
公式化,1
公敵,4
公會,3
公會獎,4
公正,2
公民,14
公然,1
公益,1
公義,3
公視,5
公認為,1
公路,3
公道,8
公開,24
公開信,6
公關,7
公關戰,1
六億,2
六分之一,1
六十二,1
六千,1
六千多,1
六年,1
六點半,1
兮兮,1
共事,2
共享,6
共同體,1
共同點,1
共和,4
共和國,1
共和黨,5
共存,1
共得,1
共犯,1
共舞,1
共處,1
共襄盛舉,2
共計,1
共識,2
共通,3
共通性,1
共通點,2
共騎,1
共鳴,11
兵分兩路,1
兵團,1
其實,69
其後,2
具名,1
具有,10
具現,1
具體,2
具體而微,1
典型,4
典禮,391
典禮場,1
典禮會,1
典範,3
典雅,2
兼伙夫,1
兼具,5
兼容,1
兼舍,1
兼融,1
兼顧,3
再一次,2
再現,4
冒出,2
冒對險,1
冒死,1
冒犯,3
冒險,31
冒險感,1
冒險犯難,1
冗長,1
冠亞軍,1
冠奧斯卡,1
冠據,1
冠肺炎,1
冠軍,25
冠軍路,1
冤家,1
冤死,1
冥誕,4
冰冰,5
冰封,1
冰球賽,1
冰血暴,4
冰雪,8
冰雪奇緣,1
冰點,1
冷冰冰,1
冷冷,1
冷冽,1
冷凍,1
冷凍庫,1
冷嘲熱諷,1
冷場,4
冷山,2
冷戰,1
冷水,1
冷澀,1
冷眼旁觀,1
冷落,1
冷血,1
冷酷,1
冷門,3
冷面,1
冽寒,1
凋歇,1
凌駕,4
凍僵,1
凍屁屁,1
凍蒜,1
凍骨,1
凝聚,2
凝聚力,1
凝視,7
凡夫俗子,1
凡妮莎寇比,1
凱撒獎,6
凱文史貝西,1
凱文哈特,2
凱文科斯納,4
凱旋,1
凱爾麥克拉蘭,1
凱特,9
凱特哈德森,1
凱特布蘭琪,25
凱特溫絲蕾,7
凱瑟琳,1
凱瑟琳米爾絲,1
凱瑟琳赫本,1
凱莉墨里根,1
凱莉洛爾巴赫,1
凱莉福克斯,1
凱莉穆莉根,1
凱莉羅巴克,1
凱蒂佩芮,1
凱薩獎,19
凱薩琳,3
凱薩琳畢格羅,7
凱薩琳赫本,2
凱西亞,1
凱西艾佛列克,1
凶險,1
凸槌,1
凸顯,10
凸顯出,2
出世,1
出乎,2
出事,1
出人意外,1
出任,1
出力,1
出動,2
出包,2
出去,1
出口,1
出名,2
出否,1
出品,1
出品國,1
出售,1
出國,1
出場,5
出場費,1
出好,1
出局,4
出席會,1
出得起,1
出擊,2
出書,1
出櫃,2
出演,4
出爐,7
出爛,1
出版,1
出版法,1
出現,54
出生,13
出生地,3
出發,4
出眾,1
出神,1
出糗,1
出線,8
出自,3
出言,1
出賀圖,1
出資,4
出賣,1
出走到,1
出身,10
出道,12
出遠門,3
出采,1
出鋒頭,2
出錯,3
出門,2
出領,1
出頭,1
出頭天,1
出風頭,1
出飾,1
分享給,1
分公司,1
分出,1
分分合合,1
分家,2
分寸,1
分居,30
分工,1
分布,3
分店,1
分心,1
分成,1
分手,6
分擒,1
分散,3
分數,1
分明,8
分曉,1
分歧,1
分段,1
分獲,1
分界線,1
分紅,2
分級,1
分裂,4
分貝,3
分配,6
分配到,1
分配給,1
分量,1
分鐘,25
分開給,1
分離,1
分領,2
分頭,1
分飾,2
切入,2
切成,1
切換,1
切爾瑞,1
刈包,1
刊物,1
刊登,1
刑囚,1
刑求,2
刑法,1
列入,1
列印出來,1
列為,3
列緬懷,1
初夜,1
初期,3
初次,1
初步,1
初版,1
初稿,1
初衷,7
判斷,1
判決,1
別具一格,1
別出心裁,1
別有,1
別樹一格,1
別號,1
利器,1
利多,1
利息,2
利益,5
刪去法,2
刪減,3
到位,6
到場,9
到得了,1
到擒來,1
到處,4
到頭來,1
制度,13
制式化,1
制止,1
制裁,2
制霸,1
刷新,9
刺客聶隱娘,1
刺殺,1
刺繡,1
刻上,1
刻下,1
刻不容緩,2
刻劃,4
刻印,1
刻字,1
刻板,13
刻滿,1
刻畫,4
刻苦,1
刻骨,1
削弱,1
削減,1
削肩,1
削髮,3
剋星,1
前任,2
前作,1
前來,4
前例,2
前傳,1
前前後後,1
前去,1
前哨戰,3
前哨獎,1
前塵,1
前夕,13
前夫,1
前妻,8
前年,13
前所未有,3
前所未見,6
前日,3
前晚,6
前景,3
前段班,1
前瞻,1
前線,1
前總統,4
前衛,2
前身,1
前輩,11
前面,1
剎那,1
剖析,5
剛剛,1
剛巧,3
剛巧片,1
剛強集,1
剝削,2
剝奪,1
剪去,1
剪接,5
剪接師,2
剪接獎,1
剪裁,1
剪輯,38
剪輯獎,5
剪進去,1
副不仁,2
副主編,1
副實,1
副局長,2
副市長,2
副會長,3
副研究員,1
副總幹事,1
副總統,4
副聲道,1
副院長,1
創下,42
創作,38
創作出,1
創作力,8
創傷,2
創出,1
創始,4
創影史,1
創意,12
創投,3
創新,6
創新獎,1
創立,2
創紀錄,2
創舉,1
創藝獎,1
創設,1
創辦人,3
創造,18
創造出,3
創造力,3
創長,1
剽悍,1
劃分,1
劇中人,1
劇中劇,1
劇作,1
劇作家,3
劇務,4
劇團,3
劇場,10
劇場界,3
劇宮鬥,1
劇情,28
劇情片,10
劇本,150
劇本獎,21
劇照,1
劇目,1
劇碼,1
劇組,34
劇變,1
劇迷,1
劇院,21
劇集獎,1
劉侑翁,1
劉寶傑,2
劉若英,1
劍客,2
劍橋,4
力作,3
力圖,1
力拱,1
力挺,12
力敵到,1
力氣,2
力求,1
力爭,1
力行,2
力讚,3
力道,1
力邀,5
力量,9
功不可沒,1
功勞,5
功夫,4
功宴,1
功成名就,1
功敗垂成,4
功臣,1
功課,2
加冕,3
加分,1
加國,7
加國人,1
加場,4
加害人,1
加州,12
加廳,1
加強,1
加拿大,18
加拿大人,4
加持,19
加油,6
加油棒,1
加派,1
加溫,1
加演,2
加盟,1
加總,2
加裝,1
加訂,1
加諸,1
加贈,1
加起來,1
加足,1
加開,2
加開廳,1
劣作,1
劣勢,1
助人魚,1
助力,2
助手,1
助攻,5
助理,16
助益,1
助陣,2
勁敵,9
勇奪,59
勇於,2
勇氣,16
勉強,2
動作戲,1
動作片,7
動保員,1
動力,2
動向,3
動容,9
動彈,1
動態,2
動搖,3
動物,21
動物區,1
動物園,13
動畫,61
動畫片,6
動腦筋,1
勘景,9
務實,2
務必,1
勝任,1
勝券在握,2
勝算,1
勝過,2
勞倫斯奧利佛,1
勞倫斯奧利佛獎,1
勞倫斯奧立佛獎,1
勞力士,29
勞勃,1
勞勃狄尼洛,6
勞勃瑞福,1
勞勃道尼,1
勞勃阿特曼,1
勞工,1
勞萊,1
募得,1
募款,2
勢力,3
勢均,1
勢如破竹,1
勢必,3
勤奮,1
勤快,1
勤練,1
勳章,1
勵志,5
勸說,1
勾勒,3
勾引住,1
勾起,1
包圍,2
包場,1
包好,1
包子,2
包容,5
包容性,1
包庇,1
包袱,1
包裝,3
包覆,1
包辦,10
包骨,1
匈牙利,6
化作,1
化妝,19
化妝師,2
化成,1
化解,2
化身為,1
北京,12
北卡,1
北大,1
北美,29
匠心,1
匯流,1
匯聚,1
匱乏,2
匿名,6
區分,2
區別,2
區區,4
區塊,1
區隔,1
十一,6
十七,1
十三,6
十九,1
十九世紀,3
十二,3
十二月,2
十五,14
十五億,1
十八,4
十六,4
十四,1
十四億,1
十多,1
十面埋伏,3
十餘,1
千古,5
千絲萬縷,1
千萬,7
千言,1
千言萬語,1
千變萬幻,1
千辛萬苦,1
卅五,1
卅四,1
卅多,1
升天,1
升學率,2
升格,2
升級,1
升起,2
午夜,10
午餐,1
半夜,3
半夜三更,1
半數,1
半晌,1
半死不活,1
半百,1
半途,1
卓別林,2
卓成,2
卓讓,1
卓越,4
協拍,1
協會,30
協會獎,2
協調,1
南一,1
南一中,3
南京籍,1
南倫敦,1
南加州,1
南北,2
南北戰爭,7
南區廳,1
南半球,1
南投,1
南方,9
南極,1
南灣,1
南端,2
南部,3
南非,4
南韓,38
博士,4
博得,3
博斯曼,3
博物館,8
占盡,1
占領,1
卡列尼娜,1
卡卡,2
卡司,4
卡在,1
卡拉ok,1
卡拉巴克莉,1
卡拉布魯尼,1
卡斯,1
卡片,3
卡特,4
卡羅爾,1
卡莉克勞斯,1
卡蒂b,1
卡蘿,1
卡蜜拉,1
卡蜜拉艾維斯,1
卡通,3
卡麥蓉狄亞,1
卡麥隆,1
卡麥隆麥金塔許,1
印下,1
印刷,1
印地安人,2
印地安人隊,1
印度,30
印度人,1
印度文,1
印度裔,1
印度語,2
印有,1
印第安族,1
印製,4
印象,23
印象深刻,1
印鈔,1
印鈔力,1
危險,3
即刻,1
即日,1
即時,2
即興,2
卸下,1
卻步,1
厚愛,2
厚望,1
原住民,12
原力,2
原呼聲,1
原唱,1
原因,14
原地,1
原址蓋,1
原始,4
原定,1
原形,1
原料,1
原狀,1
原聲帶,4
原訂,2
原諒,1
原鑽,3
原音,1
厭世,3
厭倦,3
厭惡,3
厭煩,1
去世,2
去向,1
參加完,1
參展,1
參戰國,1
參演,2
參考,2
參與,37
參觀,6
參議員,4
參賽,1
參選,1
友人,4
友善,1
友子,1
友情,2
友誼,3
友邦,1
反串,1
反其道而行,3
反制,2
反動,2
反同,1
反向,1
反問,1
反對,7
反對票,1
反常,1
反彈,5
反思,4
反感,3
反應,19
反應出,1
反抗,4
反撲,3
反擊,6
反效果,1
反映,19
反映出,3
反核,2
反派,1
反省,4
反芻,1
反覆,2
反觀,3
反觀史,1
反話封,1
反諷,2
反駁,1
反骨,1
叔叔,1
取勝,1
取巧,1
取得,8
取景,2
取暖,1
取材,5
取決,3
取消,1
取笑,1
受不了,1
受傷,2
受凍,1
受害,8
受封,1
受教,2
受理,1
受益,1
受盡,1
受聘,1
受落,1
受虐,1
受訓,2
叛徒,1
叛變,1
叢林,1
口交,2
口吻,1
口味,3
口水,1
口碑,12
口碑場,1
口罩,1
口號,2
口誤,2
口譯,4
口音,3
口頭,2
口齒,1
古一,1
古典劇,1
古典樂,1
古堡,2
古怪,3
古意,1
古柏,1
古瓦龍,3
古老,1
古裝,2
古詩,1
古都,1
句子,1
句點,1
另一半,4
叩問,1
叩關,6
只不過,2
只好,7
只得,2
叫住,1
叫做,1
叫到,1
叫屈,3
叫絕,1
召開,1
召集人,4
可信,1
可兒,1
可口,1
可可,7
可喜,1
可圈可點,1
可怕,2
可悲,2
可惡,1
可愛,9
可憐,2
可期,1
可樂,6
可疑,1
可看性,1
可笑,1
可能性,2
可行,2
可行性,1
可觀,1
可謂,6
台中,40
台中市,29
台中市政府,1
台北,22
台北市,2
台北市長,1
台南,23
台南一中,6
台南市,2
台大,1
台幣,114
台灣,340
台灣人,8
台灣大,1
台灣讚,1
台片,3
台萊塢,1
台裔,3
台詞,14
台語,1
台面,2
史丹利,2
史丹利杜寧,5
史代爾,1
史匹柏,44
史匹柏李安,1
史嘉莉,1
史嘉蕾約翰森,1
史坦尼斯拉夫斯基,1
史大,1
史密斯,1
史實,5
史帝芬霍金,1
史提夫,2
史提夫馬丁,1
史提夫麥昆,19
史料,1
史柯西斯,11
史派克,3
史派克李,14
史派克瓊斯,1
史派瑟,4
史無前例,3
史特龍,12
史班森,1
史翠普,1
史蒂芬,6
史蒂芬佛瑞爾斯,1
史蒂芬史匹柏,32
史蒂芬柯拜爾,1
史蒂芬索德柏,3
史蒂芬霍金,2
史詩,1
史諾登,10
史賓賽,1
史都華羅斯芬克,1
史陶德邁爾,1
史黛芬妮卡特,3
司機,7
司法,1
叼回家,1
吃力,1
吃法,1
吃盡,1
吃素,5
吃虧,2
吃足,1
吃軟飯,1
吃重,1
吃飯,1
各界,3
合一,1
合作,86
合作無間,1
合力,1
合唱團,6
合寫,1
合影,6
合成,4
合拍,6
合法,1
合為,1
合照,15
合照機,3
合理,3
合眾國,1
合約,1
合組,1
合開,1
吉他,1
吉勒摩,4
吉勒摩戴托洛,1
吉勒摩戴托羅,16
吉吉,2
吉姆卡羅爾,1
吉米卡特,1
吉米基墨,2
吉米金莫,9
吉莉娜裘莉,1
吊帶,1
吊掛,1
吊詭,1
同事,3
同仁,1
同位,1
同儕,3
同命相憐,1
同唱,1
同學,10
同屬,1
同工,3
同志,26
同性戀,4
同情,3
同情票,2
同意,5
同感,2
同慶,2
同日而語,1
同業,5
同步,22
同理心,2
同胞,7
同行,7
同賀,2
同質性,1
同路人,1
同酬,1
同長,1
同齡,1
名人,5
名人堂,1
名作,3
名先,1
名列,4
名列前茅,1
名列川普,1
名利雙收,1
名副其實,1
名勝,1
名叫,2
名喚,1
名單,81
名嘴,4
名字,22
名將,1
名導,32
名望,1
名模,1
名正言順,2
名氣,1
名流,2
名為,2
名相,1
名稱,5
名算,2
名義,1
名聲,3
名著,1
名號,4
名表,2
名譽,1
名額,1
后主教座堂,1
后冠,1
后呼聲,1
后座,2
后得主,1
后相,1
吐出,1
吐槽,7
吐露,1
向學,1
向隅,1
君子,1
吞噬,2
吞敗,1
吟詠,1
吟誦,1
否定,2
否極泰來,1
否決,2
否認,5
含淚,3
含蓄,1
吭聲,1
吳亦凡,1
吳俊誠,3
吳克群,1
吳季剛,1
吳宇森,1
吳寶春,1
吳彥祖,1
吳恬敏,4
吳興國,12
吳雅真,1
吸力,1
吸引到,1
吸引力,1
吸毒,1
吸睛,4
吸睛力,1
吸納,2
吸血蟲,1
吸金,1
吹上,1
吹口哨,1
吹噓,1
吹捧,1
吹毛求疵,1
吹風,1
吻合,1
吻小金人,1
呈獻,1
呈現出,1
告別,1
告吹,2
告急,1
告捷,2
告白,2
告知,1
告示,1
告示牌,2
告誡,1
周一,4
周二,2
周六,1
周冠軍,1
周刊,3
周到,1
周剛滿,1
周四,1
周圍,1
周報,1
周年,8
周延,1
周慮,1
周旋,1
周日慶,1
周星馳,2
周潤發,3
周美青,3
周記,2
周邊,2
周顯揚,1
味道,3
呵護,1
呼呼,1
呼喊,2
呼喚,5
呼應,13
呼救,1
呼風喚雨,1
命中,2
命中注定,2
命中率,3
命名,1
命案,1
命運,5
咀嚼,2
咀嚼出,2
咆哮,1
和平,8
和弦,1
和樂融融,1
和聲,1
和藹,1
和解,1
和諧,1
咖啡,1
咖啡色,1
咖撐場,2
咪咪,1
咳嗽,1
咸認,1
哀傷,4
哀哉美利堅,1
哀愁,1
品味,6
品嘗,1
品屋,1
品牌,16
品質,5
哄堂大笑,2
哈佛,2
哈利,1
哈利波特,14
哈台,1
哈囉,1
哈姆雷特,1
哈扎納維奇,1
哈札納維奇,1
哈樂黛,1
哈比人,2
哈洛德洛伊,1
哈維,1
哈維溫斯坦,8
哈莉葉,3
哈里斯,4
哈里遜,2
哈里遜福特,2
員工,15
哥倆,1
哥倫比亞,1
哥兒,1
哥譚,1
哪知,1
哭訴,1
哲思,1
哲理,1
哽咽,7
唏噓,1
唐山,1
唐突,1
唐薛利,1
售價,2
售票,1
唯一,40
唯妙唯肖,1
唯獨,2
唱出,1
唱反調,1
唱名,2
唱歌,2
唱片,3
唱衰,1
唸出,4
啃活魚,1
商人,2
商務艙,1
商品,1
商場,1
商業,20
商業化,1
商業片,7
商機,3
商討,1
問到,6
問及,1
問答,2
問起,1
問鼎,9
啞女,6
啟動,4
啟用,4
啟發,10
啟示,3
啟示錄,3
啟蒙,2
啟蒙者,1
啤酒,4
啤酒商,1
喃喃自語,1
善任,1
善加,1
善念,3
善惡,2
善意,1
善有善報,1
善用,2
善盡,1
善美,1
善良,7
喊爽,1
喊讚,3
喋血,3
喚醒,5
喜上眉梢,1
喜事,1
喜出望外,2
喜劇,15
喜劇片,6
喜劇類,3
喜好,5
喜宴,8
喜怒哀樂,1
喜怒無常,1
喜悅,12
喜感,1
喜擒,1
喜氣,1
喜氣洋洋,1
喜獲,1
喜訊,2
喝到,1
喝采,4
喪失,1
喪志,1
喬丹,2
喬丹娜布魯斯特,1
喬伊,1
喬妹,4
喬斯溫登,1
喬柯恩,1
喬治,7
喬治亞,2
喬治克隆尼,4
喬治克魯尼,1
喬治史坦利,1
喬治帕爾,1
喬治柯隆尼,2
喬治梅里葉,1
喬治甘迺迪,1
喬治米勒,11
喬瑟夫,3
喬登皮爾,2
喬納希爾,1
喬艾爾文,3
喬萊特,1
喬裝,1
喬許,3
喬許布洛林,1
喬賈德納,1
單一,5
單元,4
單方面,1
單日,3
單槍匹馬,1
單獨,1
單純,8
單薄,1
單親,4
單調,1
單身,2
單鏡頭,1
嗅出,2
嗆川普,1
嗆聲,1
嗑成,1
嗑素,2
嗚咽怪聲,1
嗜好,3
嗡動,1
嗤之以鼻,1
嗨到,1
嗨森,1
嘆為觀止,2
嘉年華,1
嘉年華會,1
嘉莉費雪,1
嘉蘭,1
嘉賓,3
嘉賓阿姆,1
嘎然,1
嘔出來,1
嘗試,14
嘲亞裔,1
嘲弄,2
嘲諷,13
嘴唇,1
嘴巴,1
嘴角,1
嘹亮,1
嘻哈,2
噁心,4
噤聲,2
器小,1
器材,3
噩夢,1
噴火,2
噴飯,1
嚮往,2
嚴密,1
嚴格,3
嚴正,2
嚴肅,5
嚴詞,1
囂張,2
囉唆,1
囊中物,1
囊括,16
囍宴,5
囚禁,9
四伏,4
四億四千三百萬,1
四十七億三千萬,1
四十九,1
四十五,1
四十億,1
四十四,2
四十萬,1
四四九,1
四年,1
四月,1
四海,2
四獎,3
四百萬,1
四肢,1
四處,8
四金人,1
四面八方,1
四點,1
囝仔,1
回來,1
回到,20
回升,2
回味,3
回嗆,1
回報,3
回復,1
回復到,1
回想,3
回想起,1
回憶,20
回憶起,2
回憶錄,1
回應,20
回擊,1
回收,6
回本,1
回歸到,2
回流,1
回溫,3
回溯,3
回眸,1
回答,8
回絕,1
回覆,1
回贈給,1
回電,1
回響,4
回頭,1
回顧,6
回饋,1
回首,3
因地制宜,1
因循,3
因應,4
因果,1
因素,9
困境,6
困居,1
困惑,1
困擾,1
困窘,1
困陷,1
困難,10
困難度,2
固定,1
固有,1
圈內人,1
圈外,1
圈套,1
圈子,1
國人,4
國內,7
國務院,1
國外,11
國宴級,1
國家,49
國小,1
國度,1
國故,1
國教,1
國旗,2
國會,2
國民,1
國民黨,1
國營,3
國片,24
國王,1
國界,8
國發,1
國立,1
國籍,4
國藝,2
國藝會,2
國語,2
國賓,4
國防,2
國防部,1
國際,98
國際化,3
國際獎,3
國際級,2
圍牆,1
圍繞,6
圍觀,2
園區,4
園熱,1
圓夢,1
圓滿,2
圓舞曲,1
圖案,1
團員,1
團結,3
團結一致,1
團聚,1
團隊,34
團隊台,1
團體,7
土地,1
土壤,2
土屋太鳳,1
土星,1
土星獎,2
土法,2
土生土長,1
在一起,5
在世,2
在位,1
在即,1
在在,2
在地,2
在座,3
在意,2
在所不惜,1
地上,2
地上車,1
地下室,5
地下弒,1
地下男,1
地位,12
地利,1
地利人和,1
地區,5
地圖,2
地域,2
地域性,1
地帶,1
地心引力,50
地板,1
地標,3
地毯,6
地獄,4
地球,19
地球人,1
地盤,2
地鐵,3
地震,2
地點,5
均等,1
坎坷,4
坎坷路,1
坎城,40
坐上,1
坐下,1
坐地,1
坐實,2
坐擁,2
坐滿,1
坐立難安,1
坐路,1
坐陣,1
坦承,7
坦白,2
垂下,1
垂危,1
垂垂,1
垃圾,1
垃圾桶,4
型態,1
埃及,12
埋葬,1
埋藏,2
埋首,2
城鎮,1
執導,94
執意,1
執政,1
執法,2
執筆,1
執著,5
執行,3
執行力,1
執行長,1
執迷,1
培琳,1
培育,10
培育出來,1
培訓,7
培訓所,1
培養,3
培養出,1
基努李維,1
基地,4
基本,4
基石,1
基礎,2
基調,2
基諾李維,2
基金,9
基金會,7
基頓,2
堂堂正正,1
堅信,1
堅固,7
堅定,1
堅忍,1
堅毅,2
堆出,1
堆出來,1
堆疊出,1
堆砌,4
堆砌出,1
堆築,1
堪比宮鬥,1
堪稱,20
堪稱為,2
堪薩斯州,2
報以,1
報名,3
報告,1
報喜,2
報導,53
報復,1
報殺子,1
報系,1
報酬率,3
場合,2
場地,6
場場,2
場所,1
場景,18
場次,11
場面,25
場面獎,2
場面話,1
塑膠,1
塑膠版,1
塑造,1
塔倫提諾,7
塔航,1
塔萊布薩德,1
塗上,1
塗翔文,7
塗黑,2
塞入,1
塞回,1
塞滿,1
塞車,1
填滿,1
填補,2
填飽,1
塵埃落定,1
塵封,1
墊高,1
墓園,2
墜入,2
墜子,1
增加,14
增添,2
增減,1
增稅,1
增設,4
增長,2
墨國,11
墨柴契爾,1
墨瑞斯,1
墨裔,4
墨西哥,78
墨西哥人,6
墨西哥市,1
墨西哥裔,4
墾丁,7
壓倒性,2
壓力,14
壓抑,3
壓製,1
壓軸,6
壓迫,4
壓迫感,1
壞事,1
壞人,2
士兵,2
壯大,1
壯觀,2
壯闊,3
壯集,1
壯麗,2
壽終正寢,1
夏天,1
夏普頓,1
夏綠蒂,1
夏綠蒂蘭普琳,2
夏莉茲賽隆,1
夏都,1
夏隆,1
夕陽,1
外交,2
外人,5
外來,2
外傳,1
外加,1
外國,4
外國人,3
外國片,4
外型,8
外塗,1
外太空,1
外套,2
外婆,7
外婆橋,1
外媒,12
外戲,1
外星,2
外星人,3
外洩,2
外流,1
外片,2
外界,33
外省籍,1
外祖父,1
外籍,4
外表,7
外語,3
外語片,130
外語片獎,13
外貌,3
外賣,1
外送給,1
外面,1
外頭,1
多久,1
多倫多,3
多元,17
多元化,5
多元性,3
多奧斯卡,1
多媒體,2
多息影,1
多情,1
多所,2
多才多藝,1
多時,1
多樣,1
多疑,1
多納托,1
多過,1
多達,2
多采多姿,1
多重,2
多餘,2
夜場,1
夜夜,1
夜宴,1
夜市,2
夜生活,1
夜總會,9
夜裡,1
夠黑,1
夢人,1
夢境,4
夢寐以求,1
夢工廠,4
夢年,1
夢想,35
夢想家,8
夢露,7
夢魘,1
夢鹿,1
夥伴,9
大丈夫,1
大三元,1
大不可,1
大不敬,1
大不相同,2
大事,10
大亨小傳,5
大人物,1
大使,6
大使館,4
大做,1
大傷,1
大公國,1
大兵,5
大出風頭,2
大力,3
大功,4
大劫案,1
大勝,6
大半,2
大半生,1
大反派,2
大叫,4
大吼,1
大咖,2
大哥,1
大嗆,1
大嘆,2
大四喜,2
大國民,2
大型片,1
大增,3
大多數,10
大夥,3
大大,1
大好,1
大好時機,1
大媽,1
大學,42
大學長,1
大家人,1
大寫,1
大導伍,1
大導身,1
大導馬丁史柯西斯,2
大小獎,1
大尾鱸鰻,4
大局,1
大師,22
大師級,3
大幅,6
大廚,1
大快人心,1
大意,1
大感,1
大戰,6
大手筆,1
大打,1
大打結,1
大拇指,1
大拍手,1
大提琴家,1
大收,1
大放,1
大放光芒,1
大放厥辭,1
大放異彩,11
大放異采,2
大方,3
大方說,1
大會,7
大有,2
大有出入,1
大梁,2
大樓,4
大氣球,1
大江東去,1
大泉洋,1
大海,4
大減,1
大湖,1
大滿貫,7
大漢堡,1
大為,2
大爆冷門,1
大牌,7
大牙,1
大獎,154
大獲,3
大白話文,1
大白鯊,5
大盜,1
大相逕庭,2
大眾,10
大礙,1
大禹,1
大紅,5
大紅大紫,1
大聯盟,1
大聲,4
大肆,3
大腦,2
大腿,1
大膽,11
大自然,4
大舉,2
大街,1
大衛,2
大衛懷特,1
大衛歐羅素,4
大衛芬奇,2
大表,3
大規模,1
大譙,1
大讚,7
大豐收,3
大象,1
大賣,3
大賣空,9
大賽,5
大贏,3
大贏家,6
大走,1
大跳騎馬舞,1
大輸,1
大轟炸,1
大過年,1
大道,34
大遠百,1
大遠百威秀,2
大選,7
大邱,2
大部份,1
大部頭,1
大酸,1
大金人,4
大銀幕,1
大錢,1
大錯特錯,2
大門,1
大開,4
大開亞裔,1
大開玩笑,2
大開眼界,1
大關,3
大陸,52
大陸人,2
大雅,1
大雨,2
大驚小怪,1
大鵬,1
大麻,1
天下,2
天下海,1
天主,1
天主教,3
天主教廷,2
天亮,2
天使,3
天公,1
天分,5
天后,13
天啊,3
天團,1
天地,2
天堂,5
天差地遠,1
天性,1
天才,4
天文,1
天時,2
天氣,1
天然鑽,1
天狼星,1
天王,7
天真,3
天空,2
天花板,4
天菜,1
天衣無縫,1
天譴,1
天降,1
天馬行空,1
天體,1
太太,10
太少,1
太平洋,2
太座,5
太早,6
太極拳,1
太白,15
太空,13
太空人,4
太空夢,2
太胸,1
太過,5
太陽,7
太陽報,1
太陽隊,1
太鼓團,1
夫人,23
夫妻,10
夫妻倆,1
夫妻臉,1
夫婦,5
央視,3
夯登,1
失之交臂,2
失傳,1
失利,10
失勢,1
失去,20
失常,2
失意,2
失控,3
失敗,22
失智,5
失智症,5
失望,6
失格,1
失業,4
失準,3
失當,1
失竊,2
失而復得,1
失落,2
失血,1
失言,2
失足,1
失蹤,1
失魂,2
夾克,1
夾縫,1
奇士勞斯基,1
奇妙,3
奇幻,131
奇幻片,4
奇怪,4
奇想,1
奇摩,1
奇異,2
奇維托艾吉佛,1
奇航,1
奇葩,1
奇觀,2
奇貨可居,1
奇蹟,8
奇蹟班,1
奇銳,1
奉上,3
奉俊昊,76
奉俊昊街,1
奉導,1
奉獻,1
奏效,1
契合,1
契機,1
奔走,2
奔騰,15
套上,1
奠定,2
奢華,4
奧丁,1
奧利佛獎,1
奧古斯特威爾森,1
奧地利,14
奧塔薇亞,2
奧塔薇亞史班森,1
奧塔薇亞史賓塞,1
奧妲薇亞,1
奧斯卡,21
奧斯卡史,21
奧斯卡吉勒摩戴托羅,1
奧斯卡多,1
奧斯卡太,1
奧斯卡太白,1
奧斯卡奪,1
奧斯卡布,1
奧斯卡得,2
奧斯卡披薩,1
奧斯卡揚眉吐氣,1
奧斯卡樂,2
奧斯卡比,1
奧斯卡漠,1
奧斯卡獎,115
奧斯卡獎座,1
奧斯卡相,1
奧斯卡紅,2
奧斯卡美台,1
奧斯卡能,1
奧斯卡金人,2
奧森,1
奧祕,1
奧立佛史東,2
奧莉薇亞,4
奧莉薇亞柯爾曼,1
奧莉薇雅,4
奧莉薇雅柯爾曼,4
奧蘭多,2
奧運,2
奪下,73
奪冠,2
奪冠相,1
奪回,2
奪帝,2
奪標眾望,1
奪獎,20
奪金,1
奮進,1
奮鬥,6
女一,1
女人,15
女傭,2
女僕,1
女兒,29
女兒身,1
女動畫師,1
女友,9
女女配,1
女嬌娥,1
女子,2
女孩,20
女官,1
女將,2
女導,2
女工,1
女巫,1
女強人,1
女性,55
女扮男,1
女扮男裝,2
女星,68
女權,5
女神,1
女神卡卡,13
女神夢露,1
女童,1
女童軍,3
女裝,2
女配,3
奴工,1
奴役,3
奴隸,11
奶奶,4
奶油,1
奸商,1
她倆,1
好人,2
好像,5
好友,12
好在,2
好壞,1
好奇,5
好幾,7
好感,1
好感度,1
好整以暇,1
好替,1
好朋友,1
好棒,2
好猜,1
好玩,3
好白,1
好笑,3
好萊塢,211
好處,2
好評,26
好評度,1
好運,7
如假包換,1
如出一轍,2
如初,1
如夢,1
如廁,1
如日中天,1
如星如月,1
如期,3
如鐘,1
如雲,1
如雷,5
如願,1
妖魔化,1
妙變,1
妙齡,1
妝容,1
妝花,1
妝髮,10
妥協,3
妥善,1
妨害,1
妮伽姆,1
妮可基嫚,4
妮雅瓦達蘿絲,1
妹妹,1
妻兒,1
妻子,28
姊妹,10
姑媽,1
姑嫂,1
姓名,2
委任,1
委員,1
委員會,5
委實,1
委屈,3
委託,3
委請,1
姣好,1
姦殺,2
姬賽兒邦倩,2
姻緣,1
姿勢,2
姿態,3
威力,1
威嚴,3
威士忌,1
威尼斯,20
威廉斯,5
威廉波特,1
威廉海斯,1
威爾,1
威爾史密斯,4
威爾斯,5
威秀,6
威脅,12
威脅到,1
威茲,2
威龍,1
娛樂,15
娛樂圈,2
娛樂性,3
娛樂業,3
娛樂片,1
娛震,1
娜坦麗,1
娜塔莉,9
娜塔莉波曼,8
娜姊,12
娜姊站,1
娜歐蜜哈瑞絲,1
娜歐蜜華茲,2
娜歐蜜黛妃,1
婆婆,1
婚姻,10
婚宴,1
婚後,1
婚禮,1
婚蓋瑞,1
婦人,3
婦女,2
媒介,1
媒揭,1
媒體人,1
媒體數,1
媚俗,3
媳婦,2
媽咪,1
媽媽,51
媽安,1
媽寶,3
嫌棄,1
嫌犯,1
嫻熟,2
嬉春,5
嬉皮,1
嬉皮風,1
嬌妻,3
嬌點,1
嬰兒,1
子公司,4
子女,4
子孫,1
子弟兵,1
子彈,1
子怡,1
孔固力,1
孔孝真,4
孔曉振,3
字卡,1
字句,1
字幕,14
字幕版,3
字樣,1
字母,1
字眼,1
存在感,2
存檔,1
存留,1
存疑,1
孝順,1
季軍,1
孤單,3
孤女,1
孤寂,2
孤注一擲,2
孤獨,2
孤立,1
孤絕,1
孩子,21
孩子們,1
孩童,5
孫女,1
孫茜,1
學不,1
學位,2
學到,3
學員,4
學問,1
學妹,1
學子,1
學弟妹,1
學得,1
學會,6
學校,16
學歷,3
學測出來,1
學生,10
學生妹,1
學童,2
學系,2
學習,12
學習到,1
學者,2
學長,1
學院,135
學院會,1
宅男,1
宇宙,11
守舊,2
守護,4
安吉莉娜裘莉,1
安培林,1
安妮,3
安妮斯頓,2
安妮華達,1
安娜,1
安娜卡列妮娜,1
安娜卡列尼娜,1
安娜坎卓克,1
安娜肯德里克,2
安娜貝拉史歐拉,1
安安靜靜,1
安定,1
安導,4
安平港,1
安德拉黛,1
安德魯,1
安德魯加菲,1
安德魯多明尼克,1
安德魯萊恩,1
安心,1
安心亞,1
安慰,3
安排,17
安排好,1
安東尼,8
安東尼奧,1
安東尼奧桑切斯,1
安東尼霍普金斯,17
安東尼霍金斯,5
安柏,5
安柏赫德,2
安檢,2
安海瑟威,12
安海瑟薇,11
安海瑟薇拿,1
安海瑟薇謝詞,1
安潔莉娜裘莉,7
安琪拉蘭斯柏瑞,1
安琪莉娜裘莉,5
安薩里,2
安藤櫻,2
安詳,1
安迪瑞德曼,1
安迪瑟克斯,1
安靜,9
宋丹丹,1
宋康昊,10
宋慧喬,4
完備,1
完善,1
完妝,1
完成,37
完整,6
完整度,1
宏碁,1
宗師,2
宗教,10
宗教味,1
官司,1
官員,1
官方,17
官網,3
定做,1
定名,1
定居,1
定時,1
定案,2
定義,2
定義為,1
定調,1
定論,2
宛如,5
客串,5
客場,1
客氣,2
客滿,2
客群,1
宣傳,24
宣傳力,1
宣告,4
宣布人,2
宣布會,1
宣戰,1
宣揚,4
宣洩,1
宣示,3
宣稱,3
宮崎駿,2
宮鎖,1
宰制,1
害怕,3
害羞,6
害臊,1
宴請,2
家事,1
家人,35
家僕山,1
家喻戶曉,1
家園,2
家境,1
家家,1
家居,1
家庭,22
家庭片,1
家教,5
家族,12
家暴,3
家計,2
家鄉,9
家長,1
家長別,1
家門,3
容忍,1
容百川,1
容納,2
容貌,1
宿命,1
宿敵,3
宿舍,1
宿醉,1
宿願,1
寂寞,2
寂寞星圖,1
寄宿,2
寄居,1
寄生,119
寄生蟲,1
寄發,1
寄送,1
寅下,1
寅推,1
寅發文,1
密令,12
密室,1
密封,1
密度,1
密戰,1
密碼,2
密蘇里州,1
密集,1
寇茲,1
富二代,1
富太,1
富太太,2
富有,1
富比世,1
富比士,2
富翁,2
富裕,1
富豪,7
富豪家,1
寒冷,1
寓意,1
寓言,1
察覺,1
寡婦,4
寡歡,1
寡言,2
實事,2
實例,1
實力,14
實力派,7
實在,6
實境,4
實情,1
實施,1
實景,6
實況,9
實現,5
實至名歸,16
實踐,1
實驗,7
實驗室,12
實體,1
實體屋,1
實龍崗路,1
審判,1
審慎,2
審核,1
審議,2
寫下,24
寫信,2
寫出,4
寫實,10
寫實片,2
寫手,2
寫照,1
寫給,2
寫道,6
寬容,1
寬度,1
寬廣,1
寬恕,3
寵兒,2
寵愛,1
寵物,1
寶島,1
寶座,13
寶萊塢,1
寶貝,3
寶貴,1
寺島,1
封口,2
封后,53
封后狼嚎,1
封存,1
封帝,7
封殺,8
封為,3
封王,2
封箱作,1
封號,1
封釀,1
封鎖,4
封閉,2
將來,3
將盡,1
將近,2
將錯,1
將錯就錯,1
專人,1
專任,1
專區,1
專員,1
專家,5
專屬,1
專心,2
專文,3
專業,20
專業性,1
專注力,2
專程,5
專精,2
專訪,12
專輯,7
專長,2
尊卑,1
尊嚴,6
尊崇,1
尊敬,4
尊重,14
尋回,1
尋常,3
尋找,19
尋求,2
尋親,1
尋路,1
對上,1
對不起,2
對了,1
對像,1
對唱,1
對岸,4
對戲,1
對手,21
對手戲,3
對抗,7
對決,5
對照,1
對症下藥,1
對白,13
對立,3
對策,1
對著,3
對話,4
對談,1
對象,8
對陣,1
對面,1
導先,1
導向,1
導夢魘,1
導奪,1
導師,4
導引,1
導操刀,1
導橫掃,1
導演,812
導演圖,1
導演法,1
導演法哈蒂,1
導演獎,75
導演班艾佛列克,1
導演票,1
導演賽巴斯蒂安雷里奧,1
導覽,1
導誇,1
小人物,1
小偷,5
小兵,3
小勝,1
小吃,1
小名,1
小品,6
小型,1
小女孩,1
小妮子,1
小妹,1
小姐,6
小媳婦,1
小媽媽,1
小孩,15
小學堂,1
小小,2
小島,2
小巫見大巫,1
小布,24
小布a,1
小布屁屁,1
小弟,2
小心,6
小心翼翼,1
小惠,1
小我,1
小搏大,1
小時,22
小時候,9
小朋友,8
小李,5
小牌,1
小獎,1
小珍妮佛,3
小班,13
小生,1
小眾,3
小石膏人,1
小米,2
小花,4
小覷,1
小說,14
小說家,2
小費,2
小野,1
小金,1
小鎮,3
小馬,3
小馬王,5
小鬼,5
小麥,1
少奧斯卡,1
少女,4
少少,1
少年,259
少年派,2
少年隊,1
少數,17
少有,2
少棒隊,1
少見,2
少量,3
尖叫,3
尖銳,2
尚未,10
尚杜加汀,1
尚杜夏丹,1
尚杜賈丹,9
尚路易坦帝尼昂,7
尚雷諾,1
尚非,1
尤物,1
尬奉,1
尬戲,2
尬起,1
就任,1
就業,3
就業率,1
就讀,1
尷尬,10
尹汝貞,19
尹鴻,2
尼克森,1
尼克隊,1
尼古丁,1
尼可拉,2
尼可拉斯凱吉,2
尼可拉斯霍特,2
尼柯遜,2
尼爾森,5
尼爾派屈克哈里斯,6
尾聲,2
尿失禁,1
尿布,1
局勢,1
局外人,2
局面,4
屁屁,1
屁股,1
居住,5
居冠,1
居家,1
居次,4
居高不下,3
屆時,2
屈指可數,1
屈辱,2
屋子,1
屍速,1
屍體,1
屏息,2
屏息以待,1
屏東,4
屏障,1
展場,2
展望,1
展現出,3
展示,3
展示場,1
展翅,1
展翅照,1
展覽,1
展開,19
展露出,1
展館,1
屠龍,1
屢次,2
層出不窮,1
層層疊疊,1
層面,2
屬意,2
屬於,7
山姆,2
山姆克萊弗林,1
山姆史密斯,5
山姆曼德斯,1
山姆泰勒,1
山姆洛克威爾,6
山德勒片,1
山田涼介,1
山繆傑克森,1
山脈,1
山莊,1
山頂,1
屹立不搖,1
岑勇康,1
岡田,2
岡田准一,4
岳父,1
峰迴路,1
峰迴路轉,3
島嶼,1
崇尚,1
崇拜,3
崇高,3
崔宇,1
崔宇植,8
崗位,1
崩掉,1
崩潰,3
嶄新,3
嶄露頭角,6
巔峰,2
川普,58
川普公布,1
川普周日,1
川普增,1
川普席,1
川普推特,1
川普曾,1
川流不息,1
州政府,1
州長,5
巡迴,4
工作室,1
工作者,16
工具,2
工地,1
工夫,1
工廠,9
工會,15
工會獎,15
工業,10
工業化,2
工程,6
工程師,6
工資,1
左右為難,1
左腳,3
巧不成書,1
巧克力,1
巧合,3
巧奪天工,1
巧手,1
巧遇,1
巨人,6
巨作,1
巨型,2
巨大,7
巨導,1
巨幅,1
巨星,30
巨流,1
巨浪,1
巨片,2
巨石,1
巨頭,1
差不多,7
差別,3
差異,6
差距,14
已婚,1
已故,19
已然,2
巴克,1
巴克圖,1
巴哈,1
巴奧斯卡,1
巴掌,1
巴斯特基頓,1
巴特,2
巴特弗倫德里希,1
巴特弗魯特里克,1
巴瑞,1
巴瑞傑金斯,5
巴茲魯曼,1
巴萊,1
巴西,2
巴黎,28
巿府,1
市區,2
市場,40
市府,21
市政,3
市政府,1
市民,7
市立,2
市花,1
市議員,2
市長,11
市鳥,1
布偶,3
布偶秀,2
布局,2
布希,1
布幕,1
布恩艾薩克斯,1
布拉格,1
布料,1
布景,1
布洛斯特,1
布特蘭姆雷,1
布置,1
布莉,6
布莉拉森,5
布萊利庫柏,1
布萊德,4
布萊德利,1
布萊德利古柏,2
布萊德利庫柏,6
布萊德彼特,21
布萊德葛雷,1
布萊恩,1
布萊恩庫利南,3
布萊恩洛德,1
布萊恩辛格,1
布蕾克萊弗莉,1
布蘭特,1
布蘭琪,5
布裘,1
布達佩斯,1
布魯克林,1
布魯斯鄧恩,1
布麗拉森,42
布麗拉森得,1
希區考克,5
希斯萊傑,2
希斯雷傑,1
希臘,6
希薩柯,1
希薩柯茅利塔尼亞,1
帕威帕利柯斯基,2
帕西諾,1
帝創,1
帝后,11
帝國,2
帝大,1
帝王,1
帥哥,2
帥氣,10
師傅,3
師兄,1
師弟,1
師生,7
師範,1
席地,1
席地而坐,1
席德維瑟斯,1
席捲,11
席維斯,8
帶上,1
帶亮,1
帶動,3
帶回,2
帶大,2
帶有,3
帶種,1
帶走,3
帶起,2
帶進,1
帶過,1
帶領,13
常勝軍,2
常客,2
常態,1
常見,3
幕僚,3
幕前,5
幕影廳,1
幕後,16
幣值,1
幫倒忙,1
幫傭,3
幫派,1
幫腔,1
幫襯,1
幫閒,1
干擾,2
平價,1
平凡,5
平台,13
平和,1
平均,27
平常,3
平常心,2
平復,1
平心而論,1
平方,1
平方公尺,1
平日,1
平易近人,1
平時,3
平權,11
平民,1
平淡,5
平等,17
平衡,6
平衡點,1
平靜,5
平面,1
年事,1
年代,11
年份,1
年假,2
年初日,1
年少,29
年尾,1
年年,3
年幼,1
年底,5
年度,24
年生子,1
年紀,8
年輕,50
年輕人,8
年輕化,1
年邁,3
年長,6
年頭,1
年高,1
年齡,17
年齡層,1
幸運,7
幸運物,1
幸運符,1
幻動,1
幻化,1
幻化為,1
幻影,1
幻想,3
幻滅,1
幻覺,2
幼兒,1
幼年,1
幽暗面,1
幽默感,1
幾乎,43
幾十,1
幾百,1
床戲,3
序幕,1
底下,2
底層,2
底座,2
底情深,1
底片,5
底片部,1
底特律,2
底限,1
店家,1
府中,2
度假,3
度假村,1
度過,1
座上賓,1
座位,3
座右銘,1
座抱,1
座椅,2
座淪,1
座無虛席,3
座談,2
座談會,3
庫巴古丁,1
庫柏力克,2
庫許納,1
庶民,1
康乃狄克州,1
康提基號,1
康普頓,1
康熙,1
庸俗,3
廉價,1
廚師,5
廝殺,2
廟堂,1
廠商,10
廠牌,1
廢奴,1
廢柴,1
廢止,1
廢話,1
廢除,3
廣傳,1
廣受,2
廣司,1
廣告,35
廣告主,1
廣告商,2
廣告界,1
廣告費,1
廣場,4
廣場架,1
廣大,6
廣島,3
廣度,1
廣播,19
廣泛,1
廣邀,2
廣電,2
廣電總局,1
廳數,2
延世,1
延後,5
延攬,1
延燒,7
延續,9
建構,1
建模,2
建立,3
建立起,2
建築,6
建築師,2
建置,1
建言,1
建議,5
建造,2
廿一,1
廿三日,2
廿世紀,1
廿二,1
廿五,1
廿五日,1
廿四日,1
弄壞,1
弄得,3
弄清楚,1
弊案,1
式微,1
引人,3
引人入勝,1
引人矚目,1
引介下,1
引以為傲,2
引來,4
引力,1
引子,1
引導,1
引得,1
引爆,2
引發,32
引言,1
引言人,1
引起,13
引述,4
引領,1
引頸,1
弗洛里安澤勒,1
弟兄,1
弟弟,18
弱勢,17
弱爆,1
弱者,1
張冠李戴,1
張叔平,2
張心望,1
張惠妹,2
張慧珍,4
張榮吉,3
張永源,1
張添唐,4
張藝,1
張藝謀,15
張鐵志,1
張震,1
張頤武,1
強作,1
強力,3
強勢,7
強化,3
強叔,1
強叔虧,1
強國,5
強國人,1
強壯,1
強大,9
強尼,4
強尼戴普,4
強弱,1
強心針,4
強悍,1
強打,2
強敵,3
強暴,6
強森,1
強片,8
強硬派,1
強而有力,1
強迫,1
強過,1
強項,1
彆扭,1
彈奏,2
彈高調,1
彌補班亞佛列克,1
彌賽亞,2
彎腰,1
彗星,1
形同,2
形塑,1
形容為,1
形態,2
形成,8
形象,14
彩排,1
彩色,3
彭于晏,2
彰顯出,1
影人,26
影人結,1
影像,15
影劇,2
影劇圈,3
影史,50
影后,155
影后獎,4
影后路,1
影城,15
影壇,40
影奧斯卡獎,1
影子,2
影展,91
影帝,204
影帝后,1
影帝獎,2
影廳,5
影星,15
影業,11
影歌,1
影武,1
影潮,1
影片,448
影片獎,14
影片藏,1
影片話,1
影獎季,1
影界,4
影癡,3
影碟,4
影藝,119
影視,12
影視業,1
影視界,2
影評,26
影評人,28
影評本,1
影評網,1
影迷,67
影迷學,1
影集,25
影集版,2
影音,9
影響力,10
彷彿,11
役所,1
彼岸,1
彼得,1
彼得傑克森,1
彼得奧圖,3
彼得法拉利,1
彼得達克特,2
彼特達克,1
往事,4
往例,2
往後,1
往日,2
往返,2
征戰,3
征服,10
待價而沽,2
待命,1
待在,1
待遇,4
律師,2
後代,1
後來,28
後來居上,4
後台,23
後宮,2
後影史,1
後悔,1
後期,2
後段,1
後獎,1
後盾,1
後繼無力,1
後續,1
後裔,3
後製,4
後起,1
後輩,1
後面,3
後頭,2
徐克,3
徐克雙,1
徐立功,5
徒情,1
徒手,1
得主,67
得之,1
得來,1
得償,1
得出,1
得分,1
得到,42
得多,1
得天獨厚,1
得宜,2
得志,1
得獎人,15
得獎作,4
得獎季,2
得獎感言,1
得獎數,1
得獎會,1
得獎片,1
得獎王,2
得獎表,2
得獎路,1
得票,2
得罪,4
得逞,1
得體,3
從不,2
從中,3
從事,4
從俗,1
從善如流,2
從小,22
從影,10
從未,6
從業,4
從頭到尾,3
御用,2
復仇,10
復出,3
復原,3
復古,3
復古風,1
復國,2
復興,2
微乎其微,1
微博,16
微型,1
微妙,3
微恙,1
微笑,1
微薄,1
微詞,1
微軟,1
徵用,1
德厄,1
德國,12
德國人,1
德州,1
德文,1
德籍,1
德裔,1
德語,1
德里克,1
德黑蘭,4
心事,3
心切,1
心力交瘁,1
心境,4
心引力,2
心弦,1
心思,2
心意,2
心態,6
心智,2
心有不甘,1
心服口服,1
心機,1
心灰意冷,1
心理,15
心疼,4
心痛,1
心目中,7
心知肚明,1
心碎,2
心胸,1
心臟,1
心臟病,1
心虛,1
心血,1
心路,1
心路歷程,1
心酸,1
心靈,11
心願,1
必勝客,1
忌妒,1
忍不住,13
忍讓,2
忍辱負重,1
忍飢,1
志向,1
志大,1
志擒,1
志願,1
忘別,1
忘年之交,1
忘年情,1
忘懷,1
忘本,1
忘記,5
忙中偷空,1
忙完,2
忙拍,1
忙於,1
忙碌,1
忙著,7
忠實,7
忠於,1
忠武路,2
快感,1
快要,1
快車,1
快門,1
快閃,1
念出,5
念出來,1
念力,1
念奴嬌,1
念舊,1
念錯,1
忽然,6
忽略,9
忽視,7
怎沒,1
怎能,1
怎麼說,2
怎麼辦到,1
怒不可遏,1
怒吼成,1
怒槓川普宣布,1
思嘉莉,2
思嘉莉約翰森,1
思念,1
思想,3
思索,5
思維,9
思考,16
思議,5
思鄉,1
急別,1
急功近利,1
急問,1
急起直追,1
急轉,1
急轉彎,11
急迫,1
急需,1
怦然一擊,1
性人,1
性侵,25
性傾向,1
性別,26
性向,1
性命,1
性奴,4
性平,2
性幻想,1
性情,1
性感,9
性本善,1
性格,9
性福,1
性福拉,1
性質,1
性騷,1
性騷擾,4
怨恨,1
怨聲載道,1
怪人,1
怪圈,1
怪奇比莉,1
怪娜塔莉,1
怪客,2
怪物,10
怪獸控,1
怪異,2
怪罪,2
怪胎,2
怯場,2
恆動,1
恆春,1
恆春鎮,2
恐同症,1
恐怖,11
恐怖感,1
恐怖片,1
恐懼,8
恐懼感,1
恐攻,3
恐龍,1
恒久,1
恢弘,1
恢復,4
恢復到,1
恥笑,1
恩仇,1
恩尼遜,3
恩師,3
恩愛,1
恬靜,1
恭謙,1
恭賀,5
恰到好處,2
恰巧,4
恰恰,1
恰當,1
悄悄,1
悅耳,1
悍媽,1
悔恨,1
悟性,1
悠遊,1
悠遠,2
患上,2
患有,4
患者,6
患難與共,1
悲傷,2
悲劇,3
悲喜,1
悲天憫人,1
悲情,7
悲慘,50
悲憐,3
悲憶師,1
悲涼,1
悲痛,1
悶著,1
悶葫蘆,1
悶虧,1
悼念,2
情不自禁,1
情人,9
情人節,2
情侶,1
情切,1
情報,2
情報局,1
情形,2
情愛,1
情感,8
情懷,4
情操,1
情景,2
情書,2
情海,2
情網,1
情緒,9
情色,1
情詩,1
情誼,4
情謎,1
情趣,1
惋惜,2
惟有,1
惠嘉,1
惠尼休斯頓,1
惡人,4
惡作劇,1
惡劣,3
惡化,2
惡名,1
惡女,1
惡徒,2
惡意,1
惡整,1
惡有惡報,2
惡棍,5
惡狼,1
惡行,1
惡評,2
惡警,1
惡靈,2
惡魔,6
惱到,1
惱怒,1
想來,1
想像,17
想像力,2
想到,5
想想,5
想法,12
想當然爾,1
想見,2
惶恐,1
惹哭,1
惹惱,2
惹毛,1
惺惺相惜,2
愈來愈,5
愉快,2
愉悅聲,1
意即,1
意味,9
意圖,2
意志力,1
意念,1
意想不到,1
意料,5
意欲,1
意氣,1
意涵,2
意義,22
意興闌珊,1
意識到,1
意象,1
意願,6
愚蠢,2
愛上,5
愛人,2
愛國,2
愛女,1
愛好,3
愛子,1
愛將,1
愛德溫波特,1
愛情,21
愛情片,3
愛慕,1
愛憐,1
愛朗讀,1
愛滋,2
愛滋病,7
愛無止盡,1
愛爾蘭,2
愛爾蘭人,3
愛面子,1
愛馬仕,1
愛馬而勇,1
愛麗絲赫蘭,1
愛默片,1
愜意,1
感傷,5
感光,1
感冒,2
感到,22
感動到,2
感受,18
感受到,7
感同身受,3
感嘆,12
感官,2
感恩,6
感情用事,1
感想,1
感慨,3
感懷,1
感戲,1
感激,5
感興趣,2
感覺到,3
感觸,3
感言,43
感言點閱,1
感謝,154
感謝函,1
感謝詞,2
愧疚感,1
慈善,3
慈悲,1
態勢,5
態度,20
慌張,2
慎重,2
慕名,1
慕尼黑,3
慕揭,1
慕狂掃,1
慘不忍睹,1
慘兮兮,1
慘創,1
慘劇,1
慘況,1
慘淡,1
慘澹,3
慘賠,1
慘跌,2
慘遭,6
慟失,1
慢慢,6
慢跑,1
慣例,1
慰藉,1
慶典,1
慶功,7
慶功宴,15
慶幸,4
慶祝,16
慶賀,3
慷慨,3
慷慨解囊,2
慾望,5
憂傷,1
憂心,3
憑手,1
憑著,7
憤怒,7
憤怒道,27
憤恨,1
憤離場,1
憧憬,1
憲法,2
憶起,1
憶述,1
憾事,2
懂事,1
懂得,2
懇切,3
應援,1
應景,2
應有,1
應用,5
應聲,1
應邀,2
應驗,1
懊悔,1
懦弱,1
懵懂,1
懶惰,1
懷孕,1
懷念,2
懷才,1
懷緬,1
懷舊,18
懷舊片,1
懸念,8
懸殊,1
懸疑,5
懸疑性,2
懸疑片,1
懸罪,1
懾人,1
懾服,2
戀人,1
戀夏,1
戀情,1
戀戀情深,7
戈巴契夫,1
成事,1
成交價,1
成人,2
成億,1
成全,3
成分,2
成名,11
成名作,1
成員,19
成大,1
成就,35
成就獎,14
成年,2
成年人,1
成本,40
成果,5
成熟,6
成癮,2
成真,5
成立,9
成績,21
成績單,1
成繼,1
成行,1
成見,2
成規,1
成軍,1
我倆,1
戒嚴,1
戒指,1
戒護,1
戒酒會,1
戒鑽石商,1
或許,27
戛然,1
截然不同,1
截稿,1
戰事,2
戰功,1
戰勝,1
戰友,1
戰場,3
戰士,5
戰局,1
戰後,1
戰火,6
戰爭,12
戰爭片,1
戰紀,3
戰線,1
戰績,1
戰袍,2
戰記,1
戰警,3
戰馬,6
戰鬥,1
戲份,5
戲分,4
戲劇,19
戲劇化,1
戲劇性,1
戲劇系,1
戲劇院,1
戲劇類,8
戲味,3
戲好,1
戲服,3
戲演,1
戲王,2
戲生,1
戲真作,1
戲碼,1
戲稱為,1
戲精,2
戲約,1
戲緣,1
戲謔,1
戲路,3
戲迷,1
戲院數,1
戲骨,3
戲骨級,1
戲鳳,2
戴上,1
戴夫帕托,1
戴套,2
戴托洛,1
戴托羅,5
戴比爾斯,1
戴比特,1
戴維絲,1
戴路易斯,6
戴路易斯捨莎劇,1
戶外,2
房地,2
房子,1
房客,1
房間,31
所向披靡,2
所在地,1
所有人,13
所羅門,1
所謂,8
手到擒來,1
手勢,1
手指,1
手提箱,1
手槍,1
手機,17
手機廠,1
手機會,1
手段,3
手腕,1
手臂,1
手舞足蹈,1
手術,3
手表,1
手語,1
手足,1
手軟,1
手銬,1
才氣,1
才華,10
扎實,1
打下,1
打亂,1
打倒,2
打光,1
打出,2
打動,6
打吹,1
打回,1
打壓,2
打好,1
打完,1
打官司,1
打工,4
打扮,1
打招呼,3
打掛,1
打擊,4
打擾,1
打敗役所廣司,1
打斷,2
打滾,4
打片,1
打耳光,1
打臉,3
打臉川普,2
打臨工,1
打諢,1
打贏,3
打趣,5
打趴,1
打轉,2
打造片,1
打進,4
打鐵趁熱,2
打開,6
打雜,2
打響,1
打領結,1
打點,1
托尼瑟維洛,3
托梅,1
托爾斯泰,1
托瑪斯克倫威爾,1
扛下,3
扣動,1
扭曲,3
扭臀,1
扭臀舞,2
扭轉,3
扮成,1
扮演,30
扮裝,1
扯上,1
扳回,2
扶持,3
扶搖直上,1
批判,10
批審議,1
批評,35
批評為,2
批踢踢,1
扼殺,4
扼腕,1
找上,1
找上門,1
找來,13
找出來,1
找回,4
承受,4
承夫,1
承擔,2
承租市,2
承認,8
承諾,1
技不如人,1
技壓,1
技巧,3
技職教育,1
技術,47
技術人員,1
技術合作,1
技術片,1
技術獎,19
技術類,1
技術類獎,1
抉擇,5
把勁,1
把妹幫,1
把持,2
把握,3
把玩,1
把關,1
抑止,1
抒情,1
抒發,1
抓到,1
抓包,2
抓狂,2
抓走,1
抓逃犯,1
抓龍,1
投入,14
投出,1
投報率,5
投球,1
投票,58
投票人,2
投票制,1
投票數,1
投票權,5
投給,10
投資,29
投資人,3
投身,2
投靠,1
抖動,1
抗拒,2
抗爭,2
抗議,23
折扣,1
折服,1
折疊椅,1
折磨,2
折衷,2
抨擊,11
披薩,6
抬頭,2
抱不平,7
抱回,24
抱回家,1
抱夫,1
抱屈,4
抱得,1
抱怨,7
抱憾,1
抱持,2
抱歉,1
抱泯,1
抱獎,1
抱蛋,1
抱走,26
抵制,4
抵擋,1
抵擋不了,1
抵達,2
抹殺,3
抹黑,2
押寶,1
抽換,1
抽空,1
抽象,2
抽象性,1
拆掉,1
拆除,2
拉丁,1
拉丁美洲,1
拉丁美洲裔,1
拉丁裔,4
拉到,2
拉巴斯,1
拉德利,10
拉扯,3
拉抬,3
拉拔,1
拉拔大,1
拉文,1
拉斯洛那米斯,1
拉斯維加斯,1
拉法莉,2
拉票,8
拉美,2
拉美裔,1
拉鋸,1
拉長,3
拉開,1
拉風,1
拉高,1
拋下,3
拋棄,2
拋辣,1
拋開,2
拍下,6
拍出,25
拍到,4
拍合成照,1
拍壞,1
拍好,2
拍完,8
拍影片,1
拍得,2
拍情,1
拍戲,4
拍手,4
拍攝,136
拍攝下來,1
拍攝到,1
拍攝地,1
拍攝完,1
拍攝期,1
拍案,1
拍照,7
拍片,54
拍胸脯,1
拍賣,15
拍賣價,1
拍賣會,1
拍起來,1
拍鳥人,1
拒演,1
拒絕,15
拒走,1
拔得,1
拔河,1
拗不過,1
拘泥,1
拘留,1
拚勁,1
拚命,3
拚獎,1
招募,4
招商,1
招待,1
招牌,4
招訓,3
拜拜,3
拜登,2
拜託,4
拜訪,2
拜金主義,2
拭淚,3
拮据,1
拯救,4
拱上,2
拱形,2
拱月,1
拱李安,1
拳手,3
拳王,2
拳頭,1
拷貝,2
拼出,1
拼黏,1
拾人牙慧,1
拿下,200
拿九穩,3
拿來,3
拿出,3
拿出來,1
拿手,2
拿捏,3
拿獎,21
拿盡,1
拿給,1
拿走,3
拿起,7
拿遍,2
拿錯,1
持續,39
持續力,1
指令,1
指向,1
指定,2
指導,12
指控,7
指揮,3
指效顰,1
指柔,1
指標性,4
指標獎,1
指涉,2
指為,1
指甲,1
指示,1
指稱,1
挑逗,1
挑選,5
挑釁,1
挖掘出,2
挖翻,1
挨批,2
挨虧,1
挨譙爛尾,1
挨轟,3
挨餓,1
挪到,1
挪威,1
挪威奧斯陸,1
挪威片,1
挫折,4
挫敗,1
振奮,4
振臂,1
振興,3
挺住,1
挺孕肚,1
挺立,1
挺身而出,2
挺進,1
挽回,1
挽救,1
挽頹勢傷透,1
捉對,1
捉摸,2
捍衛,4
捐出,3
捐款,4
捐款人,3
捐給,2
捕手,5
捕捉,3
捕捉到,1
捧場,4
捧為,1
捧紅,1
捧腹,1
捧腹大笑型,1
捨大,1
捨棄,2
捫心自問,1
捷報,1
捷運站,1
掀平權,1
掀瘋,1
掀蓋,1
掀遊,1
掃上,1
掃描,3
掃獎,1
掃瞄,1
掃興,1
掃除,1
掄元,2
掄奧斯卡,1
授權,4
掉頭,1
掌控,2
掌握,5
掌握度,1
掌聲,11
掌舵,2
掌鏡,3
掏出,1
掏心,1
排出,1
排到,1
排名,3
排場,1
排定,1
排序,5
排戲,1
排斥,2
排日,1
排演,2
排練室,1
排行,2
排行榜,7
排開,1
排除,2
排隊,3
排頭,1
掙扎,6
掛名,1
掛帥,2
掛掉,1
掛有,1
掛牌,1
掛號,1
掠過,1
掠陣,1
採取,3
採訪,2
探員,4
探密,1
探底,2
探索,6
探討,18
探險家,1
接下,8
接下來,5
接任,1
接來,1
接到,5
接受度,1
接待員,1
接手,4
接拍,2
接掌,1
接收,1
接棒,4
接洽,1
接演,8
接產學,1
接管,1
接納成,1
接見,2
接觸,3
接踵,1
接近,8
接送,4
接送情,1
接連,14
控制,8
控制狂,1
控球,1
控管,4
控訴,5
推上,4
推動,5
推崇,6
推廣,4
推廣告,1
推廣園,1
推掉,1
推文,1
推派,1
推測,4
推爆,1
推特,31
推理片,1
推磨,1
推薦,8
推辭,1
推進,1
推銷,2
掩護,2
措施,4
描寫,5
描繪,15
描述為,1
提供,34
提供給,1
提倡,1
提出,4
提前,5
提升,4
提升到,1
提名,116
提告,2
提報,2
提心吊膽,1
提拔出,1
提摩西夏勒梅,3
提攜,1
提早,1
提昇,1
提案,1
提比里斯,1
提示,1
提議,2
提貨單,1
提起,2
提醒,16
提高,1
插旗,1
插曲,1
插科,1
插花,1
揚名,7
揚威,4
揚眉吐氣,4
揚言,1
換代,1
換來,1
換取,1
換帖,1
換得,2
換成,1
換算,2
握住,1
握熱,1
握緊,1
揣摩,3
揣摩霍金,1
揪團,1
揪心,3
揭密,1
揭曉,54
揭獎,1
揭發,5
揭藍,1
揭開,2
揭露,9
揮動,1
揮灑,3
揮舞,3
援助,1
援手,3
援救,1
揶揄,7
損人,1
搏鬥,1
搖撼,1
搖擺,1
搖晃,1
搖滾,2
搖滾樂,3
搖籃曲,1
搜尋,2
搜尋量,1
搜索,1
搞上,1
搞丟,1
搞定,1
搞怪,1
搞砸,1
搞笑,11
搥心,1
搬上,6
搬出,2
搬到,4
搬去,1
搬走,1
搭建,2
搭檔,9
搭配,12
搶下,2
搶先,6
搶功勞,1
搶去,1
搶回,1
搶得,2
搶戲,3
搶手,4
搶拍,1
搶搭,1
搶攻,2
搶救,2
搶沾金,1
搶當,1
搶盡,1
搶看,1
搶票,1
搶訂,1
搶走,2
搶足,1
搶過,1
搶鏡,1
搶閱,1
搶風頭,1
摃龜,12
摔倒,1
摔過去,1
摘下,8
摘要,2
摘金,2
摘首,1
摩根,1
摩登,1
摩納哥葛麗絲凱莉,1
摯友,2
摯愛,1
摸摸,1
摸索,3
摺披薩盒,1
摻有,2
撂下,1
撇開,2
撈錢,1
撐起,2
撕咬,1
撕破,1
撞牆期,1
撤檔,1
撤資,1
撤銷,1
撩撥,1
撫平人心克爾,1
撫育,1
播報,1
播放,9
播映,7
撰寫,3
撰文,2
撰稿人,1
撲克臉,1
撲漢堡,1
撻伐,3
撼動,3
撿到,1
擁吻,1
擁好,1
擁戴,1
擁抱,16
擁擠,1
擁進,1
擄獲,3
擅於,1
擅用,1
擅舞,1
擅長,2
擇善固執,1
擊掌,1
擊敗,29
擊敗賽,1
擊退,3
擊鼓,1
擋下,1
擋不了,1
擋不住,2
操作,3
操刀,1
操勞,1
操盤,4
操行,2
擒下,7
擒女配,1
擒得,1
擒獎,1
擒獲,3
擔保,1
擔心,8
擔綱,6
擔起,2
據知,1
據稱,1
據點,2
擠滿,2
擠爆,3
擠車,1
擦乾,1
擦身而過,4
擬好,1
擬定,1
擲骰子,1
擴大到,1
擴展,1
擴展為,1
擴散,1
擺上,2
擺低,1
擺出,1
擺動,1
擺在,1
擺明,2
擺盪,1
擺脫,4
擺設,1
擺設好,1
攀上,2
攀升,4
攀岩,1
攀牙灣,1
攔下來,1
攙扶,1
攜手,10
攝住,1
攝影,91
攝影師,19
攝影棚,10
攝影機,6
攝影獎,11
攝製,1
攪局,1
支付,2
支出,2
支持票,4
支流,1
支票,2
收假,1
收入,6
收到,5
收受,1
收回,1
收場,1
收尾,4
收心琢磨,1
收播,1
收斂,3
收服,1
收益,2
收穫,2
收聽,1
收藏,1
收藏者,1
收視,97
收視史,1
收視戶,1
收視率,37
收視盪,1
收視群,2
收錄,2
收音,3
改以,1
改住,1
改名為,2
改善,4
改學,1
改寫,9
改弦易轍,1
改念,1
改成,3
改拍成,1
改換成,1
改正,1
改為,4
改當,1
改編,75
改編獎,1
改行,1
改裝,3
改裝車,1
改觀,1
改變成,1
改造,2
改造成,1
改造為,1
改進,1
改革,2
改頭換面,1
攻下,3
攻勢,2
攻占,1
攻擊,12
攻擊性,1
攻讀,2
攻防戰,2
攻頂,1
放上網,1
放下,7
放光,1
放入,2
放回,1
放大成,1
放大鏡,1
放心,1
放映,21
放映院,2
放晴,1
放棄,19
放眼,3
放膽,1
放話,2
放送,2
放造,1
放進,2
放閃,1
放鬆,2
政客,3
政府,31
政權,3
政次,1
政治,61
政治化,2
政治味,3
政治家,1
政治性,2
政策,8
政經,3
政論,2
政體,1
故事,91
故事性,1
故事線,1
故國,1
故土,1
故鄉,6
故里,1
效仿片,1
效力,1
效應,12
效果,31
效果獎,1
效益,2
敏感,3
敏銳,3
救不,1
救不了,2
救不起,1
救世主,1
救出,3
救援,13
救贖,4
救起來,1
敗下陣來,1
敗不餒,1
敗北,3
敗將,1
敗猶榮,1
敗部復活,1
敗陣,1
敘事,10
敘事型,1
敘說,3
敘述,3
教主,3
教出,1
教堂,1
教士,1
教學,1
教宗,3
教室,2
教導,4
教師,4
教廷,1
教授,5
教改,3
教會,6
教會性,1
教材,2
教母,2
教父,3
教科書,2
教育,16
教育出,1
教訓,1
教誨,1
敢於,1
散步,2
散發,3
散發出,2
敦克爾克,3
敦厚,1
敬佩,2
敬意,3
敬業,4
敬畏,2
敬禮,1
敬老尊賢,2
敬語,2
敲門,1
敲響,1
整修,2
整形,3
整整,2
整理,3
整體,9
整體性,1
整齊,1
敵人,2
敵意,1
敵手,1
敵方,1
敷衍,1
數一數二,1
數不清,1
數位,25
數十,1
數千,3
數學,5
數學家,1
數據,11
數百,7
數目,3
數量,6
文創,2
文化,75
文化史,1
文化局,1
文化薈萃,1
文化部,4
文化部長,3
文名,1
文在,1
文在寅,4
文在寅補充,1
文字,5
文學,5
文學家,1
文學獎,1
文心,1
文數,1
文明,5
文本,3
文物,1
文祝賀,1
文章,10
文策院,1
文組,1
文茜,2
文藝,3
文藝復興,1
文藝片,1
文豪,3
文類,1
斐然,1
斑馬,2
料到,2
料理,3
斜坡,1
斥資,1
斬獲,9
新一代,1
新人,8
新人獎,2
新任,3
新低,18
新光,1
新冠,2
新冠肺炎,5
新北,1
新北市,3
新台幣,4
新品,1
新增,2
新天地,1
新婚,2
新局,2
新手,4
新星,2
新書,2
新浪,1
新片,26
新猷,2
新秀,3
新科,20
新科葛萊美,1
新竹,2
新紀錄,3
新聞刊,3
新聞台,1
新聞局,2
新聞局長,4
新聞業,1
新聞獎,1
新聞社,2
新聞稿,2
新聞網,5
新聞部,2
新興,1
新華社,3
新郎,1
新高,11
新鮮,3
斷背山,39
斷言,2
方便,1
方向盤,5
方式,26
方法,4
方濟,2
施宏駿,1
施振榮,4
施虐,1
旁白,1
旁白哥,1
旁聽,1
旁觀,1
旁觀者,1
旁邊,1
旅伴,1
旅程,18
旅行,3
旅途,1
旅遊,4
旅遊局,1
旅館,1
旋律,5
族群,22
族裔,4
旗下,2
旗手,1
旗艦,1
旗開得勝,1
既有,1
日以繼夜,1
日出,1
日夜,1
日大,1
日子,3
日常,2
日式,1
日後,4
日據,1
日文,1
日日夜夜,1
日曬,1
日本,20
日漸,1
日益,1
日舞,1
日落,3
日薄西山,1
日記,3
日趨,1
旨在,4
早上,13
早先,3
早晨,2
早期,9
早洩,2
早熟,1
早發型,1
早發性,2
早逝,4
旺盛,1
昂頭,1
昂首,1
昆丁,4
昆丁塔倫提諾,3
昆丁泰倫提諾,2
昆汀,8
昆汀塔倫提諾,12
昆汀奧地利,1
昆西瓊斯,1
明亮,2
明天,4
明定,1
明指,1
明星,65
明星級,1
明晚,3
明朗,2
明獻,1
明白,3
明眼,1
明確,2
明言,1
明訂,1
明貶,1
明貶暗酸,1
昏倒,3
昏迷,1
易卜生,1
易盈,1
星光,34
星光雲寂,1
星女郎,1
星巴克,1
星期,3
星期一,2
星期天,1
星火,5
星空,1
星級,2
星賀喜,1
星途,3
星際,1
映像,1
映後,1
映期,3
映演,3
映照,1
春光,1
春光乍洩,1
春天,2
春季,1
春節,2
春色,1
春苗,1
春風化雨,1
昨早,3
昨晚,6
昨會,1
昨發,1
是否,31
是非,1
時事,1
時事型,1
時代感,2
時值,1
時光,11
時光機,1
時刻,43
時勢,1
時勢意,1
時尚,1
時尚界,1
時差,1
時常,2
時序,2
時時刻刻,1
時期,13
時程,3
時空,3
時而,5
時鐘,1
時間感,1
時間點,1
時隔,3
晉升,1
晚安,2
晚宴,23
晚年,3
晚會,9
晚餐,1
普世,2
普利茲克獎,1
普立茲,1
普立茲獎,1
普羅米修斯,1
普通,1
普遍級,1
景仰,3
景地,3
景深,1
景色,4
景象,1
景點,4
智利,6
智崴,1
智慧,7
暈倒,1
暌違,3
暑假,2
暖化,7
暖場,1
暖心,1
暖氣,1
暗中,2
暗戀,1
暗指,1
暗指投,1
暗暗,1
暗殺,1
暗潮洶湧,1
暗示,3
暗算,1
暗藏,3
暗誇,1
暗諷,2
暗鬥靚,1
暗黑,1
暢快,1
暢所欲言,1
暢談,3
暢銷,4
暫時,2
暮光女,2
暱稱,1
暴亂,2
暴利,1
暴力,12
暴力師,1
暴動,1
暴增,4
暴發戶,2
暴紅,8
暴紅成,1
暴衝,2
暴走,1
暴露,1
暴風雨,9
曇花一現,1
曉得,1
曖昧,2
曝光,7
曲子,1
曲折,2
曲板橋,1
曲高和寡,1
更勝一籌,1
更多,24
更新,5
更正,1
更甚,1
書信,1
書套,1
書籍,3
書院,1
書面,1
曼克,1
曼努爾米蘭達,1
曼哈頓,1
曼德斯,3
曼德茲,1
曼徹斯特,2
曼森,1
曾凌虐,1
曾雅妮,1
替理,1
替身,2
最低點,2
最基本,1
最少,1
最後,111
最愛,10
最最,1
最棒,1
最終篇,1
最高峰,1
最高點,2
會員,56
會員票,1
會場,19
會心軟,1
會計師,10
會議,2
會議室,1
會長,2
會面,1
月事,2
月付,1
月光,14
月球,3
有事,1
有備而來,2
有力,5
有助,3
有助於,2
有史以來,5
有名,3
有失,1
有始有終,1
有容乃大,1
有形,1
有得,1
有微詞,1
有心,2
有心人,1
有志,1
有怪味,1
有時候,2
有望,9
有朝,1
有比,1
有沒有,1
有理,1
有礙,1
有空,1
有線電視,5
有聲,8
有色,1
有錢,6
有錢人,1
有錢人家,1
有限公司,1
朋友,17
服務,2
服氣,2
服裝,34
服裝師,1
服輸,1
服飾,1
朗讀,2
望去,1
望塵莫及,2
望梅止渴,1
朝聖,6
朝聖熱,1
朝聖點,1
期待感,1
期盼,4
期許,5
朦朧,1
木匠,1
木工,1
木板,1
木柵,3
木瓜,1
木造,1
未婚妻,6
未知,1
未遂,1
末代,1
末日,8
末期,1
本位主義,2
本善,6
本土,9
本土化,1
本報,1
本尊,7
本業,1
本該,1
本質,5
札雷伊納利圖,11
朱利葉斯坦農,1
朱柏澄,1
朴敘俊,9
朴明勳,2
朴素丹,1
朴藍道,1
朴贊郁,1
李佛菲尼克斯,1
李健熙,1
李光爵,1
李冰冰,11
李剛,1
李善,1
李善均,8
李在賢,1
李大導,3
李奧,19
李奧帝,1
李奧得獎,1
李奧淡定,1
李奧納,1
李奧納多,78
李奧納多威爾漢狄卡皮歐,1
李奧納多威爾罕狄卡皮歐,1
李奧納多提卡皮歐,1
李奧納多狄卡皮歐,45
李奧納多迪卡皮歐,2
李姃垠,1
李孟熙,2
李安,671
李安一,1
李安中,1
李安之,1
李安二,1
李安來,1
李安兒,1
李安剛,1
李安勇,3
李安口,1
李安周,1
李安和,1
李安大,3
李安奧斯卡,7
李安奪,3
李安如,1
李安得獎,7
李安恩師,1
李安悶,1
李安憑,2
李安手,1
李安抱,1
李安抱獎,1
李安振,1
李安擒,1
李安昨,1
李安時,1
李安會,1
李安榮,1
李安樂,1
李安正,2
李安生,1
李安當,1
李安真的,1
李安祝,1
李安續,1
李安聊,1
李安能,1
李安花,2
李安莫,1
李安處,2
李安衰,1
李安謝台,1
李安讚,1
李安費,1
李安越洋,1
李安通,1
李安還,2
李安都,1
李安高,1
李安鬆,2
李察德瑞佛斯,1
李察林克雷特,1
李察波頓,4
李察波頓多,1
李崗,34
李恩克瑞奇,1
李昇生,1
李氣,1
李涵,1
李淳,1
李滄東,1
李烈,3
李爾,1
李玟,1
李秉,2
李秉憲登,1
李維,3
李美敬,20
李良山,16
李荷妮,4
杏桃街,2
材料,1
材質,1
杜加汀,1
杜寧,3
杜拉,1
杜比,28
杜賈丹,6
杜鵑窩,1
束手無策,1
杯葛,3
東亞,2
東京,4
東南亞,1
東尼,5
東尼獎,7
東山再起,4
東方,13
東方人,2
東施效顰,1
東洋,1
東洛杉磯,1
東西,13
東西方,1
松坂桃李,1
松隆子,1
松露,1
板橋,4
板橋威秀,1
板橋秀泰,1
林來瘋,2
林俊傑,2
林俊逸,1
林恩,3
林惠嘉,22
林曉同,1
林書宇,1
林書豪,23
林母,1
林熙蕾,1
林白榕園,1
林秀偉,6
林肯,60
林肯傳,1
林英斌,4
果決,1
枝微末節,1
枝裕和,2
枯燥,1
架好,1
架起,1
枷鎖,1
柏林,24
柏格,1
柏金包,1
染指,1
柔情,7
查寧塔圖,2
查德威克,4
查德威克鮑斯曼,4
查德維克,2
查德維克博斯曼,8
查德維克鮑斯曼,1
查普曼,1
查派克,1
查禁,1
查詢,1
查證,1
柯一正,1
柯南歐,1
柯朗,5
柯林頓,5
柯比布萊恩,1
柯波拉,1
柯薩科夫斯基,2
柯達,11
柯震東,1
柯麥隆,2
柳承龍,2
柴克艾福隆,2
柴契爾,8
柴普曼,1
柴靜,1
校友,2
校園,4
校方,1
校花,1
校長,8
校長室,1
核子,1
核彈,1
核心,6
核武,2
根深柢固,1
根深蒂固,1
根源,1
格局,6
格式,1
格林威治區,1
格格不入,4
格鬥,1
栽培,1
栽跟頭,1
桂冠,3
框架,2
案件,2
案例,2
桑德斯,2
桑德琳,1
梁彼得,1
梁朝偉,5
梁詠琪,1
梅伯,1
梅姨,10
梅威瑟,1
梅森,1
梅爾吉勃遜,5
梅花鹿,2
梅莉,5
梅莉史翠普,36
梅衍儂,2
梅里耶,1
梅里葉,4
條件,7
梨泰院,1
梯次,6
梳化,1
梵文詞,1
梵蒂岡,2
梵谷,1
棄兒,1
棉花,1
棉花糖,1
棋子,1
棒子,1
棒球,1
棒球賽,1
棕櫚,1
棕櫚泉,2
棕熊,6
棕熊台,1
棚頂,1
森林,5
棲地,1
楊修宇,2
楊冪,1
楊士弘,2
楊德昌,5
楊瑞宇,1
楊紫瓊,1
楊貴媚,1
楊馬泰爾,1
業界,11
業績,2
業者,8
極其,1
極少,2
極惡,1
極為,1
極端,3
極致,2
極速,1
楷模,1
概念,5
榜單,1
榜樣,2
榜首,2
榮幸,2
榮膺,2
榮譽,19
榮譽獎,3
榮銜,1
構思,2
構成,3
槍枝,1
槍殺,1
槍法,1
槓上,1
槓龜,7
槿汐,1
樂來越,12
樂器,1
樂園,2
樂團,3
樂意,1
樂手,3
樂搞,1
樂於,1
樂曲,1
樂此不疲,1
樂聖,1
樂聲,2
樂觀,2
樂趣,1
樂迷,2
樂陞,1
樂隊,3
樂高,9
樂高人物,1
樂高小金,1
樂高小金人,1
樂高王子,2
樂高迷,1
樂高迷會,1
樓中玉,1
標得,1
標準,3
標籤,1
標語,2
標題,1
模仿,4
模型,1
模拼,1
模擬,4
模特兒,1
模糊,1
模造,1
樣貌,1
樸素,1
樹木希林,1
樹立,1
機制,4
機器,2
機器人,3
機場,7
機密,2
機會,79
機械,1
機械姬,1
機構,2
機率,8
機背,1
機艙,1
機車,2
機運,1
機關,1
橫刀奪愛,1
橫溢,1
橫越,2
橫跨,1
檔期,3
檢察官,3
檢查,3
檢測出,1
檢討,4
檯面,2
檸檬,1
櫃姐,1
櫃檯,1
櫚狗獎,1
權利,3
權利金,1
權力,12
權威,3
權益,2
次數,6
次日,1
欣喜若狂,1
欣慰,2
欣賞,4
欺負,1
欺騙,1
歉意,3
歌劇,1
歌劇院,2
歌后,1
歌唱,4
歌喉,1
歌手,12
歌星,1
歌曲,25
歌曲獎,4
歌王,2
歌聲,4
歌舞,12
歌舞劇,2
歌舞片,9
歌舞秀,2
歌詞,5
歌迷,1
歌頌,1
歐亞,1
歐元,7
歐巴桑,2
歐巴馬,6
歐德曼,6
歐文威爾森,1
歐新社,2
歐洲,22
歐洲片,1
歐米蘭達,2
歐美,17
歐陸,1
歡呼,14
歡呼聲,1
歡喜,1
歡心,1
歡樂,5
歡欣,1
歡聲,1
歡聲雷動,5
歡迎,12
歡騰,5
止息,1
止於,1
止步,3
止飢,1
正向,3
正好,2
正宗,1
正常,2
正當,3
正確性,2
正經,1
正義,7
正規,1
正規性,1
正視,1
正面,5
此後,3
此起彼落,1
步伐,2
步步為營,1
步行,1
武俠,1
武俠片,1
武器,6
武漢,3
歧見,1
歧視,45
歪風,1
歲月,4
歷劫重生,1
歷史性,2
歷史案,1
歷屆,2
歷年來,1
歷時,1
歷程,3
歷經,5
歷練,2
歷險記,1
歸功於,3
歸功給,1
歸屬,1
歸於,5
歸給,2
歸還給,1
歸零,1
歸類成,1
死亡,8
死刑,1
死去,1
死守,1
死死,1
死神,2
殊榮,10
殖民,1
殖民地,1
殘忍,2
殘念,1
殘酷,11
殭屍,1
段落,5
段街,1
段路,1
殺人,8
殺人案,1
殺出,4
殺手,9
殺青,3
殿堂,3
毀滅,3
毅力,1
毋須,1
母公司,2
母子,2
母愛,2
母校,4
母熊,1
母職,1
母親,40
母語,4
每下愈況,2
每隔,1
毒品,2
毒舌,1
毒販,1
比下,1
比佛利山,1
比例,14
比利,2
比利克里斯多,1
比利克里斯托,1
比利懷德,5
比利時,2
比喻好了,1
比喻為,1
比如說,1
比擬為,1
比梅莉史翠普,1
比照,5
比爾,2
比爾威斯坦歐佛,1
比爾威斯坦歐佛克勞帝歐,1
比爾派斯頓,3
比爾登,1
比爾街,3
比率,3
比肩,1
比薩,2
比薩店,3
比賽,6
比起,12
比重,2
毛球,1
毛皮,3
毛筆,1
毛茸茸,1
毛遂自薦,1
毛髮,1
毫不,7
毫不起眼,1
民主,8
民主黨,6
民代,1
民國,1
民宿,1
民意,1
民族,4
民望,1
民權,4
民眾,36
民眾觀,1
民粹,1
民視,1
民調,2
民進黨,2
民選獎,1
民間,1
民風,2
氣候,7
氣勢,22
氣味,2
氣度,2
氣息奄奄,1
氣憤,1
氣溫,1
氣質,5
氣走,1
氣韻,1
氣餒,1
氤氳,1
水到渠成,1
水平,3
水池,2
水汪,1
水湳,8
水源,1
水準,1
水漲船高,4
水火不容,1
水門,1
水門案,1
水電工,1
水餃,3
永久,1
永康街,1
永恆,1
永恆族,1
永無止境,1
永生樹,1
永續,3
求助,1
求婚,1
求學,3
求證,1
求變,2
汗顏,1
汙名,1
汙辱,1
江湖,1
江蕙,1
江蕙讚,1
污染,1
汪大,1
汪洋,2
汪洋中,1
汪洋大海,1
決勝負,1
決哥,4
決定權,1
決心,3
決戰,2
決殺,2
決殺令,23
汽車,1
沃夫岡帕克,1
沃夫根帕克,1
沃茲,2
沈可尚,1
沈春華,2
沈溺,2
沈澱,1
沈重,2
沈默,2
沉吟,1
沉寂,4
沉思,1
沉悶,6
沉浮,1
沉潛學,2
沉潛期,1
沉澱,1
沉痛,2
沉穩,4
沉迷,2
沉重,3
沉靜,1
沉香,1
沉默,18
沐浴,1
沒命,1
沒完沒了,1
沒想像,1
沒想到,26
沒想法,1
沒收到,2
沒沒無名,2
沒空,1
沒落,1
沒趣,1
沒辦法,2
沒關係,5
沒面子,2
沖洗,1
沖淡派,1
沖片業,1
沖繩,1
沙漠,4
沙灘,3
沙發椅,1
沙袋,1
沮喪,2
河水,1
河流,1
沸騰,4
油漆,1
治水,1
治療,5
治裝費,1
沾上,2
沾光,10
沾沾自喜,1
沿襲,1
法哈蒂,2
法國,87
法國人,2
法國籍,1
法庭,1
法影帝,2
法律,4
法提,3
法提阿金,3
法新社,6
法洛,4
法海,1
法蘭,1
法蘭柯納,1
法蘭絲,2
法蘭西斯,1
法蘭西絲,16
法蘭西絲麥多曼,3
法蘭西絲麥朵曼,32
法西斯,1
法規,1
法語,1
法院,1
泛淚,5
泛紅,2
泡夜店,1
泡妞,2
泡菜,2
泡麵,2
波士頓,7
波奈兒,1
波尼羅西,1
波布羅,1
波希米亞,4
波折,1
波斯語,1
波濤,1
波瀾,3
波蘭,5
波蘭斯基,1
波蘭裔,1
波西,2
注定,1
注意,6
注意到,4
注目,5
注目禮,1
注重,1
泰倫斯馬力克,1
泰勒西蒙,2
泰囧,1
泰國,1
泰德,1
泰晤士報,2
泰瑞布萊恩,4
泰瑞布蘭特,2
泰路萊德,1
泰隆,1
泳裝,1
泳褲,1
洋媳婦,1
洋溢,1
洋片,1
洋裝,2
洗三溫暖,1
洗刷,1
洗板,1
洗版,5
洗白,1
洗盡,1
洛克,10
洛克威爾,2
洛城,1
洛基,3
洛杉磯,51
洛杉磯市,1
洛林區,2
洞悉,1
津津樂道,1
洩密案,1
洩氣,1
洩漏,1
洩露給,1
洪子烜,1
洪敬浤,1
洪瑞琴,1
活力,1
活命,1
活潑,1
活絡,1
活耀,1
活脫,1
活躍,2
洽談,2
派來,1
派克,1
派出,1
派對,24
派對換,1
派拉蒙,1
派特,26
派特森,4
派翠西亞,12
派蒂,1
派蒂詹金斯,1
派頭,1
派駐,1
流亡,1
流傳,5
流入,1
流利,2
流動,1
流失,3
流失到,1
流影,1
流感,1
流成,1
流暢,2
流氓,4
流浪,2
流淚,2
流產,1
流程,6
流行,3
流行樂,1
流通,1
流連忘返,1
流露,5
浣熊,1
浩克,13
浩克摩拳美版,1
浩渺,1
浩蕩,1
浪子,1
浪池,2
浪淘,1
浪漫化,1
浪潮,3
浪蕩,1
浪費,3
浪跡天涯,1
浪頭,1
浮上,1
浮世繪,3
浮凸,1
浮出,1
浮現,3
浮華,9
浴室,1
海倫杭特,2
海倫米蘭,2
海內外,1
海劫,1
海嘯,2
海地,1
海報,6
海外,2
海岸,1
海水,1
海洋,7
海灘,1
海特,1
海納,1
海街,1
海角,4
海角迷,1
海軍部長,1
海邊,2
海難,1
海餅乾,1
海鮮,1
消失,8
消失成,1
消息出來,1
消毒水,1
消費群,1
消費者,2
消逝,2
消遣,2
消除,2
消音,5
涉嫌,1
涉險,1
涵養,2
淋浴,1
淋漓盡致,3
淑女,2
淒涼,1
淘汰,7
淚光,4
淚奪日,1
淚崩,1
淚崩放下,1
淚憶,1
淚水,2
淚謝,2
淡出,1
淡化,1
淡定,3
淡水,1
淡淡,2
淨水場,2
淨賺,2
淪於,2
淪為,7
淪配角,1
淫魔,1
淬煉,1
深仇,1
深信,1
深入,5
深墜,1
深得,1
深情,11
深愛,1
深探,1
深植,1
深植人心,2
深深,3
深淵,1
深田恭子,2
深究,1
深綠色,1
深處,1
深遠,3
深邃,1
深陷,1
淵博,1
淵源,2
混合,1
混曲,1
混淆,1
混混,2
混血,2
混雜,1
混音,13
混音師,2
混音獎,1
添入,1
清一色,1
清教徒,1
清新,5
清晨,3
清晰,1
清潔,1
清潔婦,1
清潔工,2
清理,1
清瘦,1
清白,2
清算,1
清華,1
清醒,1
減低,1
減到,1
減少,4
減稅,2
港灣,1
渴望,13
渴求,1
游泳池,1
游牧人,1
游牧族,3
游移,1
游離票,1
渾沌,1
渾然天成,3
渾球,5
渾身,2
渾身解數,1
湛藍,2
湧出,1
湧現,2
湧至,1
湧進,1
湯唯,3
湯姆克魯斯,5
湯姆哈迪,4
湯姆希德斯頓,2
湯姆漢克,13
湯姆漢克斯,2
湯姆瓊斯,1
湯姆胡柏,1
湯姆霍伯,1
湯姆霍柏,1
湯姆麥卡錫,2
湯瑪士朗曼,1
湯瑪斯凡提柏格,1
湯米李瓊斯,5
湯馬斯朗曼,1
源源不絕,1
源自於,1
源起,1
源遠流長,1
準備好,2
準則,1
準時,1
準確,3
準確度,2
溜走,1
溝通,3
溢於言表,4
溫厚,1
溫和,2
溫心,2
溫情牌,1
溫文儒雅,2
溫斯坦,11
溫柔,4
溫泉鎮,1
溫特侯,1
溫絲蕾,3
溫飽,3
溫馨,5
滂沱大雨,1
滅火,1
滋味,4
滋潤,1
滑稽,2
滑落,1
滑鐵盧,1
滲入,1
滿堂彩,1
滿州,2
滿座,2
滿座率,2
滿心,1
滿懷,1
滿滿,2
滿載,1
漂亮,5
漂流,121
漂浮島,1
漂白,1
漆黑,1
漏字,1
演出,125
演出獎,2
演員,256
演員獎,10
演唱,10
演唱會,2
演奏,6
演奏會,1
演完,1
演戲,18
演技,50
演技派,1
演技獎,11
演技類,2
演活,4
演爸,1
演獎,1
演筒,1
演繹,3
演繹出,1
演色,1
演藝,19
演藝圈,18
演藝界,1
演說,6
演講,3
演變,1
演起來,1
漠然,1
漠視,3
漢內克,7
漢堡,26
漢娜貝希勒,1
漢尼拔,2
漣漪,2
漫威,20
漫畫,10
漫畫家,1
漫遊,4
漫長,1
漸凍症,1
潔西卡譚蒂,1
潔西卡貝兒,1
潔西卡雀斯坦,1
潔西卡雀絲坦,5
潔達,1
潘妮,1
潘宣布,1
潘瑋柏,1
潛伏,1
潛力,3
潛在,1
潛意識,2
潛移默化,1
潛藏,2
潤利,1
潦倒,2
潮州,2
潮洲,1
潮流,2
潮濕,1
潮男,1
潮男照,1
澳洲,10
激凸,5
激勵,6
激增,2
激怒,3
激情,1
激戰,2
激昂,4
激烈,20
激瘦,1
激發出,1
激盪出,1
濃濃,2
濃縮,1
濃縮到,2
濃郁,1
濤天,1
濫情,1
濫用,1
濫觴,1
瀏覽,1
瀟灑,1
瀰漫,3
灑脫,1
火力,2
火星,2
火爆,1
火盃,1
火箭,1
火線,4
火花,4
火車,3
火辣,2
火鍋,1
灰姑娘,1
灰暗,2
灰石,1
災區,1
災難,1
災難片,2
炎亞綸,1
炫富,1
炫照,1
炫目,4
炫耀,5
炫麗,2
炭疽熱,1
炮火,1
炮轟,4
炸彈,1
炸醬麵,2
為之,1
為伍,1
為傲,4
為恥,1
為期,1
為本,1
為業,1
為題,3
烈愛,6
烈焰,1
烏吉,12
烏托邦,1
烏煙瘴氣,1
烏雲,1
烏龍,10
烹飪,2
焚屍,1
焚燒,1
焚琴,1
無不,3
無傷大雅,1
無價,1
無價之寶,1
無冕王,1
無力,1
無助,4
無可,3
無名,1
無奈,10
無尾熊抱,1
無庸置疑,4
無形,2
無怪,1
無怪乎,1
無悔,1
無情,2
無意,1
無憂,1
無憾,1
無懈可擊,1
無懼,5
無所不用其極,1
無敵,4
無時無刻,1
無業,3
無極,2
無比,5
無瑕,1
無畏,1
無異,2
無疑,4
無禮,1
無窮,3
無線,1
無線電視,3
無緣,14
無能,1
無能為力,1
無與倫比,1
無視,1
無言,1
無語,1
無論如何,2
無趣,1
無路可逃,1
無辜,1
無遺,2
無酬,1
無關緊要,4
無限,2
無雙,1
無頭,1
焦急,1
煉獄,3
煉鋼,2
煎熬,1
煙消雲散,1
照寫,1
照常,2
照料,1
照本宣科,1
照片,19
照辦,1
照顧,7
照顧到,1
煮夫,3
煮夫包,1
煮好,1
煮菜,1
煮飯,2
煽動,1
煽情,1
熊麻吉,2
熔爐,4
熟悉,2
熟悉度,1
熟識,1
熬夜,2
熱中,1
熱倒灶,1
熱吻,1
熱季,2
熱度,5
熱心,1
熱快,1
熱忱,2
熱情,7
熱愛,19
熱搜,1
熱映,5
熱淚,1
熱灶,1
熱熱鬧鬧,1
熱片,1
熱絡,1
熱血,2
熱誠,1
熱議,4
熱賣,7
熱跳,1
熱銷,1
熱門片,2
熱鬧,6
熾烈,1
燃放,1
燃燒,2
燃起,1
燈光,1
燈會,4
燈籠,5
燎原,5
燙金,1
營利,2
營收,3
營救,1
營造,4
營造出,3
燦爛,7
爆冷悶,1
爆冷門,1
爆出,5
爆料,3
爆滿,2
爆發力,1
爆發性,3
爆笑,1
爆粗,1
爆粗口,2
爆紅,1
爆選角,1
爆雷,1
爆點,1
爍爍發光,1
爐火,1
爐火純青,5
爛作,1
爛片,3
爛貨,1
爛醉,1
爬出,1
爬升,1
爬行,2
爭不可,1
爭光,8
爭取來,1
爭取到,2
爭吵,1
爭奪,1
爭完,1
爭平權,1
爭拍,1
爭氣,1
爭相,5
爭論,2
爭議,33
爭議聲,1
爭議點,2
爭金,1
爭霸,1
爭霸戰,1
爵士,4
爵士樂,5
爵士樂手,1
爵士鼓,2
父代,1
父女,2
父子,4
父業,1
父權,2
父母,22
父母親,1
父老,1
父親,100
爸爸,14
爽握,1
爽爆,1
爽片,1
爾虞我詐,1
牆壁,1
片商,23
片單,1
片型,1
片場,8
片尾,3
片廠,2
片成,1
片片商,1
片種,1
片約,2
片論片,1
片酬,11
片金,2
片長,1
片頭,1
版圖,1
版權,5
版權費,1
版面,1
牙癢癢,1
牙科,1
牙買加裔,1
牙醫,1
牛仔,3
牛耳,1
牛肉,1
牛肝,2
牢固,1
牢牢,1
牧師,1
物化,2
物慾,1
物歸原主,1
物理,1
物理學家,3
物種,1
物質,1
特例,1
特刊,1
特別獎,1
特務,1
特務片,1
特區,4
特報,3
特大,1
特寫,4
特寫照,1
特工,5
特強,1
特性,1
特技,2
特拉法加,1
特效,97
特效獎,4
特映,1
特殊,5
特秀秀,1
特種,1
特稿,3
特立,1
特立獨行,1
特芮絲,1
特製,3
特調,1
特質,13
特輯,2
特長,1
特點,2
牽涉,1
牽涉到,1
牽線,4
犀利,3
犀牛,1
犯行,1
犯錯,1
狀態,8
狀況,8
狂傲,1
狂傳,1
狂叫,1
狂喜,2
狂嗑,2
狂奪,1
狂想曲,4
狂愛,1
狂批,1
狂掃,2
狂攻,1
狂歡,9
狂潮,2
狂烈,1
狂熱,1
狂發,1
狂練,1
狂譙,1
狂賣,2
狂轟,1
狂追,1
狂飆,2
狄倫湯馬斯,1
狄尼洛,1
狐狸,2
狗仔,1
狗兄,1
狗狗,1
狙擊手,7
狠奪,1
狠心,1
狠招,1
狡詐,1
狩獵,1
狹小,2
狹窄,2
狹路,3
狹隘,1
狼叫,1
狼吞虎嚥,1
狼嚎,1
狼廳,1
狼狽不堪,1
猛男,1
猛藥,1
猛衝,1
猜不,1
猜中,3
猜到,1
猜對,1
猜測,2
猜準,1
猝死,1
猩猩,1
猩球,1
猶大,2
猶太,4
猶太人,1
猶如,3
獅子,1
獅子王,1
獎丹尼爾戴路易斯,1
獎人,1
獎勵,1
獎台,1
獎史,1
獎品,1
獎季,8
獎學金,1
獎座,69
獎志在,1
獎手,1
獎扮,1
獎拿,1
獎照,1
獎片,2
獎狀,1
獎獻,2
獎獻給,12
獎章,3
獎落,7
獎金,1
獎項,126
獨一無二,3
獨具,2
獨占,1
獨吞,1
獨奏,1
獨家,9
獨寵,1
獨尊,1
獨挑,1
獨撐,1
獨有,1
獨樹一,1
獨樹一格,2
獨白,1
獨立,108
獨立片,1
獨立獎,1
獨腳雞,1
獨行,1
獨行俠,2
獨裁,2
獨角獸,1
獨霸,1
獨領,1
獲利,2
獲勝,3
獲取,1
獲得,154
獲悉,1
獲救,1
獲獎,120
獲獎人,1
獲獎成,1
獲獎率,2
獲益,3
獲知,4
獲至,1
獲譽,1
獲贈,1
獲選,3
獲頒,29
獵人,89
獵人頭,1
獵殺,2
獵金,1
獸性,1
獻上,2
獻伊人,1
獻唱,3
獻媚,1
玄機,2
率先,3
率性,1
率真,1
率隊,1
率領,5
玉婆,1
玉子,5
玉當,1
王位,1
王八蛋,5
王冠,2
王力宏,5
王國,1
王妃,1
王子,5
王子逸,5
王家衛,6
王建民,1
王晶,2
王柏傑,1
王渝文,1
王牌,1
王老五,1
王者,8
王路,1
玩世不恭,2
玩具,4
玩命,2
玫瑰,1
玻璃,3
玻璃心,1
珊卓,4
珊卓布拉克,6
珍夏普曼,1
珍奶,1
珍妮,1
珍妮佛,5
珍妮佛勞倫斯,22
珍妮佛勞倫斯都,1
珍妮佛嘉納,3
珍妮佛安妮斯頓,5
珍妮佛安妮絲頓,1
珍妮佛羅培茲,2
珍妮佛蘿培茲,1
珍妮李,3
珍妮特,1
珍妮特派特森,1
珍愛,1
珍柴普曼,1
珍珠,2
珍芳達,8
珍貴,6
珠寶,2
班亞佛列克,7
班傑明,3
班加西,1
班奈迪克康柏拜區,1
班底,2
班機,1
班艾佛列克,25
現今,8
現代,10
現代化,3
現代版,1
現任,2
現在,63
現場,40
現實,16
現成,1
現有,1
現況,7
現狀,2
現象,4
現身,13
現身說法,1
球場,1
球星,4
琅琅,1
理念,9
理性,18
理想,7
理想化,1
理想性,1
理所當然,8
理智,2
理查,1
理查帕克,1
理查派克,1
理查茲,1
理由,6
理當,1
理虧,1
理論,1
琥碧戈柏,1
琪拉奈特莉,1
瑞典,3
瑞凡,3
瑞凡菲尼克斯,2
瑞德曼,1
瑞秋,1
瑞秋麥當斯,1
瑞絲薇斯朋,1
瑞絲薇絲朋,1
瑪丹娜,3
瑪莉莎李歐,1
瑪莉麥特琳,3
瑪莎魯伊茲,1
瑪蓮妮亞,1
瑪蓮娜,1
瑪麗,2
瑪麗莎托梅,1
瑪麗蓮夢露,2
瑰寶,1
璞玉,1
環伺,2
環保,20
環太平洋,1
環球,1
環球報,6
環球時報,1
環環,1
環環相扣,1
環節,4
環繞,2
環視,1
環遊,1
瓜達拉哈拉,1
瓦昆,2
瓦昆菲尼克斯,16
瓦昆費尼克斯,3
瓦茲,2
瓶頸,1
瓷器裝,1
甄嬛傳,1
甄選,1
甘妲,1
甘蔗,8
甘迺迪,1
甘霖,1
甚多,2
甜品,1
甜姐兒,3
甜爆,1
甜秘客,2
甜美,1
甜茶,1
甜蜜,5
生下,3
生動,3
生化人,1
生命,26
生子,2
生存,2
生性,2
生意,3
生態,5
生效,1
生於,1
生日,9
生日宴,1
生日禮,1
生死,6
生氣,5
生活化,1
生活照,1
生澀,1
生物,3
生猛,2
生理,1
生生不息,2
生產,4
生產商,1
生病,1
生肖,1
生計,1
生還,1
生長,1
產品,3
產官學,1
產業,34
產物,3
產生,11
產製,1
產量,3
用完,1
用心,4
用意,1
用於,3
用語,1
甩鍋,2
甩開,1
甩頭,1
甫登,1
甲子,2
申奧,2
申請,7
男人,7
男兒,1
男兒身,1
男友,10
男女,20
男子,5
男子漢,2
男孩,27
男性,13
男扮女裝,2
男方,1
男星,45
男星榜,1
男榜,1
男神,1
男裝,1
男配,3
界線,3
界限,1
畏懼,1
畏生,1
留下,8
留在,6
留存,1
留學,1
留念,2
留給,1
留言,12
畢格羅,3
畢格蘿,1
畢業,13
畢業生,2
畢竟,10
略勝一籌,1
略微,1
略為,1
略知一二,1
略過,1
番茄,1
畫出,1
畫刊,1
畫家,2
畫素,2
畫質,1
畫面,37
畫風,1
異動,1
異國,2
異地,1
異常,1
異形,3
異性,1
異攻隊,2
異曲同功,1
異色,1
異鄉,1
當下,8
當事人,4
當前,3
當務之急,1
當地人,1
當家,1
當局,2
當日,2
當晚,18
當權,2
當權者,2
當眾,2
當紅,4
當街,1
當選,4
當面,1
當頭,1
疏失,1
疏忽,1
疏遠,2
疏離,1
疑似,2
疑問,1
疑慮,3
疑雲,1
疑點,1
疫情,18
疫病,3
疲乏,1
疲弱,1
疲憊,3
疲於奔命,1
疲軟,1
疼愛,1
疾呼,4
疾病,4
病容,1
病患,4
病情,2
病態,4
病毒,2
病逝,1
痕跡,1
痛失,2
痛定思痛,1
痛心,1
痛恨,2
痛打,1
痛批,1
痛苦,3
痞子,4
痠痛,1
瘋傳,3
瘋后,1
瘋狂,43
瘋癲,1
瘋看,1
瘋馬,1
瘋馬秀,8
瘋騷,1
瘋魔,1
瘡疤,1
瘦身,2
療癒,2
療程,3
癒合,1
癡笑,1
癥結,2
癱瘓,2
登台,7
登場,27
登山家,1
登峰,2
登峰造極,1
登帝后,1
登陸,1
登頂,1
登高一呼,1
發亮,1
發人深省,2
發光,9
發出,7
發噱,1
發威,1
發寒,1
發展出,5
發展局,1
發展性,1
發布,5
發抖,2
發掘,4
發推,2
發揮,17
發揮到,1
發明出,1
發源地,1
發熱,3
發燒,1
發病,1
發福,1
發笑,1
發聲,23
發行,10
發行商,5
發行權,2
發言,11
發跡,1
發送,3
發酵,4
發電報,1
白人,46
白人獎,1
白城,1
白天,1
白女,1
白女巫,1
白宮,25
白熱化,2
白球鞋,1
白皙,1
白皙皙,1
白目,1
白目賊,1
白砂,3
白砂灣,5
白砂灣湧,1
白禮服,1
白種,1
白羅,1
白肉鍋,1
白色,10
白茫茫,1
白蛇,1
白諷黑,1
白費,1
白領,1
白黑黃,1
白黑黃相,1
百億,1
百分之90,2
百分之八十,1
百分之十八點多,1
百分之百,2
百分之６,1
百分百,5
百姓,2
百密一疏,1
百川,1
百老匯,8
百般,1
百花齊放,1
百萬,8
百貨公司,2
百里追凶,1
皆大歡喜,2
皇后,4
皇家,1
皇帝,1
皮克斯,9
皮包骨,2
皮卡丘,1
皮耶羅托西珍赫修,1
皮膚,4
皮開肉綻,1
皺眉,1
皺紋,2
盛世,1
盛事,7
盛傳,3
盛典,2
盛宴,2
盛會,11
盛況,1
盛行,2
盛裝,1
盛譽,2
盛讚,7
盡力,4
盡心,1
盡心思,1
盡情,4
盡收,2
盡現,1
盡量,1
監控,2
監獄,3
監督,1
監禁,2
監製,31
監護權,1
盤旋,1
盧森堡,10
盧森堡人,1
盧米埃,2
盧貝茲基,1
目不暇給,1
目不轉睛,1
目光,3
目標,16
盲目,2
直中,1
直來直往,1
直播,27
直擊,1
直率,4
直譯,1
直讚,1
直面,1
相中,4
相似,1
相佐,1
相傳,1
相加,1
相助,1
相對,5
相對於,3
相形,1
相應,1
相戀,2
相持不下,1
相提並論,2
相擁,1
相機,4
相比,4
相爭,1
相當於,2
相符,1
相等,1
相處,4
相識,3
相距,2
相較,9
相近,2
相逢,3
相遇,3
相隔,4
相隨,1
省思,2
看上,2
看好,47
看好度,1
看好聲,1
看好萊塢,1
看完,13
看待,6
看得見,2
看慣,1
看戲,1
看板,3
看法,3
看準,1
看熱鬧,2
看畢,1
看穿,1
看膩,1
看見,14
看護,1
看走眼,1
看起來,10
看過來,2
看錯,1
看點,1
真人,5
真人真事,3
真人電影,1
真假音,1
真善美,6
真如,1
真實感,1
真心,4
真情,4
真摯,2
真正,27
真理,2
真相,28
真真,1
真真假假,1
真義,2
真話,1
真誠,6
真身,1
真非,1
真髮,1
眭澔平,5
眷戀,1
眼力,1
眼尖,2
眼後,1
眼淚,4
眼球,1
眼界,3
眼眶,4
眼睛,8
眼睜睜,1
眼見,1
眼角,2
眼鏡,4
眼閃,1
眾人,9
眾所周知,1
眾所皆知,1
眾所矚目,4
眾望所,1
眾望所歸,7
眾矢之的,1
眾說紛紜,1
睡著,1
睡覺,2
督促,1
睽違,4
睿智,1
瞄準,1
瞞天,3
瞞天大,13
瞞天過海,1
瞠目結舌,2
瞪眼,1
瞬息萬變,1
矚目,16
矛頭,1
知人,1
知名,30
知名度,10
知性,1
知情,1
知曉,1
知識,6
知識分子,2
知遇,1
知難而退,1
知音,2
短暫,1
短期,2
短片,38
短片氦,1
短片獎,1
短短,1
短缺,1
短袖,1
短褲,1
短視,1
短評,1
短髮,2
矮小,1
矯揉,1
矯枉過正,2
石之,1
石板,1
石膏,2
石膏人,1
石膏廠,1
石膏糊,1
石蟹鉗,1
石靜文,6
砍掉,2
研發,2
研究,8
研究所,2
研究院,2
研議授,1
研讀,1
砲彈,1
砲轟,5
破例,1
破口,1
破壞,2
破天荒,3
破懸案,1
破格,1
破產,19
破碎,1
破紀錄,2
破繭而出,1
破表,2
破題,1
砸下,1
砸壞,1
砸錢,1
硬底子,3
硬漢,1
硬質,1
硬體,4
碎片,1
碧昂絲,4
碧眼,2
碩士,6
碩果僅存,1
碰上,1
碰壁,5
碰巧,1
碰觸,1
碳足跡,1
確保,3
確立,1
磁力,1
磁場,1
磁鐵,2
磅礡,2
磨劍,1
磨合,4
磨戲,2
礦工,1
礦洞,1
示威,2
示弱,1
示愛,2
示範,1
社交,2
社區,3
社團,2
社工,1
社會,65
社會系,1
社群,16
社論,1
祈求,1
祈禱,3
祕密,12
祕書,5
祕辛,1
祖國,4
祖母,3
祖父母,3
祝福,6
祝賀,12
神作,1
神力,2
神助攻,1
神卡卡,1
神奇,1
神奪,1
神性,1
神曲,2
神準,3
神父,7
神狗人,1
神祕,7
神算,1
神級,2
神經,2
神經元,2
神職,1
神職性,1
神話,2
神遊,1
神采,1
神隱,1
神韻,1
神鬼,97
神魂顛倒,1
票券,1
票房,189
票房率,1
票投,2
票數,6
票流,1
票選,5
票選制,1
票選為,1
票選獎,2
祭出,2
禁令,8
禁區,2
禁忌,3
禁止,5
禁演,5
禍害,1
福伯,2
福利,2
福斯,10
福斯特,1
福特,3
福祉,1
禮拜,1
禮教,1
禮服,22
禮物,8
禮聘,1
禮貌,3
禮貌性,1
秀出,3
秀氣,1
秀泰,3
私下,5
私人,4
私底下,1
私法,2
私生活,2
私立,1
秉持,4
秋微,1
秋菊,1
秋葵,1
科奧斯卡,2
科學,5
科幻,8
科幻片,8
科影帝后,1
科技,29
科技業,1
科技片,1
科目,1
科米蛙,1
科系,2
科羅拉多,1
秒鐘,3
秘密,2
秘密客,1
秘扇,1
租金,2
租閱,1
秦淮河,1
移到,2
移動,1
移地,2
移山,1
移師,1
移往,1
移情,1
移民,24
移民署,1
稀釋,1
程仕吉,1
程度,14
程式,1
稍嫌,1
稍後,3
稍微,1
稚嫩,1
稜鏡,1
種族,69
種種,4
種類,3
稱不上,1
稱作,1
稱呼片,1
稱好,1
稱帝,29
稱帝作,1
稱得上,1
稱為,7
稱職,1
稱號,2
稱讚,7
稱雄,1
稱霸,8
穆令,1
穆勒,1
穆斯林,3
穆瑙,1
積弱,1
積木,3
積極,9
積蓄,2
穩健,1
穩固,2
穩定,4
穩紮穩打,1
空中,4
空位,1
空前,1
空手而回,8
空手而歸,2
空拍機,3
空服員,1
空檔,3
空氣,1
空白,1
空票,3
空窗,1
空虛,1
空間,18
空降,6
空隙,1
空頭,1
空題,1
穿上,1
穿戴,2
穿插,1
穿梭,3
穿越,1
穿透,1
穿過,1
突兀,1
突出,6
突圍,2
突發,1
窈窕淑女,1
窒息,1
窗口,1
窗子,1
窘困,1
窘迫,1
窩在,1
窩心,3
窮人,1
窮人臭,1
窮兒子,1
窮媽,2
窮愁潦倒,1
窮酸,1
窮酸味,1
窺探,2
竄出,3
竄紅,1
竄跑,1
竊喜,1
竊盜城,1
竊盜罪,1
竊竊私語,1
立下,1
立場,4
立定,1
立志,3
立陶宛,1
立體,4
立體電影,1
站上,4
站出來,1
站成,1
站穩,2
站起來,6
章子怡,16
童兵,1
童工,4
童年,15
童心,1
童挨譙,1
童星,6
童言,2
童話,3
童語,2
竭盡所能,1
端坐,1
端正,1
端詳,1
競技,2
競搶,1
競標,1
競爭,26
競爭力,1
競買,1
競賽,7
競賽片,2
競逐,2
競選,6
笑倒,1
笑容,1
笑彈龍虎榜,1
笑掉,1
笑搬,1
笑擁,1
笑柄,2
笑梗,1
笑稱,4
笑答,1
笑聲,2
笑虧,1
笑話,11
笑說,22
笑談,2
笑點,1
笙歌,1
符碼,1
笨拙,1
第1,23
第11,3
第16,1
第1次世界,1
第2,38
第20,1
第26,1
第27,1
第28,2
第29,1
第3,24
第31,3
第35,2
第38,1
第39,1
第4,2
第40,1
第42,1
第5,4
第6,2
第66,1
第7,4
第70,1
第71,1
第8,4
第81,1
第84,3
第85,9
第86,8
第87,8
第88,22
第89,6
第90,10
第91,3
第92,11
第92015年,1
第93,14
第一,90
第一手,2
第七,1
第七十八,1
第三,11
第三人,1
第九十一,1
第九十三,2
第九十二,2
第二人,1
第五,1
第八十九,1
第八十五,4
第八十八,2
第八十四,3
第六,1
第十七,1
第十六,1
第卅,1
第四人,1
第１,5
第２,16
第３,10
第４,1
第５,2
第６,1
第７,1
第９,1
筆下,2
筆挺,3
筆者,3
等一下,1
等候,1
等出,1
等同於,1
等待,3
等於,6
等級,2
答應到,1
答案,10
策劃,1
策展,1
策略,5
箇中,1
算是,8
箝制,2
管制,1
管家,1
管弦,1
管弦樂,1
管束,1
管理,1
管理人,2
管理員,1
管絃,1
管道,2
箭步,1
箭靶,1
箱橋,1
箱橋段,1
節制,1
節操,1
節目,41
節省,1
範圍,4
範本,2
篆刻,1
篇幅,1
篇章,1
築牆,2
篤定,2
篩檢,1
簇擁,1
簡報,2
簡報會,1
簡易版,1
簡樸,1
簡潔,3
簡短,2
簡稱,2
簡訊,2
簡陋,1
簽名,6
簽名信,1
簽約,1
簽訂,1
籃板,2
籃球,1
籌備,10
籌劃,1
籌得,1
籌拍,3
籌碼,2
籌設,2
籌資,1
籌錢,1
籌集,1
籠罩,2
米亞尼爾,1
米戴維斯,1
米拉奈兒,1
米榭哈扎納維奇,1
米歇爾,2
米歇爾哈札納維西斯,4
米歇爾阿札納維休斯,9
米歇阿札那維休斯,1
米高,1
米高基頓,13
米高謝詞,1
米高默默,1
粉牆,1
粉絲,23
粉絲拍,1
粉色,1
粗暴,1
粗淺,1
粗獷,1
粗糙,1
粗製濫造,1
粗鄙,1
精伍,1
精密,2
精巧,2
精彩,10
精挑,1
精於,1
精湛,8
精準,10
精疲力盡,1
精益求精,1
精確,4
精神,29
精神奕奕,1
精神獎,54
精簡,1
精練,1
精緻,3
精美,2
精通,2
精進,1
精鍊,1
精障,1
精雕細琢,1
精髓,2
糗事,1
糟糕,2
系出同門,1
系統,7
系統化,1
糾正,1
糾葛,1
紀元,1
紀實,2
紀念,3
紀念冊,3
紀念品,1
紀念獎,1
紀念館,1
紀錄,123
紀錄片,20
約書亞,2
約會,2
約翰,1
約翰亞當斯傳,1
約翰威廉斯,2
約翰尼斯堡,1
約翰屈夫塔,1
約翰森,2
約翰辛格頓,1
約翰霍克斯,1
約翰馬歇爾,1
紅人,1
紅地毯,1
紅嬰仔,1
紅星,3
紅毯,26
紅氣旺,1
紅海,1
紅火,1
紅磨坊,1
紅米機,1
紅色,2
紅著眼,1
紅蘿蔔,1
紅衣,1
紅過,1
紅鶴,1
紋身,1
紋飾,1
納尼亞,1
納得利,1
納悶,1
納稅人,3
納米比亞,1
納粹,5
紐時,17
紐曼,1
紐澳,1
紐約,26
紐約時報,8
紐西蘭,2
純情,1
純樸,1
純熟,2
純真,4
純粹,3
純精,1
紕漏,1
紙盒,1
紛擾,1
紛爭,1
紛紛,7
紛讚,1
素人,4
素材,1
素樸,2
素質,2
素顏,3
索倫提諾,1
索德柏,1
索然無味,1
索爾,10
索羅門,2
索羅門諾斯拉普,2
索羅門諾薩普,2
索賠,1
紮實,1
累積,11
累積出,1
累翻,2
細心,1
細節,4
細胞,1
紳士,3
終其一生,1
終場,1
終局,1
終幕,1
終生,1
終登,1
終身,17
終點,2
終點站,1
組合,10
組委會,1
組織,8
結下,1
結婚,8
結尾,3
結局,4
結巴,2
結晶,1
結束,32
結構性,1
結為,2
結盟,1
結結巴巴,2
結緣,1
結縭,2
結褵,2
結論,2
結識,5
絕佳,4
絕命,2
絕命鎮,6
絕地,1
絕大多數,2
絕對的,1
絕少,2
絕望,4
絕美,3
絕配,4
絕難,1
絕非,4
絢爛,1
給了年紀,1
給予,8
給錯獎,1
統治,3
統籌,2
統計,13
絲帶,1
絲毫,4
絲絲入扣,1
綁架,13
經常,7
經年,1
經歷,23
經濟,8
經濟艙,1
經濟部,5
經營,5
經理,5
經發局,5
經紀,4
經紀人,5
經費,3
經貿,3
經驗,6
綜合,1
綜合體,2
綜藝,1
綜藝報,3
綜觀,1
綠卡,4
綠坊,5
綠巨人,2
綠意盎然,1
綠燈,1
綠皮書,21
綠色,2
綠草如茵,1
綠葉,5
綠野仙蹤,1
維克多柯薩科夫斯基,1
維多莉亞,1
維妙維肖,4
維安,2
維持住,1
維果莫天森,1
維權,6
維納斯,1
維護,1
網友,73
網戰,1
網民,1
網站,30
網絡,1
網羅珍妮佛勞倫斯,1
網譏,1
網路,23
網路版,1
網路版點閱,1
網際網路,1
網頁,1
綺拉奈特莉,1
綾瀨遙,1
綿密,1
綿延,1
綿綿,1
緊咬,1
緊密,2
緊急,3
緊扣,1
緊接,1
緊握,6
緊握住,1
緊湊,3
緊盯,1
緊緊,2
緊繃,1
緊跟,1
緊身,2
緊追,1
緊追不捨,1
緊隨,1
緋聞,3
線上,2
線條,1
線索,2
緝捕,1
緝毒組,1
緞帶,2
締造,9
緣分,1
緣故,2
緣起,1
編列,1
編劇,16
編寫,1
編導,8
編排,1
編織,1
編織出,1
編舞,3
編舞家,1
緩和,1
緩慢,1
緩步,1
緩緩,2
緩頰,1
緬懷,7
緬甸,1
練出,1
練習,2
縝密,2
縫製,1
縮下,1
縮水,1
縮水成,1
縮短,3
縱橫,1
總人口數,3
總人數,1
總公司,3
總動員,5
總和,2
總導演,2
總局,2
總揮不,1
總收入,1
總收視,5
總教練,1
總數,1
總片酬,1
總獎數,2
總理,1
總監,2
總票房,3
總結,1
總統,49
總統府,2
總統文,2
總裁,2
總製作人,1
總計,2
總設計師,1
總資產,1
總部,2
總預算,1
總額,1
繁華,1
繁複,1
繆傑克森,1
繡上,1
繫於,1
繼任,1
繼子,1
繼承,4
繼承人,1
繼續,31
繽紛,2
續作,1
續攤,2
續用,1
續篇,1
續集,11
纏綿,1
纏繞,1
纏身,1
纖細,1
缺乏,17
缺少,1
缺席,17
罕見,2
罩頂,1
罪人,7
罪己,1
罪惡,1
罪犯,2
罪疚,1
置之不理,1
置信,4
置入,2
置於,1
置身,3
罰跪,1
罵慘,1
罵翻,1
羅伯施洛伯,1
羅傑狄金斯,3
羅利葛斯,2
羅勃派汀森,1
羅密歐,2
羅德島,2
羅斯福,2
羅素,1
羅素克洛,4
羅門,1
羅馬,29
羅馬城,1
羈絆,1
羊男,4
美人,3
美人魚,1
美元,68
美利堅,1
美劇,1
美劇版,6
美化,1
美名,1
美善,1
美國,411
美國人,10
美國化,2
美國版,1
美圖,1
美墨,1
美女,6
美好,14
美妙,1
美媒,1
美學,3
美工,1
美式,5
美意,1
美感,2
美方,2
美樂,1
美洲,3
美滿,1
美籍,10
美聯社,5
美肌,1
美艷,1
美藝,1
美術,17
美術館,1
美軍,1
美選,1
美金,31
美雅泰勒,2
美顏,1
美食,4
美麗,16
羔羊,10
羞愧,3
羞澀,1
羞辱,1
群倫,1
群戲,1
群攻,1
群星,1
群演,2
群眾,4
群策群力,1
群雄,3
羨慕,1
義務,2
義大利,17
義大利片,1
義大利裔,2
義正,1
義籍,1
義賣,3
羽毛,2
翅膀,1
習俗,1
習字,1
習得,1
習慣於,1
習於,1
習近,2
翡翠谷,1
翩然,1
翹楚,1
翹臀珍,1
翻倍,1
翻出,1
翻成,1
翻找,1
翻拍,4
翻攝,1
翻新,2
翻版,4
翻生,3
翻盤,4
翻紅,1
翻譯,2
翻身,6
翻轉,5
耀眼奪目,1
老人,3
老人味,1
老人家,2
老伙仔,1
老來,1
老先生,2
老公,17
老兵,1
老去,1
老喬,1
老外,1
老天,1
老套,3
老娘,3
老婆,21
老媽,1
老子,4
老家,5
老實說,3
老將,3
老少,2
老少咸宜,1
老師,11
老年,2
老年人,1
老是,1
老朋友,1
老江湖,1
老潘,3
老爸,5
老片,1
老當益壯,1
老病,1
老百姓,1
老美,2
老老實實,1
老薑,1
老虎,17
老謀深算,1
老還童,1
老闆,14
老頑固,1
老鷹隊,1
老鼠,1
老鼠屎,1
考慮,6
考試,2
考量,5
考題,1
考驗,5
耍嘴皮,1
耍狠,1
耐人尋味,1
耐操,1
耕耘,1
耗去,1
耗時,6
耗資,5
耳光,1
耳垂,1
耳機,3
耳濡目染,1
耳熟能詳,1
耳環,3
耳目一新,3
耳語,1
耳順,1
耶誕節,2
耶路撒冷,2
耶魯,1
聊到,3
聊天,6
聖伯納迪諾,1
聖地牙哥,1
聖塔莫妮卡,1
聖母,2
聖物,1
聖陽,1
聘用,3
聘請,2
聚會,1
聚會感,1
聚焦,5
聚焦力,1
聚集,3
聞之色變,1
聞出,1
聞到,1
聞名,1
聞名遐邇,1
聞天祥,4
聞訊,2
聞起來,2
聯合國,2
聯合報,2
聯名,1
聯想,1
聯想到,1
聯手,6
聯映,3
聯盟,8
聯結車,1
聯絡,4
聯繫,2
聯考,2
聯袂,1
聯邦,6
聯邦政府,1
聯集,1
聰明,2
聲光,7
聲名大噪,2
聲帶,1
聲控,1
聲援,3
聲效,1
聲明,9
聲望,2
聲浪,4
聲淚俱下,1
聲片,1
聲稱,1
聲色,2
聲請,7
聲道,3
聲量,1
聶隱娘,2
職人,1
職業,7
聽到,11
聽完,1
聽成,1
聽眾,2
聽聽,1
聽見,2
聽話,2
聽說,3
聽起來,2
聽進去,1
聽障,1
聾啞,1
肅然起敬,1
肅穆,1
肌肉,3
肚子,2
股價,1
肢體,8
肥皂劇,1
肩帶,1
肩負起,1
肯亞裔,1
肯塔基,1
肯尼斯杜朗,1
育兒,1
育才,2
肺炎,5
背對,1
背影,1
背後,7
背心,1
背書,4
背誦,3
背道而馳,1
胡士托,2
胡婷婷,1
胡布洛,2
胡志強,13
胡錫進,1
胰腺癌,1
胴體,1
胸有成竹,1
胸細,1
胸罩,1
胸脯,1
胸部,1
能不能,1
能力,15
能歌,1
能源,1
能耐,2
能見度,2
能量,8
脆弱,1
脖子,2
脫不了,1
脫到,1
脫口搞笑,1
脫口秀,2
脫口而出,1
脫困,1
脫穎而出,10
脫節,1
脫線,1
脫胎換骨,4
脫衣舞,1
脫身,1
脫逃,2
脫離,4
腐敗,1
腔調,1
腕表,8
腥聞,2
腦海,3
腦溢血,1
腦筋,5
腦袋,2
腦補,1
腳步,2
腳踏車,1
腹地,1
膚淺,1
膚色,17
膠卷,3
膠帶,2
膠捲,3
膠水,2
膠著,1
膽識,2
膾炙人口,3
臉型,2
臉孔,1
臉書,19
臉紅,1
臉色,1
臉部,2
臉頰,3
臉龐,1
臥底,1
臥虎藏龍,39
臨危受命,1
臨時,4
自主,2
自以為,1
自信,3
自備,1
自傲,1
自傳,4
自傳式,1
自傷,1
自制,1
自剖,2
自助餐,1
自動,2
自名,1
自唱,1
自問,3
自圓其說,1
自在,2
自娛,1
自婊,1
自學,1
自家人,2
自封為,1
自導,13
自導出,1
自小,4
自己人,2
自彈,1
自律,1
自得,2
自憐,1
自成,1
自我,22
自打嘴,1
自找,2
自拍,11
自掏腰包,1
自掏腰包花,1
自揭,1
自殺,6
自清,1
自演,10
自然,17
自然光,1
自然界,1
自營,1
自爆,1
自由,114
自由派,1
自由行,1
自白,2
自省,1
自私,3
自稱,9
自答,1
自虐,1
自虧,2
自行,3
自製,5
自覺,1
自討,1
自認,2
自謙,2
自豪,1
自豪感,1
自辦,1
自開場,1
自限,1
自願,1
臭臉,1
至上,3
至極,2
至高,1
致力,7
致命,1
致命傷,1
致哀,3
致敬,32
致歉,3
致詞,66
致謝,9
致辭,8
致電,1
臺詞,1
臻品,1
與世長辭,1
與日俱增,1
與會,1
與有榮焉,12
與眾不同,4
興南,1
興奮,20
興建,2
興盛,1
興衰,1
興設,1
興起,1
興趣,15
興趣缺缺,1
舉例,2
舉動,4
舉國,5
舉手,1
舉棋,1
舉止,1
舉步,1
舉行,43
舉起,1
舉足輕重,1
舉辦,17
舊事,1
舊日,1
舊習,2
舊金山,2
舒淇,1
舒華茲,2
舒適,1
舒適圈,1
舞台,38
舞台劇,21
舞影展,1
舞棍,3
舞步,2
舞者,5
舞藝,1
舞衣,1
舞蹈,3
航太,1
航程,1
船名,1
船員,2
船長,2
船難,1
良善,1
良多,1
良好,2
良知,2
良能,1
艱困,1
艱澀,2
艱辛,2
艱難,2
色彩,7
色情片,1
色戒,1
色藝,1
色調,4
艷麗,1
艾佛列克,2
艾倫,7
艾倫圖,1
艾倫圖寧,1
艾倫圖靈,1
艾倫狄珍妮,6
艾倫狄珍妮絲,5
艾倫狄金妮絲,1
艾克斯福,5
艾克曼,1
艾力克斯葛林沃德,2
艾嘉達提布希絲卡,1
艾奎特,3
艾娃,1
艾娃杜韋奈,1
艾希佛,4
艾希佛猜奧斯卡,1
艾德嘉,2
艾德琳,1
艾德華,3
艾斯比加,1
艾方索,23
艾方索克朗,2
艾方索柯朗,23
艾方索讚,1
艾曼努爾盧貝茲基,2
艾曼紐,2
艾曼紐爾盧貝茲,1
艾曼紐爾盧貝茲基,7
艾曼紐盧貝茲基,1
艾曼紐麗娃,18
艾未,5
艾未未,3
艾格頓,1
艾爾,1
艾爾帕西諾,1
艾爾頓強,2
艾琳希瑟頓,1
艾琳海勒頓,1
艾瑪史東,6
艾瑪華森,1
艾米琳,3
艾美,1
艾美亞當斯,3
艾美懷絲,2
艾美獎,12
艾莉森珍妮,4
艾莉西亞,10
艾莉西亞薇坎德,9
艾莎,1
艾薩克,1
艾許莉賈德,1
艾賓鎮,1
艾迪,3
艾迪瑞得曼,1
艾迪瑞德曼,13
芝加哥,5
芬恩,1
芬蘭,1
芭兒,2
芭芭拉史翠珊,1
芭蕾舞,1
芭達雅,1
芮妮,3
芮妮齊薇格,9
花園,2
花店,1
花朵,1
花枝招展,1
花樣年華,1
花漾,1
花瓶,2
花紋,1
花絮,4
花落,1
花蓮,1
花裝,1
花費,8
花邊,3
花都,1
花錢,3
芳婷,4
芳華,1
苛待,1
若丹佐,1
若要,2
若隱若現,1
苦不堪言,1
苦力,1
苦勞,1
苦情,1
苦楚,3
苦水,1
苦海,1
苦盡甘來,1
苦等,1
苦蹲,1
苦難,2
苦頭,2
英國,110
英國人,4
英國片,2
英國籍,1
英國裔,1
英姿,2
英年,2
英挺,1
英文版,1
英籍,2
英語,18
英語片,4
英語系,1
英鎊,3
英雄,54
英雄化,2
英雄式,2
英雄片,2
范冰冰,6
范瑋琪,1
范范,1
茅利塔尼亞,1
茉莉,17
茫茫,1
茱莉亞羅勃茲,2
茱莉安,1
茱莉安德魯絲,2
茱莉安摩爾,28
茱莉安摩爾嘆,1
茱莉蝶兒,7
茱蒂,11
茱蒂丹區,2
茱蒂嘉蘭,8
茱蒂迦倫,3
茱麗葉,3
茱麗葉畢諾許,1
茹素,1
草偃,1
草坪,1
草悟道,2
草根,2
草泥,4
草泥馬,2
草稿,2
草草,3
草食男,1
荒蕪,1
荒誕,1
荒野,1
荷包,2
荷蘭,3
荼毒,1
莉絲,1
莉絲威瑟斯本,1
莊園,3
莎劇,1
莎士比亞,3
莎朗蒂,1
莎瑪海耶克,2
莎翁,2
莎莉,8
莎莉塞隆,2
莎莉菲爾德,4
莎莉賽隆,8
莎莉霍金斯,1
莎莉麥克琳,2
莎雪羅南,1
莫利克奈,2
莫名其妙,1
莫大榮幸,1
莫大福分,1
莫康納,3
莫忘,1
莫言,1
莫逆,1
莫過於,2
菁英,4
菜色,1
菜鳥,5
華人,30
華依達,1
華倫比堤,1
華倫比提,5
華克,1
華彩,1
華文,1
華服,1
華爾滋,2
華爾街,20
華爾街日報,2
華盛頓,8
華納,4
華茲,4
華裔,22
華語,1
華語圈,1
華語片,2
華髮,1
華麗,7
菲利普西摩霍夫曼,1
菲利浦,3
菲瑞威廉斯,1
菸槍,1
菸癮,1
萃取出,1
萊倫斯,1
萊卡五,2
萊卡五世,1
萊恩,1
萊恩葛斯林,1
萊斯里尼爾森,1
萌倒,1
萌牛,1
萌生,1
萌秀,1
萌翻,1
萬古,1
萬歲,5
萬物,1
萬用,1
萬磁王,2
萬能,1
萬花,3
萬花筒,1
萬難,1
落在,3
落寞,3
落實,3
落差,4
落幕,21
落後,2
落得,1
落日,1
落榜,1
落淚,5
落漆,1
落磯,1
落磯山脈,1
落籍,1
落馬,4
落魄,2
葉子謙,4
葉錦添,4
葉首,1
著作,2
著力,1
著名,6
著急,1
著手,5
著眼,2
著瞧,1
著迷,3
著重,1
葛倫,5
葛倫克蘿絲,8
葛妮絲派楚,1
葛拉罕摩爾,3
葛斯范桑,2
葛萊美,2
葛萊美獎,3
葛蘭海斯洛,1
葛蘭特,1
葛蘭特希斯羅夫,1
葛雷,1
葛雷格羅素,1
董事會,1
董事長,2
葫蘆,1
葵雯贊妮華莉絲,1
葷素,1
葷腥不計,1
蒂妲,1
蒂妲史雲頓,2
蒂施,1
蒂達,3
蒂達史雲頓,2
蒐藏家,2
蒐集,1
蒙古症,1
蒙史匹柏,1
蒙爾多夫,1
蒙蔽,1
蒙費梅伊區,2
蒼白,1
蒼茫,1
蓄奴,3
蓋伊,1
蓋兒,1
蓋兒加朵,3
蓋布芮西迪,1
蓋瑞,3
蓋瑞扮,1
蓋瑞歐德曼,12
蓋瑞羅斯多,1
蓋過,2
蓬勃,2
蔑視,1
蔓延,1
蔡國榮,1
蔡明亮,2
蔡雅玲,2
蔬菜,1
蕭伯納,1
蕭家淇,1
蕭條,2
蕭邦,1
蕾吉娜,1
蕾吉娜金恩,5
蕾妮,2
蕾妮齊薇格,2
蕾昂,1
薇佛,1
薇奧拉戴維斯,1
薇拉,10
薇拉戴維斯,1
薇拉戴維絲,5
薇歐拉,2
薇歐拉戴維斯,5
薛利,1
薛尼鮑迪,1
薛義森,1
薩加卜爾,1
薩巴斯欽,1
薩洛,3
薪水,2
薪資,6
薰陶,3
藉口,1
藉機,2
藉由,6
藉著,4
藍伯特,1
藍光,2
藍可兒案,1
藍天,3
藍布雷,1
藍本,2
藍正龍,1
藍海,1
藍絲帶,2
藍色,36
藍調,7
藍雀,1
藏起,1
藝人,12
藝企,1
藝壇,3
藝專,1
藝文,2
藝文界,1
藝術,71
藝術家,78
藝術性,3
藝術片,6
藝術院線,2
藤井樹,1
藥命,40
藥品,1
藥商,1
藥物,2
蘇士比,1
蘇珊道尼,1
蘇瑞吉,2
蘇瑞吉沙瑪,5
蘇瑞吉讚,1
蘇聯,1
蘇芮吉,1
蘇芮吉沙瑪,2
蘇菲,1
蘇菲亞柯波拉,1
蘇軾,1
蘊藏,1
蘋中信,3
蘋姬,1
蘋果,2
蘋果日報,1
蘋論,4
蘿拉柏翠絲,1
蘿拉波伊特拉斯,1
蘿拉茵特瑪,1
蘿拉鄧,3
蘿拉鄧恩,1
蘿絲,4
蘿絲奈格,4
蘿絲麥,3
蘿蔔乾,1
虎媽,2
虎歸,1
虎毛,2
虐待,2
虔誠,1
處境,3
處女作,10
處女作獎,1
處心積慮,1
處於,8
處理,5
處處,4
虛擬,1
虛榮,1
虛榮心,2
虛構,3
虛空,1
虛虛實實,1
號稱,6
虧得獎,1
虧欠,1
蚵仔,1
蚵仔煎,1
蛋糕,2
蛋蛋,1
蛋鑽戒,1
蛛絲馬跡,1
蛻變,2
蜂擁,1
蜘蛛人,7
蜜雪兒,3
蜜雪兒包,1
蜜雪兒威廉斯,5
蜜雪兒歐巴馬,9
蜜雪兒蘿利格茲,1
蝙蝠俠,3
融入,6
融合,11
融洽,2
融資,3
螢光,1
螢光幕,1
螢幕,4
蟬聯,1
蠔式,1
血嚼,1
血汗,1
血淋淋,1
血淚,5
血統,1
血肉,1
血肉橫飛,1
血脈,3
血腥,4
血鑽石,5
行事,1
行列,2
行動力,1
行徑,2
行情,5
行政院,1
行業,4
行為,8
行禮如儀,2
行程,4
行走,1
行進,1
行銷,12
行銷面,1
行雲流水,1
行頭,1
衍伸成,1
衍生,1
衍生出,1
街訪,1
街車,1
街道,2
街頭,10
衛報,1
衛士,1
衛武營,6
衛生棉,1
衛視,2
衝到,1
衝動,1
衝回,1
衝奧片,1
衝擊,6
衝浪,1
衝破,1
衝突,5
衝鋒,1
衝高,1
衣服,1
衣著,1
表彰,1
表態性,1
表揚,6
表明,2
表款,2
表演,38
表片,1
表現出,2
表白,1
表述,1
表達,22
表達出,1
表面,11
衰敗,3
衰退,1
衷心,1
袍子,1
被害人,1
被迫,8
裁員,3
裁定,1
裁縫師,1
裘德洛,1
裘莉,10
裙襬,2
補上,1
補助金,6
補拍,2
補救,1
補發,1
補貼,2
補述,1
裝修,1
裝清高,1
裝演,1
裝置,1
裝飾,5
裡子,1
裸唇妝,1
裸裹,1
裸露,2
製作,62
製作人,10
製作出,1
製作系,2
製期,1
製片,95
製片人,11
製糖,1
製表,5
製造,9
製造出,1
複檢,1
複製,6
複診,1
複選,1
複選制,1
複雜,8
複雜度,1
襪子,1
襯衫,1
襲來,1
襲捲,1
西塔琴,1
西岸,1
西恩,1
西恩貝克,1
西方,4
西方人,3
西洋,2
西洋片,1
西洛杉磯,1
西海岸,1
西片台,1
西班牙,1
西蒙斯,9
西裝,7
西語,1
西部,2
西門町,2
要價,3
要公,1
要命,1
要害,1
要犯,1
要素,3
要角,1
見仁見智,1
見到,7
見稱,1
見證,5
見證到,1
見識,3
見識到,4
見賢思齊,2
見面,3
見風轉舵,1
規則,3
規劃,5
規定,5
規格,4
規模,7
規畫,6
規範,1
覓無敵手,1
視后,2
視場,1
視察,1
視帝,1
視效,5
視而不見,1
視若無睹,1
視覺,62
視角,3
視訊,4
視野,3
親人,1
親友,5
親口,1
親吻,6
親子,1
親家母,1
親密,4
親弟弟,1
親情,8
親愛,5
親手,1
親挑,1
親朋好友,1
親民,3
親生,1
親痛,1
親眼,4
親筆,1
親親,1
親近,2
覺醒,2
覽表,1
觀光,7
觀光客,1
觀察,6
觀察站,1
觀影,10
觀念,4
觀感,4
觀戰,1
觀摩,1
觀摩片,1
觀景石,1
觀看,13
觀眾群,1
觀眾觀,1
觀禮,5
觀賞,8
觀賞到,1
觀音山,1
觀點,7
角力,3
角度,8
角色,104
角色朗,1
角逐,30
解剖,1
解嘲,1
解嚴,1
解圍,2
解心鎖,1
解放,6
解救,1
解析度,1
解答,1
解約,1
解藥,2
解說,1
解讀,2
解讀成,1
解身,1
解過去,1
解除,1
解體,1
解默片,1
觸動,3
觸及,2
觸霉頭,1
言之過早,2
言教,1
言行,1
言詞,1
言語,1
言談,1
言論,17
訂位,1
訂製服,1
訃聞,1
計劃,2
計數,1
計畫,35
計票,12
計票員,2
計程車,4
計算,3
計較,1
計量,1
訊息,10
討喜,3
討回,1
討好,3
討論,23
訓練師,4
記名,1
記得,15
記憶,7
記憶點,1
記者會,9
記要,1
記錄,4
訣竅,1
訪問,22
設備,2
設合照機,1
設定,2
設定成,1
設定為,2
設施,2
設有,1
設法,4
設立,2
設置,3
設計,59
設計師,4
設身為,1
設限,1
許世穎,1
許久,2
許信良,1
許可,1
許茹芸,1
訴求,2
訴訟,1
訴說,5
診所,1
註腳,2
詆毀,1
詐騙,2
評估,2
評價,6
評分,1
評判,1
評委,8
評審,10
評審團,9
評審心,2
評斷,3
評核,1
評為,3
評論,12
評論員,1
評論家,1
評選,3
評量,1
詛咒,1
詠嘆,1
詢問,5
詢問度,2
試圖,10
試探,1
試映,3
試片,1
試看,1
試試,1
試鏡,3
試鮮,1
詩人,6
詩作,1
詩句,1
詩意,3
詩文,1
詩片,1
詩篇,1
詩詞,1
詫異,2
詬病,1
詭異,3
詭譎,2
詮譯入味,1
詮釋,29
話柄,1
話術,1
話語,2
話語權,1
話鋒,2
話題,20
詳情,2
詹偉雄,1
詹姆士葛恩,1
詹姆斯,2
詹姆斯卡麥隆,5
詹姆斯厄爾瓊斯,1
詹姆斯柯麥隆,1
詹姆斯甘多芬尼,1
詹姆斯艾佛利,2
詹姆斯鮑德溫,1
誇媳婦,1
誇張,7
認可,3
認可為,1
認同,7
認得,2
認清,1
認知,1
認認,1
認證,3
認購,1
認輸,1
認領,1
誑騙,1
誓言,2
誕生,4
誘拐,1
語氣,1
語言,18
語言學,3
語重心長,1
語音,2
誠實,8
誠懇,1
誠摯,3
誣陷,1
誤以為,1
誤導,3
誤導為,1
誤拿信,1
誤拿成,1
誤擊,1
誤植,4
誤植為,1
誤讀為,1
說不定,2
說出,10
說出口,2
說到,2
說完,1
說教,1
說明,6
說明人,1
說明書,1
說服,8
說服力,2
說盡,1
說真的,2
說穿,1
說笑,1
說話,11
說說,1
說謊,5
說起,1
說道,5
課堂,1
課外,1
課本,1
課程,3
課題,1
調侃,4
調味,1
調子,1
調度,4
調整,1
調查,10
調查局,1
調配,1
調酒師,1
諂媚,1
談到,4
談吐,1
談心,1
談戀愛,1
談話,5
談論,1
請來,2
請出,4
請出史,1
請到,8
請回,1
諒解,1
論壇,1
論述,2
諧星,5
諷刺,16
諷刺點,1
諸多,5
諾拉涂枚,1
諾斯拉普,1
諾曼,1
諾曼陶羅格,1
諾貝爾,1
謀事,1
謀女郎,1
謀殺,4
謀殺案,2
謊言,12
謊話,1
謎中,2
謙卑,1
謙和,3
謙恭,1
謙恭有禮,1
謙稱,2
謙虛,8
謙遜,1
講出來,2
講好,1
講師,1
講求,1
講究,1
講解,2
講評,8
講述卡卡,1
講通,1
謝妻,1
謝志忠,2
謝怡芬,2
謝恩,1
謝昆汀,1
謝昆汀安海瑟威,1
謝狗仔,1
謝男友,1
謝詞,19
謝謝,59
謝貴人,1
謝辭,1
謹慎,1
譁眾取寵,1
證實,6
證據,1
譏諷,1
譏諷為,1
譙漢內克,1
譚雅,3
警力,1
警匪,1
警匪片,2
警告,4
警員,1
警報,1
警察,9
警局,1
警惕,1
警探,6
警方,4
警衛,1
警訊,2
警鐘,1
警長,1
譯名,1
議員,6
議論,1
議題,64
譴責,7
護照,2
護送,2
護送到,1
譽為,6
讀完,1
讀書,1
變化,10
變回,1
變多,1
變夯,1
變奏,1
變少,1
變形,3
變性,4
變性慾,2
變性成,1
變態,1
變成,17
變更,1
變本加厲,1
變白,1
變臉,3
變裝癖,2
變調,1
變身,1
變遷,5
變革,1
變體,1
讓樂,1
讚不絕口,2
讚南一中,1
讚嘆,8
讚帥,1
讚揚,2
讚昆汀,1
讚美,3
讚說,1
讚譽,3
讚賞,4
谷底,3
豁出去,1
豁然,1
豈料,1
豎立,1
豐厚,2
豐富,8
豐收,2
豐收榜,1
豐沛,2
豐碩,2
豐腴,1
豔后,11
豔舞,4
象徵,13
象徵性,1
豪哥,1
豪宅,3
豪情,1
豪想,1
豪格,1
豪氣,1
豪火,1
豪片,1
豪華,6
豪雨,1
貝基內曼,1
貝多芬,2
貝斯,1
貝斯手,1
貝爾,3
貝琪,1
貝芮妮絲貝喬,1
貝荷妮絲貝喬,2
貝葉,2
貝蒂戴維絲,1
貝蒂蜜勒,1
貝頓,1
負擔,2
負氣,1
負責任,2
負面,5
財務,4
財報,1
貢獻,18
貧困,1
貧富,9
貧民,2
貧民區,2
貧窮,3
貨真價實,2
貨車,2
販售,1
販子,1
貪商,1
貪婪,2
貫穿,1
責任,8
貴人,3
貴婦,2
貴族,1
貶低,1
買下,8
買入場,1
買賣,1
買進,1
買齊,1
貸款,3
費唐娜薇,3
費城,1
費夯,1
費尼克斯,1
費德瑞克魏斯曼,1
費比西獎,1
費用,6
費迪南,1
費里尼,2
費雯麗,1
貼上,2
貼出,5
貼切,1
貼文,2
貼身,1
貼近,1
貽笑大方,1
貿易,2
賀喜,1
賀圖,1
賀年,1
賀李安,1
賀歲,1
賀歲片,1
賀電,3
賁張,1
賃居,2
資優生,1
資助,7
資料,5
資料照,1
資本主義,4
資格,8
資源,6
資產,2
資訊,8
資誠,3
資金,21
賈多特,1
賈姬薇芙,1
賈斯汀,11
賈斯汀赫維玆,1
賈米卡威爾森,1
賓客,5
賓拉丹,2
賓拉登,1
賜死,1
賞識,2
賞金,4
賠率,1
賠錢貨,1
賢慧,2
賣出,3
賣到,3
賣力,1
賣命,1
賣完,1
賣座,35
賣座榜,1
賣座片,5
賣得,2
賣掉,3
賣破,3
賣空,1
賣給,2
賣藝,1
賣身,1
賣錢,2
賣點,1
賦予,3
質報,1
質感師,1
質疑,15
賭徒,1
賭桌,1
賭爛票,1
賭盤,4
賴清德,4
賺到,3
賺得,1
賺進,2
賺錢,3
購買,4
購買權,2
賽兒邦倩,1
賽前,2
賽巴斯蒂安,1
賽德克,1
賽思麥克,1
賽斯麥克法蘭,1
賽果,2
賽馬,6
賽馬奪冠,1
贈送,2
贊助,4
贊助商,2
贊努西,1
贊同,3
贊成票,1
贏來,2
贏家,82
贏獎,1
贏過,1
贏面,2
贓物,1
贖罪,1
赤子,1
赤手,1
赤手登峰,2
赤裸,1
赤貧,1
赫然,1
赫維玆,1
赫芬頓,1
赫蕾貝莉,1
走上台,1
走下,1
走下台,1
走位,4
走來走去,1
走出,7
走出來,1
走出去,1
走到,2
走向,5
走回,1
走完,2
走影展,1
走漏,1
走為,1
走私,2
走私犯,1
走紅,9
走紅不忘,1
走紅毯,3
走衰運,1
走跌,1
走路,1
走進,3
走進去,1
走運,2
走過來,2
走開,1
走音,3
起來,9
起士,1
起家,3
起床,2
起底,1
起於,2
起標,1
起步,2
起死,1
起死回生,1
起用,1
起舞,1
起訴,1
起跳,1
起身,4
起頭,1
起飛,2
起點,5
趁勢,2
趁晚論,1
趁機,2
趁熱,1
趁領,1
超人,2
超低,1
超值得,1
超值片,1
超前,1
超勵志,1
超大,3
超妙,1
超寫實,1
超寬,1
超強,4
超旺,1
超時,4
超模,10
超模姬,1
超現實,2
超級,30
超能力,1
超脫,1
超越,20
超越級,1
超跑上,1
超車,3
超過,27
超酷,2
超開心,2
超風光,1
越來越,5
越南,1
越洋,2
越發,1
越過,1
趕上,1
趕來,1
趕場,1
趕快,1
趙婷,40
趙婷亞裔,1
趙婷偕,1
趙婷奪,2
趙婷華,1
趙小蘭,1
趙德胤,1
趙明杰,2
趙汝珍,1
趙汝貞,3
趙淑珍,1
趣味,4
趣稱,1
趣聞,1
趨勢,4
趨向,1
足足,1
足跡,1
趴走,1
趴趴,1
跋扈,1
跌倒,1
跌坐,1
跌破,6
跌至,1
跌落,3
跑來跑去,1
跑到,1
跑場,1
跑攤,2
跑趴,4
跑道,1
距離,10
跟上來,1
跟中,1
跟拍,1
跟據,1
跟著,9
跟進,1
跟隨,1
跡象,2
跨入,1
跨刀,1
跨海,2
跨界,2
跨足,1
路人,1
路數,1
路易斯安納州,1
路程,1
路線,15
路透,2
跳上,1
跳出來,1
跳到,1
跳脫,4
跳腳,1
跳舞,4
跳起來,1
跳躍,2
跳過,1
踏上,5
踏入,2
踏出,2
踏實,1
踏過,1
踢出,1
踢爆,1
踢踢,1
踢鐵板,1
踢開,1
踩到,1
踩場,1
踴躍,1
蹣跚,1
蹤影,2
躍上,3
躍升,3
躍居,1
躍居為,1
躍躍欲試,1
躍身,1
身世,1
身亡,1
身份,3
身價,9
身兼,4
身分,17
身在,1
身子,1
身家,1
身形,2
身影,1
身後,2
身心,3
身教,1
身旁,3
身材,2
身歷其境,3
身段,2
身為,16
身穿,2
身藉,1
身處,3
身體,5
身高,1
躲藏,1
躲進,1
躲避,2
躺椅,2
軀殼,1
車子,1
車廂,1
車站,12
車輛,1
軌道,1
軍事,2
軍官,2
軍方,2
軍火,1
軍覆沒,1
軍費,1
軍閥,1
軟實力,1
軟禁,1
軟體,2
較勁,2
較多,1
較少,2
較為,2
載體,1
輔助,2
輔導金,2
輕微,1
輕易,1
輕柔,2
輕狂,2
輕生,1
輕蔑,1
輕輕鬆鬆,2
輕鬆,5
輝煌,5
輟學,1
輩子,7
輪到,3
輪圈,1
輪椅,1
輪流,2
輪番,4
輪胎,1
輸入,1
輸出國,1
輸家,1
輿論,4
轉動,1
轉化成,2
轉化為,2
轉向,3
轉型,8
轉折,4
轉捩點,3
轉換,3
轉播,77
轉攻,1
轉業,1
轉機,1
轉為,1
轉發,1
轉移到,1
轉而,2
轉職,1
轉行,2
轉行出,1
轉變期,1
轉貼,1
轉赴,1
轉身,3
轉載,3
轉轓,1
轉述,1
轉進,2
轉頭,2
轉黑,1
轟下,1
轟動,1
轟央視,1
轟老美,1
轟選票,1
辛勤,1
辛德勒,3
辛辣,1
辛酸,1
辜負,1
辣模,2
辦公室,7
辦出來,1
辦場,1
辦會,1
辦法,2
辦理,3
辨識,2
辭世,5
辭太長,1
辭彙,1
辭演,2
辭職,1
辮子,1
辯白,1
辯稱,1
辯護,1
辱國,1
辱華,1
農場,6
農心,2
農曆,2
辻一弘,3
迂腐,1
迅速,5
迎來,4
迎刃而解,1
迎合,1
迎賓區,1
近作,1
近利,1
近年,27
近距離,1
返台,3
返回,1
返抵,1
返璞歸真,1
返老還童,1
返航,1
返鄉,1
迥然不同,1
迥異,1
迪士尼,10
迪士尼皮克斯,1
迪艾倫,1
迫不及待,1
迫使,2
迫切,2
迫害,1
迫降,1
迴避,2
迴響,2
迷上,1
迷亂,1
迷人,3
迷住,1
迷你,4
迷你裙,1
迷信,4
迷台,1
迷宮,4
迷幻,3
迷思,1
迷惑,2
迷戀,2
迷離,2
迷霧,1
追尋,2
追平,3
追悼,1
追愛,1
追捕令,1
追查,1
追殺,4
追殺令,2
追求,8
追獵,1
追緝令,2
追趕,1
追蹤,1
追逐,5
追隨,1
追魂手,1
退伍,1
退休,13
退出,1
退去,1
退意,1
退演,1
退縮,1
退貨,1
送上,7
送交給,1
送件,1
送去,1
送給,1
送醫,1
送錯,1
逃不了,1
逃出,6
逃學,1
逃殺,1
逃犯,5
逃脫,2
逃避,1
逃離,1
逃離不了,1
逆來順受,1
逆光,1
逆勢,2
逆轉,7
逆轉勝,1
透徹,1
透早,1
透明,2
透納,1
透視,1
透過,52
透露,47
透露出,2
逐夢大道,3
逐年,2
逐漸,16
途中,1
逕自,1
逗樂,1
逗趣,6
逗陣ㄟ,1
這陣子,2
這麼多,4
通例,1
通俗,6
通俗片,1
通則,1
通報,1
通常,13
通知,1
通紅,2
通緝,3
通訊,1
通訊社,2
通電話,1
逛逛,1
逝世,1
逝影人,2
逝者,1
逞凶,1
速度,2
造作,2
造勢期,1
造型,12
造型師,2
造就,4
造擊,1
造景,1
造浪,1
造浪池,13
造訪,1
造謠,1
連下,1
連任,4
連伊朗,1
連假,3
連奪,3
連帶,1
連彩,1
連恩尼遜,2
連戰,1
連接,1
連日,1
連番,1
連發,1
連結,3
連線,8
連繫,1
連續性,1
連聲,1
連貫,1
連貫性,1
連貫起來,1
連身裙,1
連連,7
連鎖,3
連鎖店,1
連霸,1
逮住,2
逮捕,2
週末,2
週記,4
進一步,3
進來,1
進到,2
進場,5
進帳,4
進度,2
進擊,10
進攻,3
進步,8
進用,1
進站,2
進行式,1
進食,2
進駐,11
逸品,1
逼問,1
逼有,1
逼近,4
遇刺,1
遇見,3
遊刃有餘,1
遊園,1
遊客,4
遊戲,18
遊戲屋,1
遊樂,1
遊蕩,1
遊行,6
遊覽車,1
遊走,6
遊龍,2
運作,10
運動,20
運動界,1
運勢,1
運氣,4
運送,1
運鏡,1
遍及,1
過世,14
過來,1
過分,1
過半,1
過半數,1
過問,1
過夜,1
過年,1
過往,12
過後,4
過於,2
過時,1
過氣,6
過活,1
過火,3
過生活,1
過程,38
過重,1
過量,2
過關,2
過關斬將,2
過頭,3
道具,4
道出,2
道別,1
道喜,2
道德,2
道格拉斯范朋克,1
道歉,2
道理,7
道謝,4
道賀,1
道路,3
達人,1
達到,8
達志,4
達志丹尼爾戴路易斯,1
達志潔西卡雀絲,1
達志班,1
達成,3
達拉斯,1
達斯汀霍夫曼,1
達米恩,3
達米恩查澤雷,4
達陣,2
違規,1
遜色,2
遞獎,1
遠播,1
遠近,1
遠遠,2
遠離,4
適切,1
適合,1
適得其所,1
適應,3
適應到,1
適於,1
適逢,7
遭受,6
遭受到,1
遭損,1
遭竊,1
遭遇,9
遮住,1
遮攔,1
遮眼,1
遮蓋,1
遮蔽,2
遮遮,1
遲到,1
遲疑,1
遲遲,2
遲鈍,1
遷就,1
選上,3
選具,1
選出,9
選情,1
選戰,2
選用,1
選票,5
選票力,1
選秀,2
選美會,1
選舉,1
選角,4
選購,2
選項,1
遺作,3
遺孀,1
遺志,1
遺忘,1
遺憾,14
遺棄,2
遺珠,4
遺產,2
避不了,1
避免,14
避親,1
避諱,2
避開,1
邀功,1
邀名,1
邀拍,1
邀知名,1
邀約,6
邀請,20
邀請函,1
邀集,1
邁茲米克森,1
邁進,2
還原,1
還可以,2
還好,1
還給,3
邊境,2
邊界,1
邊緣,1
邊緣化,1
邏輯,5
那麼多,3
邪惡,1
邪教,1
邱吉爾,11
邱吉爾蓋瑞歐德曼,1
邵曉鈴,1
郊遊,1
郎雄,2
郝龍斌,1
部份,1
部分,28
部數,1
部會,1
部長,2
部門,2
部隊,1
郭泓志,1
郵件,1
郵報,9
都市,1
都心,1
都會,4
鄉愁,1
鄉民,1
鄉親,6
鄒介中,3
鄒念祖,1
鄙夷,1
鄙視,2
鄧蔚偉,1
鄭有傑,1
鄭麗君,1
鄭麗媛,3
鄰國,1
鄰家,1
鄰居,2
配備,1
配合,2
配合度,1
配合款,1
配套,2
配戴,5
配暮光女,1
配樂,53
配樂家,1
配樂師,1
配樂獎,3
配置,1
配角戰,1
配角獎,4
配音,3
酒吧,2
酒店,2
酒癮,1
酒精,2
酒館,1
酒駕,1
酗酒,1
酷熱,1
酸亞裔,1
酸川普,1
酸楚,1
酸沾光,1
酸溜溜,1
酸菜,1
醇厚,1
醉好,5
醉酒,1
醜惡,1
醜聞,9
醜行,1
醜陋,1
醜陋面,1
醫學,1
醫師,4
醫療,1
醫藥,1
醫院,5
醬油,2
釀禍,1
釋出,3
釋懷,1
里程碑,2
重上,1
重任,5
重來,1
重傷,2
重出,1
重啟,1
重回,6
重圍,2
重型,1
重大,6
重建,1
重心,2
重心長說,1
重慶,1
重拍,3
重拾,1
重提,2
重播版,1
重整,2
重新,35
重映,7
重溫,3
重演,3
重現,11
重生,4
重用,1
重申,2
重疊,2
重病,1
重看,2
重練,1
重複,3
重要性,4
重視,14
重返,3
重逢,1
重重,2
重量,2
重量級,8
重金,3
重鎮,1
重點,10
野心,2
野性,1
野牛肝,1
野獸,2
野生,1
野馬,1
野馬史比瑞特,1
量化,1
釐清,1
釐米,2
金人,68
金人獎,1
金像獎,99
金凱利,1
金剛,5
金句,2
金國威,1
金城武,1
金城武頒,1
金基德,1
金大,1
金字招牌,1
金導,2
金屬,2
金恩,1
金懷德,1
金手指,1
金援,2
金曲,1
金李奧,1
金棕,1
金棕櫚,1
金棕櫚獎,6
金榜,1
金權,1
金正恩,1
金漆,2
金漫威,1
金牌,5
金獅獎,14
金獎,16
金王道,1
金球獎,64
金石達米恩,1
金磚,1
金穆斯林,1
金維多,1
金綺泳,3
金膠獎,1
金色,2
金融,4
金行,1
金衛星獎,1
金錢,7
金鐘,2
金鐘獎,2
金陵,5
金項圈獎,1
金馬,5
金馬奇幻,1
金髮,5
金黃,1
針對性,1
釣魚,2
鈔票,2
鈕承澤,1
鉅作,3
鉅片,1
鉅製,1
鉛華,1
鉛錫,1
銀幕,39
銀彈,1
銀河,1
銀熊獎,1
銀絲帶獎,1
銀翼,4
銀行,5
銅合金,2
銅臭味,1
銳氣,1
銳減,3
銷售,3
銷售量,1
銷售額,1
銷毀,1
銷聲匿跡,1
鋌而走險,1
鋒頭,7
鋪設,2
鋪陳,2
鋼琴,2
鋼琴家,4
鋼琴師,2
鋼琴曲,2
鋼琴賽,1
鋼索,3
鋼鐵,1
錄影,1
錄影片,1
錄製,4
錄音室,1
錢尼,1
錦上添花,1
錦城,1
錦城春色,1
錯失,2
錯愕,2
錯誤,9
錯過,4
錯遞,1
鍍上,1
鍍金索爾,1
鍛造出,1
鍛鍊,1
鍾孟宏,2
鍾情,4
鍾愛,5
鎖定,5
鎖進,1
鎖鏈,1
鎖骨,1
鎩羽,5
鎩羽而歸,3
鎮公所,1
鏡頭,29
鏢客,1
鐘樓,1
鐘表,1
鐫刻,1
鐵口直斷,2
鐵娘子,10
鐵定,1
鐵盒版,1
鐵窗,3
鐵粉,1
鐵翼,1
鐵證,1
鐵達尼號,14
鑄造,1
鑽珠寶,1
鑽石,24
鑽石區,1
鑽石商,1
鑽石漢,1
鑽研,1
長住,1
長冷場,1
長凳,1
長出來,1
長劍,1
長壽,1
長夏,1
長夜,2
長大,16
長女,2
長子,2
長存,1
長島,1
長崎,2
長年,8
長度,3
長文,2
長日,2
長日將盡,1
長春,2
長時間,2
長期,13
長榮,2
長此以往,1
長滿,1
長片,29
長片獎,4
長短,3
長篇,1
長紅,1
長者,1
長袍,1
長輩,1
長達,15
門口,4
門口狗,2
門楣,1
門檻,2
門票,6
門面,1
閃亮,2
閃亮亮,1
閃光,1
閃爍,1
閃耀,2
閃辭,1
閃閃,1
閃閃發光,1
閉幕片,2
閉眼,1
閉起來,1
閉門羹,1
閉門造車,1
開不了,1
開低走高,1
開出,7
開刀,1
開創,4
開創出,1
開口,6
開啟,6
開國,1
開場,14
開場秀,2
開宗明義,1
開幕,5
開幕片,1
開張,1
開戰,3
開打,1
開拍,19
開採,5
開採商,1
開播,1
開機,1
開炮,1
開獎,11
開玩笑,15
開砲,4
開票,1
開端,1
開花,1
開設,1
開課,2
開跑,2
開車,3
開車到,1
開辦,1
開銷,1
開鏡,2
開闢,1
開除,4
開高走低,3
間接,3
間諜,7
間諜橋,15
閘門,1
閣樓,1
閨蜜,1
閱覽,1
閱讀,3
闊別,1
闔家,1
闖入,2
闖出,1
闖禍,2
闖蕩,3
闖關,1
關係,32
關卡,1
關懷,7
關懷人,1
關注度,2
關聯,2
關鍵,23
關鍵字,2
關鍵期,1
關閉,3
關頭,7
闡述,3
防備,1
防疫,2
防雨,2
阻擋,1
阻止,1
阻止不了,1
阻礙,4
阻街女郎,1
阿信,3
阿凡達,8
阿利安,3
阿利安卓,24
阿利安卓伊納利圖,6
阿利安卓岡札雷茲伊納利圖,6
阿利安卓崗,11
阿利安卓崗札雷伊納利圖,6
阿利安卓連莊,1
阿努潘姆可,1
阿努班克爾,3
阿嘉,3
阿基郭利斯馬基,1
阿奎特,4
阿妹,1
阿姆,2
阿嬤,7
阿富汗,1
阿富汗塔利班,1
阿巴漢阿塔,1
阿拉伯,2
阿斯加法哈蒂,1
阿斯哈法哈蒂,9
阿札納維休斯,1
阿根廷,1
阿波羅,1
阿湯哥,6
阿滋海默症,4
阿茲卡班,5
阿茲海默症,7
阿諾,1
阿諾史瓦辛格,1
阿里,1
阿金,3
附小,1
附註,1
陋屋,1
陌生人,1
降低,1
降價,1
降臨,2
降至,1
降雨,1
限制級,2
限定,1
限於,1
限縮,2
限量,2
限量版,1
院線,3
陣仗,3
陣子,3
陣容,4
陣演,1
陣線,2
陣頭,1
除名,1
陪伴,5
陪同,2
陪榜,7
陪跑,2
陰影,2
陰晴,1
陰柔化,1
陰謀,2
陰險,1
陰雨,1
陳凱歌,6
陳妍希,1
陳情,1
陳愛麗,1
陳文茜,15
陳新發,1
陳昭妤,1
陳樹菊,1
陳沖,1
陳煥華,2
陳當即,1
陳立恆,1
陳芯宜,1
陳芳明,2
陳若玗,1
陳英雄,1
陳菊,2
陳菊盛,1
陳詩欣,1
陳赫,3
陳靜莉,1
陶喆,2
陶德,1
陶德布朗寧,1
陶德菲利普,1
陶德菲利普斯,1
陶比,1
陶比麥奎爾,2
陶醉,1
陷住,1
陷阱,1
陸媒,3
陸客,4
陸導,2
陸弈靜,1
陸網,1
陽光,1
陽具,1
陽春,1
隊伍,1
隊友,1
隊長,8
階梯,1
階段,8
階級,14
隔壁,1
隔年,9
隔洋,1
隔閡,6
隔離,5
隔離島,1
際遇,3
障礙,3
隨之,1
隨便,1
隨即,4
隨手,1
險勝,1
險境,1
隱含,2
隱憂,1
隱瞞,1
隱私權,1
隱而不宣,1
隱藏,2
隱藏式,1
隻字,1
雀屏中選,1
雀躍,1
雄厚,1
雄風,1
雅俗共賞,1
雅典,1
雅各,5
雅各特,1
雅各特蘭姆雷,1
雅量,1
集中,2
集中營,2
集合,3
集團,12
集思廣益,1
集會堂,1
集氣,6
集版,1
集結,2
集資,1
集郵,2
集體,3
雇員,1
雋永,1
雍容,1
雕像,2
雕刻,1
雕刻家,1
雕塑,1
雙人,1
雙倍,1
雙全,1
雙冰,2
雙后配,1
雙喜,2
雙喜臨門,3
雙奪,1
雙嬌,1
雙層,2
雙年展,1
雙手,7
雙拿,1
雙料,1
雙方,4
雙棲,1
雙機,1
雙獎,1
雙綠,1
雙贏,3
雙輸,1
雙重,1
雙金,2
雙鏡頭,2
雙關,1
雙面刃,1
雜亂,1
雜誌,16
雞尾酒醬汁,1
雞犬,1
雞肋,1
離不開,1
離世,1
離場,3
離奇,3
離婚,7
離家,1
離手,2
離棄,1
離異,2
離經叛道,1
離群索居,1
離譜,1
離開,16
難以,27
難以置信,3
難以言喻,1
難免,1
難分軒輊,2
難忘,4
難掩,3
難搞,1
難民,1
難猜,1
難說,1
難逃,1
難過,8
難關,3
難題,2
雨後春筍,2
雨果,37
雨衣,2
雪中送炭,1
雪崩,1
雪景,1
雪梨,1
雪歌妮,1
雪歌妮薇佛,1
雪琳,1
雪瑞兒,1
雪花,1
雪茄,1
雪莉布恩,1
雪莉貝西,1
雲淡風輕,1
雲端,7
雲集,3
零下,1
零學,1
零容,1
零工,2
零星,1
零錢,1
雷克哈里遜,1
雷克雅未克,1
雷利,1
雷利史考特,2
雷同,2
雷哥,1
雷奈,7
雷恩,2
雷恩葛斯林,1
雷普利,1
雷根,5
雷神索爾,4
雷米馬利克,4
雷納讚,1
電信,1
電台,3
電子,1
電子琴,1
電工,1
電影人,22
電影人獎,1
電影史,3
電影咖,1
電影圈,4
電影業,4
電影榜,1
電影潮,1
電影版,3
電影獎,45
電影界,12
電影神,2
電影票,1
電影節,3
電影網,1
電影路,3
電影院,13
電影館,1
電梯,2
電腦,11
電視,36
電視劇,9
電視台,11
電視機,6
電視牆,2
電視類,1
電訪,1
電話,9
電郵,1
電鍍,1
需求,3
震動,2
震懾,2
震撼感,1
震盪,1
震耳欲聾,2
震驚,1
霍夫曼,2
霍普金斯,10
霍華休斯,1
霍金,1
霍金斯,5
霧峰,2
露出,4
露營車,1
露琵塔,4
露琵塔妮詠奧,4
露琵塔妮詠歐,1
露琵塔尼詠歐,5
露碧塔諾詠,1
露絲,2
露肩,1
露臉,6
霸凌,3
霸道,3
靈光,2
靈感,8
靈蛇,2
靈身,1
靈魂,20
靈魂人物,2
青冥寶劍,1
青壯派,2
青少年,2
青年,3
青春,2
青木瓜,2
青澀,1
青瓦台,3
青色,1
青蛙,2
青蜂俠,1
青銅,1
青鳥,1
靜寂,2
靜態,1
靜靜,2
非主流,3
非人,1
非得,1
非正式,1
非洲,2
非洲區,1
非洲裔,5
非裔,42
非議,1
非難,1
靠攏,2
靠著,1
面前,1
面向,2
面子,3
面孔,1
面容,1
面對,34
面積,2
面紗,1
面臨,12
面試,1
面談,1
面貌,4
面部,2
革命,2
革新,1
鞏俐,1
鞏俐砲,1
鞠躬,1
鞭炮,2
韌性,1
韓元,2
韓劇,1
韓哥,1
韓國,84
韓國人,2
韓國式,1
韓國時報,1
韓國片,5
韓團,1
韓夯劇,1
韓媒,1
韓星,4
韓波,1
韓流,2
韓片,5
韓聯社,1
韓語,1
音場,1
音效,21
音效師,1
音效獎,1
音樂,50
音樂人,3
音樂劇,3
音樂史,1
音樂家,4
音樂廳,1
音樂會,6
音樂獎,3
音樂界,3
音樂祭,1
音準,1
音調,1
音量,1
音響,1
韻味,1
響徹,2
響應,2
響砲,1
響起,5
頂峰,1
頂級,1
頂點,1
項圈,2
項目,12
順利,26
順勢,5
順從,1
順應,2
順稿,1
順遂,1
順道,2
順風車,3
須知,1
頌揚,3
預估,2
預兆,1
預先,1
預告,3
預告片,1
預售,1
預定,7
預寫,2
預料,5
預期,15
預測,33
預產期,2
預算,22
預算面,1
預約,1
預言,8
預言后,3
預計,15
預設,2
預警,1
預購,1
頒出,4
頒到,2
頒完,1
頒布,1
頒獎人,32
頒獎台,3
頒獎禮,1
頒獎給,6
頒發,31
頒贈,1
頒錯,3
頒錯獎,1
頓成,1
頓時,3
頗為,1
頗重,1
領先,9
領取,9
領受,1
領受到,1
領域,5
領導,1
領悟,2
領袖,2
領跑,1
領軍,1
領銜,1
領頭羊,1
領養,4
頤指氣使,1
頤養天年,2
頭巾,1
頭條,3
頭版,1
頭牌,1
頭籌,1
頭腦,2
頭號,1
頭銜,2
頭頂,1
頭髮,7
頹勢,2
頻率,1
頻道,16
題度,1
題材,30
題目,1
額外,3
額頭,1
顏尼歐,2
顏尼歐莫利克奈,3
顏續攤,1
顏色,1
願意,19
願景,2
顛沛流離,3
顛父,1
顛覆,4
類似,8
類別,1
類型,15
類型片,2
類推,1
顧不得,1
顧問,3
顧慮,1
顧慮到,1
顫抖,1
顯然,6
顯示,9
顯而易見,1
顯著,3
顯見,1
顯赫,1
風光,37
風光明媚,1
風向,5
風向球,2
風塵僕僕,1
風度,4
風情,1
風景,1
風景區,1
風暴,42
風格,21
風氣,1
風波,5
風流,2
風潮,3
風範,4
風行,1
風貌,2
風起,2
風趣,1
風采,1
風險,3
風險性,1
風雲,1
風雲人物,1
風靡,3
風騷,1
飄洋過海,1
飆上,1
飆到,1
飆升,5
飆戲,2
飆淚,2
飆淚謝,1
飆演技,1
飆賣,1
飆車,1
飆風,1
飛上,1
飛來,1
飛到,1
飛去,1
飛吻,1
飛天遁地,2
飛機,5
飛機棚,1
飛翔,2
飛行書,1
飛越,2
飛車,3
飛車隊,1
飛魚,1
食人魔,1
食品,2
食宿,1
食物,3
食譜,2
飢寒交迫,1
飢童,1
飢餓,10
飯店,8
飯桌,1
飲恨,2
飲酒,1
飲食男女,9
飼主,1
飽受,5
飽吃,1
飽飽,1
飾品,1
飾演,101
飾演員,1
飾演性,1
餅乾,3
養分,5
養家,2
養家活口,1
養尊處優,1
養成,1
養眼,1
餐廳,2
餐敘,1
餐飲,1
餐館,1
餐點,1
餛飩,1
饒富,1
饒舌,3
饗宴,3
首位,29
首奪,2
首尾,1
首席,1
首度,51
首抱,1
首播,3
首映,10
首映會,1
首次,38
首爾,2
首登,1
首相,8
首要,1
首見,1
首迎,1
首選,1
首部,1
首都,1
首鍍,2
香奈兒,1
香檳,2
香港,9
香豔,1
馬丁史柯西斯,24
馬上,11
馬伯庸,3
馬來西亞,1
馬修,22
馬修一,1
馬修奪金,1
馬修居,1
馬修氣,1
馬修莫康納,3
馬修說,1
馬修麥康納,22
馬修麥康納人,1
馬修麥康納勝,1
馬倫巴,1
馬克,12
馬克勞倫斯,11
馬克威柏格,1
馬克宏,1
馬克曼吉尼,1
馬克白,1
馬克盧法洛,2
馬克盧法洛傳,1
馬克華柏格,2
馬克萊倫斯,3
馬克魯,4
馬克魯法洛,7
馬凌諾斯基,1
馬利克,2
馬力克班德傑勞,1
馬力瘋,1
馬勒,1
馬友友,2
馬場,2
馬屍,2
馬年,2
馬年宅,1
馬年片單,1
馬戲團,1
馬汀史柯西斯,2
馬泰爾,1
馬洛,1
馬特爾,1
馬英九,6
馬西亞斯修奈特,3
馬赫夏拉,5
馬赫夏拉阿里,9
馬路,1
馬車,1
馬里廷,1
馬龍白蘭度,4
馮小剛,4
馮迪索,1
駁二,4
駁斥,1
駐唱,1
駕駛,1
駕駛室,1
駭人,2
駭客,1
騎兵隊,1
騎士,8
騙子,1
騷動,1
騷擾,1
驅除,1
驕傲,20
驗證,1
驚世,2
驚傳,1
驚呼,4
驚嘆,3
驚奇,3
驚心動魄,1
驚恐,1
驚悚,6
驚悚片,6
驚慌失措,1
驚懼,1
驚濤駭浪,2
驚艷,1
驚覺,2
驚訝,6
驚豔,6
驚險,3
驚魂記,7
驟然,1
驟跌,1
骨頭,2
骯髒,1
骷髏島,2
髒字,1
髒話,3
體制,3
體力,1
體感,1
體會,3
體系,6
體育,1
體裁,1
體諒,1
體貼,1
體重,1
體面,3
體驗,10
高一,1
高下,3
高中,15
高亮度,1
高人氣,1
高低,1
高傲,1
高價,2
高到,1
高呼,6
高品質,1
高唱,1
高喊,5
高塔,1
高壓,1
高大,1
高層,4
高峰,8
高市,2
高市府,3
高度,2
高彩度,1
高成本,2
高手,4
高於,1
高明,2
高榮譽,1
高標,1
高檔,1
高水平,2
高水準,2
高潮迭起,1
高版,1
高班長,1
高畫質,1
高登,4
高科技,1
高積木,1
高等,1
高粱,2
高級,5
高聲,2
高興,17
高舉,2
高舞,1
高薪,1
高衩,1
高解析度,1
高調示,1
高譚,1
高貴,1
高超,2
高速,2
高過,3
高達,29
高鐵,3
高陽市,1
高階,3
高雄,27
高雄市,3
高雅,1
高難度,4
高額,1
高高,1
高高在上,2
高高掛,5
高齡成,1
髮型,10
髮型師,1
髮色,1
鬆懈,1
鬆開,1
鬥嘴,1
鬥士,1
鬥士金猛,1
鬥技,1
鬥毆,1
鬥爭,1
鬥狠,2
鬥皮,1
鬧下,1
鬧出,1
鬱悶,2
鬱鬱,1
鬼城,1
鬼影,2
鬼才,3
魏德聖,2
魔人,1
魔力,2
魔咒,8
魔幻,5
魔戒,4
魔掌,1
魔法,3
魔法師,2
魔法石,1
魔爪,2
魔球,3
魔術師,1
魔衣櫥,1
魔鏡,1
魔鬼,3
魚類,1
魯妮瑪拉,5
魯尼瑪拉,2
魯拉瑪妮,1
魯法洛,1
魯特,1
魯蛇,2
魯道夫阿貝爾,1
魷魚,3
鮑伯霍伯,1
鮭魚,1
鮮明,3
鮮活,1
鮮肉,1
鰲頭,1
鳥人,81
鳥取縣,1
鳥型,1
鳳凰,1
鳳凰城,1
鴻毛,1
鴻溝,2
鴿子,1
鵝黃色,1
鶼鰈情深,4
鷹眼,2
鷹馬,2
鹹魚,3
鹽埕區,1
鹿港,1
鹿特丹,1
麗娃,4
麗娃片,1
麗娃若,1
麗都,1
麥亞當斯,1
麥克沃夫史奈德,1
麥克漢內克,1
麥克道格拉斯,3
麥克風,4
麥凱,1
麥可,6
麥可丹納,4
麥可修格,2
麥可傑克森,1
麥可唐納,3
麥可喬丹,1
麥可基頓,3
麥可摩爾,1
麥可比喬丹,1
麥可沃夫史奈德,1
麥可法斯賓達,3
麥可漢內克,15
麥可漢內克坎城,1
麥多曼,3
麥康納布蘭琪,1
麥斯,32
麥朵曼,6
麥特戴蒙,7
麥田,1
麻吉,3
麻吉麥特戴蒙,1
麻煩,3
黃國書,3
黃國榮,2
黃子佼,2
黃昏,1
黃真伊,3
黃種人,1
黃聖依,4
黃若琳,1
黃蜂,3
黃重嘉,3
黃金,9
黃金期,1
黃金羅盤,1
黃頤銘,2
黃黑,1
黎明,2
黏起來,1
黑人,109
黑人區,3
黑伊朗,1
黑囚,1
黑天鵝,1
黑奴,32
黑奴版,1
黑字,3
黑市,1
黑幕,1
黑幫,3
黑手,1
黑暗,31
黑暗面,2
黑澤清,3
黑白,28
黑白二色,1
黑白共榮,1
黑白條紋裝,1
黑白片,3
黑白版,17
黑白講,1
黑翻紅,1
黑膚,1
黑色,18
黑色恐怖片,1
黑西裝,1
黑豹,16
黑豹黨,1
黑道,1
黑金,3
黑馬,6
黑鬼,1
默不作聲,1
默契,1
默契奧斯卡,1
默契溫絲蕾,1
默片,58
黛妃,1
黛娜派瑞,1
黛安,2
黛安克魯格,2
黛安娜,1
黛安蓮恩,3
黛比,1
點到,1
點心,1
點擊,1
點燃,2
點破,1
點綴,1
點閱,2
點閱數,1
點閱率,2
點點,1
黨徒,6
黯然神傷,1
鼎立,1
鼓勵,24
鼓手,12
鼓樂,1
鼓聲,2
鼓舞,5
鼓起,1
鼠群,1
鼻子,2
鼻孔,1
鼻息,1
鼻血,1
齊出,1
齊反川普白人,1
齊聚,1
齊聚一堂,1
齊聲,2
齊讚,1
龍應台,10
龍捲風,3
龍紋身,2
龍虎,1
龍頭,4
龍頭商,1
龐克,1
龐大,3
１億,2
１億5000萬,1
１日,3
１月,2
１萬5000,1
２億,1
２日,1
２月,4
２萬,1
２萬3500,1
３億,1
３億900萬,1
３日,5
３月,6
３部曲,1
３ｄ,13
４億,1
４日,2
４月,4
４點,2
５億,1
５日,1
５月,5
６億,6
６成,1
６日,2
６月,1
６萬,1
７萬,1
７點半,1
８日,1
８點,5
８點半,1
９億,1
９成,1
９萬,1
９點,1
９點半,1
ａ４,1
ａ５,1
ａｃｌｕ,2
ｃｅｏ,1
ｃｎｎ,1
ｄ１,1
ｄ５,1
ｉｈｓ,1
ｋ金,1
ｎｂａ,1
ｐｉ,2
ｐｋ,1
ｔ恤,1
