publish_date,title,content,press
2014-03-08,"踏入危險世界 
方大同秀拳腳遭飛踢",方大同(右)在「危險世界」MV裡扮「一代宗師」。                    方大同(右)在「危險世界」MV裡扮「一代宗師」。                                    方大同4月11日發行新專輯「危險世界」，同名MV很有「一代宗師」的味道，「方師父」挑戰武打，遭飛踢掛彩，大嘆武打明星難為。奧斯卡頒獎典禮當天，方大同的首波同名主打前導短片已搭便車強打，以「踏入未知，開始冒險」的概念，吸引觀眾注意。將在18日於台北欣欣秀泰影城首映的完整MV，則宛如冒險片，小時候學過太極和形意拳的方大同，更把最愛的武俠元素加入MV中。方大同為了呈現精確逼真的打鬥效果，特別請來武術老師特訓，為期兩周的訓練讓久未練武的他全身痠痛，還曾不小心被武術老師踢中肚子飛出去，但方大同爬起來後，自己提議將這動作加到MV。不過當天在10度低溫中淋雨拍武打動作，他也大嘆：「武功高強的男主角真的不好當。」MV橫跨港台拍攝，在香港的場面浩大，一場深夜在山區的武打戲，動員近百名臨演，還調來灑水車製造大雨，方大同以一擋百雨中決鬥。完整版MV近日公開，方大同也將和KKBOX獨家合作在台唯一一場新歌會，透過KKTIX報名，相關訊息可洽金牌大風唱片公司。,聯合報
2014-03-08,"沒得奧斯卡 小珍妮佛鬆口氣 
拒當下一個安海瑟薇",夏琳伍德利被看好是下一個會暴紅的青春女星。                    夏琳伍德利被看好是下一個會暴紅的青春女星。                                    紅透半邊天的珍妮佛勞倫斯，今年以「瞞天大佈局」角逐奧斯卡最佳女配角失利，她卻反倒鬆了口氣，不願自己名聲、獎項都太快到手，招嫉引來批評，半開玩笑表示不想變成下一個安海瑟薇。去年珍妮佛與安海瑟薇分別奪下奧斯卡最佳女主角與女配角，際遇卻大不同：珍妮佛的「飢餓遊戲：星火燎原」打敗「鋼鐵人3」成為全美年度最賣座大片，當紅氣勢到達頂點；安海瑟薇卻接連被報導大頭症發作，討人厭加三級，跟人緣一向不佳的葛妮絲派楚差不多的不受歡迎。珍妮佛心知自己才20幾歲就事業超順，眼紅的人不少，若是連著兩年奪得奧斯卡影后與女配角，反彈聲浪必起。事實上不少網友批她演技不夠精湛，她也不願曝光過度讓人倒胃口，所以「瞞天大佈局」沒得獎，珍妮佛沒有傷心難過，還樂得可以不用再面對一堆媒體，輕鬆與同業喝酒聊天。其實珍妮佛也無需擔心，因為下一個暴紅的青春美女已出現：「分歧者」女主角夏琳伍德利。根據美國訂票網站顯示，「分歧者」未演先轟動，首周末票房有望媲美「暮光之城」第1集，夏琳坦言接演之前曾問過珍妮佛的意見，經過對方鼓勵才點頭。她也是童星出道、演技不俗，早先在「繼承人生」、「戀夏進行式」表現都有好評，前途看好。,聯合報
2014-03-08,"放鳥蝙蝠小子
蜘蛛人挨罵",「蜘蛛人」安德魯加菲本來要在奧斯卡典禮與美國抗血癌小男孩－「蝙蝠小子」邁爾斯一起上台，表揚銀幕與現實中的英雄，結果他缺席，整段節目取消，美八卦媒體指他排演時耍大牌。主辦單位發聲明表示砍節目是為了更緊湊，他的公關團隊強調他對此也覺得失望，頒獎隔天主辦單位安排邁爾斯到迪士尼樂園遊玩，安德魯特地趕到送上小禮物，絕沒耍大牌。,聯合報
2014-03-07,不當落難貴婦 布蘭琪變身尋寶英雄,新科奧斯卡影后凱特布蘭琪，再推新片「大尋寶家」。                       凱特布蘭琪20年前的廣告片。                    新科奧斯卡影后凱特布蘭琪，再推新片「大尋寶家」。                                    新科奧斯卡影后凱特布蘭琪，演技備受推崇，在新片「大尋寶家」中，一掃「藍色茉莉」的落難貴婦，轉身詮釋法國女英雄，與她對戲的麥特戴蒙直呼她是「變色龍」，導演兼男主角的喬治柯隆尼嘴甜讚她是「梅莉史翠普第二」。凱特布蘭琪成為第一個拿下小金人的澳洲女星，相當風光，但出道時的陳年「糗」照也被網友翻出來。她20年前拍的餅乾廣告，日昨被上傳YouTube，模樣清澀稚氣。那是凱特布蘭琪24歲時，為澳洲巧克力餅乾拍的30秒廣告。描述她看到阿拉丁神燈，擦拭後就冒出精靈，精靈說她可以許願，她便祈求「能有吃不完的巧克力餅乾」，果然空盒馬上又裝滿餅乾。而新片「大尋寶家」，是麥特戴蒙二度與凱特布蘭琪合作，距離上次合作已10多年，身分地位早已不可同日而語，麥特提及她為了角色，練就標準法式英文的腔調，連法籍影帝尚杜賈丹也被震懾，面對麥特的稱讚，布蘭琪回敬：「麥特的演技精準無誤，他是我有幸能合作到的真正好演員。」「大尋寶家」描述一群中年人，想從世界大戰中，搶救險被摧毀的藝術品故事，凱特布蘭琪與麥特戴蒙片中有段曖昧小插曲，她解釋兩人是對藝術品有共同理念，最終結為好友。,聯合報
2014-03-07,"華爾街之狼
MTV電影獎入圍多",叫我大贏家奧斯卡剛落幕，緊接著MTV電影獎入圍名單揭曉，「華爾街之狼」和「瞞天大佈局」分別入圍8項，並列冠軍，「飢餓遊戲：星火燎原」7項居次，包括最佳影片和最佳女主角，今年的奧斯卡最佳影片「自由之心」，也入圍最佳影片和最佳男主角等項目。                    叫我大贏家奧斯卡剛落幕，緊接著MTV電影獎入圍名單揭曉，「華爾街之狼」和「瞞天大佈局」分別入圍8項，並列冠軍，「飢餓遊戲：星火燎原」7項居次，包括最佳影片和最佳女主角，今年的奧斯卡最佳影片「自由之心」，也入圍最佳影片和最佳男主角等項目。                                    奧斯卡剛落幕，緊接著MTV電影獎入圍名單揭曉，「華爾街之狼」和「瞞天大佈局」分別入圍8項，並列冠軍，「飢餓遊戲：星火燎原」7項居次，包括最佳影片和最佳女主角，今年的奧斯卡最佳影片「自由之心」，也入圍最佳影片和最佳男主角等項目。本屆MTV電影獎將於美國時間4月13日晚上7時舉行頒獎典禮，主持人為柯南歐布萊恩。,聯合報
2014-03-07,周永明恩人 西班牙騎士找到了,經過一周動員，宏達電表示，已找到這位周永明口中「年紀約45至50歲的男子，騎著黃色車牌的綠色Honda摩托車」騎士。他是今年53歲的Obdulio Herrera，當天剛送完女兒上學，才有第二頂安全帽；周永明匆忙間也「看走眼」，其實那輛車是亮白色。                    經過一周動員，宏達電表示，已找到這位周永明口中「年紀約45至50歲的男子，騎著黃色車牌的綠色Honda摩托車」騎士。他是今年53歲的Obdulio Herrera，當天剛送完女兒上學，才有第二頂安全帽；周永明匆忙間也「看走眼」，其實那輛車是亮白色。                                    宏達電昨天在企業部落格宣布，找到在全球行動通訊大會（MWC）期間、免費載執行長周永明一程的熱心西班牙騎士。周永明還邀請「恩人」出席3月25日在倫敦舉辦的旗艦機發表會。三星在奧斯卡頒獎典禮大玩置入行銷，利用好萊塢明星魅力一度造成推特（Twitter）當機，還依轉發次數，捐出300萬美元給慈善團體，品牌行銷手法吸睛，有別於三星砸重本，宏達電走真實故事的「小確幸」路線，昨天公布「西班牙騎士找到了」！上周西班牙舉行MWC期間，周永明趕往會場遇塞車，幸好遇好心騎士「解救」，讓他準時抵達會場，且不願收取報酬；周永明感動之餘，透過企業臉書與推特發出尋人啟事。經過一周動員，宏達電表示，已找到這位周永明口中「年紀約45至50歲的男子，騎著黃色車牌的綠色Honda摩托車」騎士。他是今年53歲的Obdulio Herrera，當天剛送完女兒上學，才有第二頂安全帽；周永明匆忙間也「看走眼」，其實那輛車是亮白色。Obdulio Herrera表示，他平常與聽障朋友一起工作，生活本來就充滿了我們應不求回報、也不應只看身分才去幫助別人的瞬間。,聯合報
2014-03-07,大黑馬！ 台灣埔桃酒 世界賽奪金,有「國際葡萄酒奧斯卡」之稱的巴黎世界酒類競賽，台灣自製的「埔桃酒」成為黑馬、擊敗多個以葡萄酒聞名全球的國家，奪下金牌獎，台灣釀酒技術讓不少與賽國家刮目相看。「巴黎世界酒類競賽」（Vinalies Internationales）是由法國釀酒師公會與世界葡萄酒與烈酒公會在一九九三年創辦，今年是第廿屆舉行，裁判多是各國長期從事酒類釀造、或長期研究酒的釀酒師，比賽標準參照世界葡萄酒公會OIV方式嚴格執行，現場還有ISO監察員監督執行，可說是世界上標準最嚴謹的葡萄酒競賽。為我奪下金牌獎的是使用台中后里金香葡萄（Golden Muscat），由高雄餐旅大學助理教授陳千浩技術轉移，輔導本地樹生酒莊所釀造的「埔桃酒」。在全球三千五百零三款葡萄酒中拿下金牌獎，陳千浩教授難掩興奮之情的表示，由於「埔桃酒」的研發釀製，使得原本在台灣耕種面積逐漸縮減、瀕臨絕跡的金香葡萄，又開始在后里當地重新復育，預計兩年後可投入埔桃酒的生產，福爾摩沙葡萄酒的故事可望將由此全新開展。,聯合報
2014-03-06,奧斯卡明星自拍 辛普森也來鬧,奧斯卡明星自拍照太夯，「辛普森家庭」也在節目中諧仿。                       凱特布蘭琪以刺青慶祝封后，她左手腕上貼了黑色繃帶。                    奧斯卡明星自拍照太夯，「辛普森家庭」也在節目中諧仿。                                    奧斯卡落幕，新科影后凱特布蘭琪心情大好，跑去刺青。當天主持人艾倫狄珍妮絲和大明星的自拍照太夯，卡通「辛普森家庭」都拿來諧仿。倒是念錯入圍者名字的約翰屈伏塔很沮喪，發聲明道歉。凱特布蘭琪和「瞞天大佈局」的艾美亞當斯一同競逐影后，私下不傷感情。典禮隔天，她被拍到和老公安德魯、艾美及其未婚夫到好萊塢知名刺青店，凱特布蘭琪左手腕上貼了黑色繃帶，艾美未婚夫的右手臂也有美容膠帶。「每日郵報」比對當天稍早凱特布蘭琪上艾倫節目後的合影，當時她左手沒有膠帶。安琪莉娜裘莉、凱蒂佩芮等都是那間刺青店的常客，店家以尊重隱私拒絕透露細節。艾倫狄珍妮絲主持奧斯卡創高收視，她和明星的自拍照，短時間內破了轉推紀錄，高漲人氣帶動她隔天「艾倫脫口秀」的收視，創節目開播11年以來新高。約翰屈伏塔奧斯卡介紹演唱「冰雪奇緣」主題曲的伊蒂娜曼澤爾（Idina Menzel），竟把名字念成「愛黛兒達茲（Adele Dazeem）」，錯得離譜。他昨發表道歉聲明，先說他自責不已，繼之一想，也許伊蒂娜會以歌名「Let it go（放手吧）」安慰他，要他別難過。,聯合報
2014-03-06,大勝奧斯卡？凸顯文化界的無力感,《KANO》上映，遇到奧斯卡頒獎，台灣一獎未得，電視新聞標題卻以「KANO大勝奧斯卡強片」報導《KANO》票房盛況，頗令有識者尷尬。從教育者立場，看完電影第一個疑問是，究竟哪些部分為「真實故事紀錄片」？哪些部分是「取材於歷史的劇情片」？既然編導一再強調「日本人、漢人、高砂族一起創造榮耀」，為何不乾脆安排一個三族共和贏得冠軍結局？由大層次看，從《海角七號》的台日戀情，到《賽德克．巴萊》把霧社事件演繹為現代化（日本）與前現代（原住民）傳統之必然衝突，到《KANO》硬生生插入八田與一的故事，反映出後殖民社會裡被殖民者對於自身定位的恐慌。整體而言，台灣社會對文化的要求，遠低於對政治的標準，所以表態參選的柯文哲不過說了句「用mercy面對二二八」，自家人都開罵，但《KANO》也對於日本殖民歷史「寬容」，卻贏得相當讚美。若連勝文口中的「台灣精神」，被批得一文不值，那麼《KANO》又何德何能去定義「嘉義精神」呢？文化界常有「權利」藉由「寬容面對」甚至「解構」歷史，去遮掩後殖民時代的深層焦慮。我多次在香港友人身上看到這種焦慮，不少港人吃牛肉麵一定要配咖啡，堅持包子用烤的比用蒸的好吃，其態度恐非來自獨樹一格的創意，而是下意識裡霸權移轉過程後，企圖重建舊美學的心態。《KANO》裡台灣人對於甲子園的仰望孺慕，深刻演示了「皇民化精神」，難怪這部片隨即獲邀到日本參展，成為開幕片，嘉農棒球隊被日本人打敗的情節，顯然相當獲得日本右翼的認同。另方面，《KANO》因日語太多無緣金馬獎的說法，其實僅是幌子，畢竟演員演技青澀、敘事一廂情願，甚至特效缺憾、畫面與配樂精緻度，都使此片與包括奧斯卡在內的國際級大獎處在不同檔次，其囧相並非導演或監製一句「不得獎也無所謂」就能掩飾。坦白說，《KANO》就是一部聳動熱血的體育電影，劇中真正精華是日本教練的斯巴達訓練。但教育界也想問：為何現在台灣容不下那種「不准輸」的魔鬼訓練？現今的老師，既沒統治階級帶來的身分特權去嚴格訓練，反而時時擔心被媽寶和恐龍家長投訴！《KANO》電影裡教練之積極嚴格，與現實上教育界消極無奈的反差，使得「是否日本人才教得出好球隊、蓋得出好水庫」的假命題更弔詭！身為教育者，面對嘉義市政府補助五百萬，又在全市貼滿海報、掛滿羅馬旗、更在市中心中央噴水立銅像為其宣傳的《KANO》，該對學生講述什麼？畢竟，《KANO》是部商業電影，拍出來要賣錢，縱使政府部門將之冠上「文化」兩字，本就談不上什麼得獎不得獎的。這幾年，台灣的文創行銷愈來愈沒文化味，幾年前曾參加電影講座，電影公司除了演員，還請來小說家從創作者角度暢談電影帶出的議題與反思，甚至請出劇場導演仔細分析劇本寫作。如今，則連素人帥哥演員被女粉絲偷親臉，都當成大新聞播送。台灣近年文創發展遭遇瓶頸，日昨馬總統參觀興建中的高雄衛武營園區，擔憂變成「蚊子館」，台中歌劇院和國家表演藝術中心的爭議…都凸顯文化界的無力感，也反映民眾看待文化的心態問題。,聯合報
2014-03-06,生活秘書（2014.03.06）,我不是從山腳走上山頂，而是每一次只走一步。─聖嚴法師（法鼓山創辦人）星座 今日運勢 射手 友善鄰居    摩羯 理財此時    水瓶 廣結善緣    雙魚 愛的希望歷史上的今天    1899年：可以有效並迅速解除頭痛的藥丸阿斯匹靈，獲准上市。1918年：阿里山發生森林大火，連燒3天，珍貴林木損失不貲。1973年：以描繪中國農民長篇小說「大地」獲諾貝爾文學獎的美國女作家賽珍珠去世，享壽81歲。2006年：執導影片「斷背山」，李安獲第78屆奧斯卡最佳導演等多項大獎。2013年：微軟因未讓客戶選擇網路瀏覽器，遭歐盟重罰5.61億歐元。,聯合報
2014-03-05,奧斯卡亮點 珠寶簡潔美,"「暮光之城」女星安娜坎卓克配戴伯爵Couture Precieuse耳環。                       好萊塢男星布萊德利庫柏西裝筆挺，他配戴的是蕭邦L.U.C 1937腕表。                       蕭邦L.U.C 1937腕表，精鋼殼搭配白色面盤、黑色鱷魚皮表帶，散發沉穩內斂的氣質。                    「暮光之城」女星安娜坎卓克配戴伯爵Couture Precieuse耳環。                                    奧斯卡紅毯星光，珠寶是不可缺少的要角。今年奧斯卡的紅毯珠寶風格內歛，晶瑩剔透的鑽石取代繽紛彩寶，或轉而把重心放在耳環、手環上，詮釋「化整為零」的精緻時尚。娜歐蜜華茲 寶格麗項鍊當領子茱莉亞羅勃茲穿Givenchy黑色禮服，配戴寶格麗鑽石耳環，完全捨棄繁複的項鍊，露出雪白的美頸和美胸，以免搶走胸前黑色蕾絲裝飾的丰采。娜歐蜜華茲穿Calvin Klein雪白色禮服走紅毯，配戴寶格麗網狀鑽石項鍊，項鍊猶如領子一般，別具創意。奧斯卡頒獎典禮是年度盛會，絕少會發生「撞衫」或「穿舊衫」的意外，不過今年莎莉賽隆在奧斯卡紅毯穿DIOR黑色禮服，竟與日前瑪莉亞凱莉在年度藝人大獎（BET Honors獎）的禮服同款。還好她選擇佩戴Harry Winston的細鍊鑽石項鍊，要價1,500萬美元（約4億5千萬元台幣），多少也有加分作用。潔西卡貝兒 高雅Tiffany手環入圍奧斯卡最佳女主角的艾美亞當斯穿Elie Saab藍色禮服、搭配Tiffany的Blue Book系列珠寶，一款梨形黃色綠柱石鑲嵌水晶耳環，主石是蛋面紅紋石外鑲青金石，以對比色系凸顯藍色禮服。出席頒獎的潔西卡貝兒穿香奈兒訂製禮服，搭Tiffany鑽石項鍊和藍寶鑽石耳環、藍寶鑽石手環，更添高雅。蕭邦（Chopard）此次祭出首度曝光的2014紅地毯系列珠寶（Red Carpet Collection），提供以「藍色茉莉」奪得影后的女星凱特布蘭琪配戴。她同時也配戴咖啡色鑽石手環，以及重達四克拉的梨形車工戒指，與裸膚色的水晶禮服相映成趣。擔任頒獎人的女星潘妮洛普克魯茲以蕭邦的鑽石耳環、手環搭配一襲粉紅色禮服，典雅又不失純真氣息。布萊德利庫柏 蕭邦表沉穩內斂當晚以「藥命俱樂部」拿下奧斯卡影帝的馬修麥康納，配戴蕭邦的L.U.C XP Tonneau腕表。典禮開始前，一張馬修正在看時間的畫面，令人莞爾。影帝影后都配戴蕭邦的珠寶和腕表，品牌也與有榮焉。因「瞞天大佈局」入圍男配角的布萊德利庫柏，則配戴蕭邦L.U.C 1937腕表，展現內斂沉穩氣質。伯爵（Piaget）亦提供今年全新的珠寶腕表給以「藥命俱樂部」得到最佳男配角的演員傑瑞李托，伯爵全新Altiplano手上鍊超薄腕表搭配白色西裝，凸顯個人風格。「暮光之城」女星安娜坎卓克配戴的是伯爵Couture Precieuse耳環和Piaget Rose戒指，與黑色禮服相呼應。演員兼歌手克莉絲汀貝兒則配戴伯爵全新珠寶系列Piaget Rose Passion的項鍊和耳環，優雅而秀氣。演出「瞞天大佈局」的男星傑瑞米雷納，當天配戴積家超薄系列腕表Master Ultra Thin 41出席盛會。",聯合報
2014-03-05,晚宴解放 女星深Ｖ露性感,拿下最佳女主角的露碧塔妮詠奧開心出席會後派對，穿完PRADA換上的是miu miu新裝。                       瑞絲薇絲朋穿BOSS 2014秋冬系列黑灰色亮片刺繡絲質禮服出席奧斯卡晚宴派對，正面與側面大秀性感。                    拿下最佳女主角的露碧塔妮詠奧開心出席會後派對，穿完PRADA換上的是miu miu新裝。                                    奧斯卡紅毯女星穿得保守經典，但稍晚的晚宴派對（Vanity Fair Oscar Party）上，眾人似乎齊心大解放，可透視的薄紗蕾絲裝、前面超級深V或大露腰、露背等，讓派對的性感歡樂熱度破表。身材火辣超模搶先「露」，英超模出身蘿西杭廷頓近乎中空的薄紗裝PK米蘭達蔻兒的深V銀色亮片裝，雖然亮片氣勢大勝，但前者手挽老公傑森史塔森當裝飾，用甜蜜取勝。以「自由之心」拿下最佳女配角的露碧塔妮詠奧（Lupita Nyong'o），紅毯一襲水藍色PRADA洋裝大獲讚賞，晚宴改穿miu miu洋裝走華麗風，今年運勢紅不讓的她，也是miu miu春夏廣告代言人之一。紅毯裝扮同樣受好評的凱特哈德森，晚宴再接再厲，穿僅用黑色刺繡遮重點的膚色薄紗Zuhair Murad高級訂製服，搭配Ferragamao手拿包，露得高雅大方。瑞絲薇絲朋以BOSS黑色禮服突破個人裸露極限，正面深V外，側面看去竟也是全空；黛安克魯格選擇Valentino黑色蕾絲裝，但可惜腰線和比例不佳，有點走味，對向來走優雅風的她也算是種另類突破。穿Dior紅色禮服在紅毯上頗獲好評的珍妮佛勞倫斯，晚宴上改穿Tom Ford的長袖亮片洋裝，但背部和側面全是可透視薄紗，若隱若現的臀部引人遐想。,聯合報
2014-03-05,馬修麥康納 艾美視帝大熱門,"馬修麥康納被看好以「無間警探」奪下艾美獎視帝。                       「自由之心」的票房可望因奧斯卡加持，往上攀升。                       露琵塔妮詠奧新片「空中救援」登上全美票房冠軍。                    馬修麥康納被看好以「無間警探」奪下艾美獎視帝。                                    新出爐的奧斯卡得主無不希望藉獎項之助為事業加一把勁，據歐美娛樂媒體的看法，新科影帝馬修麥康納人紅氣旺，今年夏末有可能憑HBO影集「無間警探」再奪艾美獎；原知名度不高的最佳女配角露琵塔妮詠奧，很幸運地在連恩尼遜全美賣座冠軍大片「空中救援」軋上一角，是當下最有話題的王牌新秀。雖然以往盛傳「小金人的詛咒」，但包括麥特戴蒙、班艾佛列克等，得獎後氣勢直攀巔峰。今年幾位得獎者中，馬修麥康納早就知名度高，雖曾被侷限在奶油小生路線，獲獎後戲路大開。他在HBO影集「無間警探」演技突出，連美國總統歐巴馬都是忠實戲迷，不少美國影藝學院會員也表示「無」劇讓他們更有信心在奧斯卡影帝上投給馬修支持票，8月下旬在美舉辦的艾美獎頒獎典禮，馬修被預期是視帝的大熱門。去年奧斯卡把珍妮佛勞倫斯捧為最搶手的年輕女星，今年獲加持是露琵塔妮詠奧，不單「自由之心」讓其實力受肯定，新片「空中救援」還沾上票房保證連恩尼遜的光，上周末以近2890萬美元（約台幣8.8億）成為北美票房周冠軍，該片有連恩尼遜與茱莉安摩爾主演，露琵塔妮詠奧飾演空服員。而小金人對於電影票房究竟有多大的加持效果？其實很難量化。針對1978到1987年間131部獲奧斯卡提名的電影分析，發現獲得最佳影片加持的電影，票房平均可增加1,270萬美元，現在大概是1,400萬美元。「自由之心」獲獎後在美國已增加院線播映，台灣將於14日上映。獲得最佳導演的「地心引力」在美國順勢推出DVD，在台灣重新上映。",聯合報
2014-03-05,奧斯卡披薩暴紅 蜘蛛人消失成謎,"披薩小弟艾德嘉(左)終於在艾倫狄珍妮絲的談話節目拿到一千美元小費。                    披薩小弟艾德嘉(左)終於在艾倫狄珍妮絲的談話節目拿到一千美元小費。                                    本屆奧斯卡頒獎典禮收視無論在台灣或美國都創下佳績，STAR MOVIES前晚9點中文字幕播映的平均收視0.65，只輸給李安「斷背山」與「少年PI的奇幻漂流」參與角逐那兩屆；美國則有4,300萬觀眾收看，不但是10年來最多人觀賞的一屆，還是自「六人行」完結篇後無線電視網播出非運動轉播節目的最佳收視。第二度主持奧斯卡頒獎的艾倫狄珍妮絲並未像去年主持人賽斯麥克法蘭一樣開玩笑太過犀利，頒獎典禮氣氛平淡卻不乏驚喜，如成為全球話題的「巨星自拍」和「搶食披薩」，在STAR MOVIES晚間重播時都開出破1.1的高收視。瞬間變成世界最紅披薩小弟的艾德嘉，隔天現身艾倫的談話節目當來賓，接到1,000美元的豐厚小費，也坦言當晚真的沒想到會送披薩給一堆巨星，最開心是見到夢中情人茱莉亞羅勃茲，而披薩店也一夕暴紅，各地分店生意好到不行，大家都想吃「奧斯卡披薩」。但頒獎典禮也出現一宗「懸案」，早先預定是頒獎嘉賓之一的「蜘蛛人」安德魯加菲臨陣缺席，「美國隊長」克里斯伊凡義氣相挺救場，免得早就安排好的「向英雄致敬」片段無人擔任引言。",聯合報
2014-03-04,奧斯卡紅毯 裸唇妝 一面倒,玫琳凱流光潤彩唇膏、800元。                       Kiss Me奇士美晶俏美型唇蜜優雅木蘭、520元。                    玫琳凱流光潤彩唇膏、800元。                                    台灣市場受韓劇影響一窩蜂流行「咬唇妝」，飽滿螢亮色系走紅，但昨日奧斯卡頒獎典禮上，優雅的粉嫩裸色調幾乎是所有巨星一面倒的選擇，提供即將採購春妝的女性全新選購方向。今年奧斯卡紅毯上，女星多選擇充滿光澤感，且春意盎然的粉嫩裸色妝點嘴唇，低調優雅的質地自然融合於膚色，如同由內而外自然散發的好氣色，同時又不搶走整體視覺焦點。如最佳女主角的凱特布蘭琪薄紗禮服搭配裸色唇膏，帶來女神氣質；安琪莉娜裘莉也以低調裸色唇膏襯托銀色禮服；另外珍妮佛勞倫斯、艾美亞當斯等女星也都挑選春意盎然的粉紅或粉橘裸色，透過雙唇展現低調動人的氣質。今年春妝無論是專櫃、開架或直銷，都以唇妝最具賣點，商品主要朝兩方向發展，一是大膽螢亮色系，如熱粉紅、芭比粉紅、螢亮珊瑚色等，另一派則是經典百搭的裸色系，後者感覺略已退燒但隨奧斯卡頒獎典禮，勢必再成為熱點。玫琳凱推出流光潤彩唇膏，強調光澤、水潤與遮蓋唇紋，自然裸與氣質藕都符合這波紅毯潮流。KISS ME主打添加洋甘菊保濕成分的粉嫩色調，像有透明光澤的莓果紅，優雅木蘭帶來嬌滴滴氣息；Crystal Dia香頌甜心美唇雙用筆帶來粉嫩色感；露華濃蠟筆狀潤唇筆，炫亮、粉霧版都有優雅色系；艾杜紗推裸色晶亮護唇蜜。,聯合報
2014-03-04,奧斯卡的「非」常一年,儘管奧斯卡近年增加最佳影片入圍名額，但還是很容易就聚焦清楚。今年有多達5部入圍最佳影片者最後摃龜，而最佳影片明顯就是「自由之心」與「地心引力」的戰爭，後者在技術項目所向無敵，但前者拿下最佳影片的態勢又略勝一籌，這無關藝術成就與技術指標，因為兩片水準都在高標之上，而是主題與時勢等各種因素相加的結果。根據1853年所羅門諾斯拉普自傳改編的「自由之心」，對於種族歧視與人權議題的掌握，加上史詩化的格局，本來就是奧斯卡最鍾愛的影片型態。而這部結合英美非洲黑白族群通力合作的電影，也終於讓布萊德彼特以製片身分拿下小金人，與先行領取人道精神獎的伴侶安琪莉娜裘莉在本屆相互輝映。其實從原本也被看好的兩部黑人電影「白宮第一管家」、「奧斯卡的一天」在提名階段全軍覆沒，就已幫「自由之心」掃除一些障礙，免去自相殘殺的命運。而本屆奧斯卡不僅出現首位非裔女性主席，也是史上最多非裔頒獎人的一年，就像去年請出第一夫人蜜雪兒歐巴馬揭曉「亞果出任務」得獎一樣，如果黑人明星最後念出來的最佳影片不是「自由之心」，恐怕會很尷尬吧！頒獎典禮製作人究竟押寶誰？再清楚不過。奧斯卡指標的轉移，確實宛如氣象。女配角大熱門從上屆影后珍妮佛勞倫斯，隨著頒獎典禮日期靠近，愈來愈傾向首度演出電影的露琵塔妮詠奧，就是一例，「灰姑娘」總是要換人做做。幸好以「藍色茉莉」先行囊括二十多座影后的凱特布蘭琪夠穩，沒敗在導演伍迪艾倫的「家務事」上。而在「藥命俱樂部」以扮裝加激瘦獲得最佳男配角的傑瑞李托，也是最沒有懸念的得主。馬修麥康納以同片榮登影帝，無論就奧斯卡欣賞的變形演技、偶像轉型而論，確實要比求獎若渴的李奧納多狄卡皮歐的勝率要高，何況還有一些衛道人士，刻意對「華爾街之狼」發動意識型態攻擊，對較保守的會員也不無影響。「地心引力」的墨西哥導演艾方索柯朗繼李安之後再度以3D電影獲獎，這也是連續第3年非英美籍導演出線，說明了好萊塢吸納各路人才的野心與適度開放的接納。而它在最佳攝影、剪輯、配樂、視覺效果、混音、音效剪輯的勝出，則是理所當然。就得獎數量而言，「地心引力」好似大贏家；但就含金量來論，那就未必。即使艾方索柯朗已經克服了地心引力，但奧斯卡還是過不了自己這一關。,聯合報
2014-03-04,奧斯卡的嶄新難題,娜歐蜜華茲(左)、山繆傑克森上台頒獎。                    娜歐蜜華茲(左)、山繆傑克森上台頒獎。                                    好無趣的一次奧斯卡頒獎典禮！倒不是主持人艾倫狄珍妮絲主持路線較為生活化、不走辛辣猛藥風格的緣故，而是從頭到尾、每個獎項幾乎都和媒體預測的熱門得主完全一致，使得整場典禮毫無驚喜可言，像是照本宣科下的結果；加上表演節目的陽春型態，令本屆典禮並未撩撥起太多引人興奮的漣漪。 從1月開始的諸多影評協會、金球獎、各大公會協會電影獎，到英國奧斯卡，整整兩個月的「得獎季」，長時間密集的開獎揭曉與交叉比對，幾乎已把呼聲最高的得主給「平均」出來了。這是奧斯卡近年愈來愈避不了的嶄新難題。去年至少還有「李安vs.史匹柏」，以及影后獎的老少對決帶來懸疑性；但今年連技術獎項、外語片、動畫長片等全無意外，甚至連捉對廝殺的期待感都沒有。 為科幻類型開創新局的「地心引力」，一口氣奪下包括導演、攝影、剪輯在內的7大獎，卻還是在最佳影片敗給主題上超級政治正確的「自由之心」，雖是意料中事，仍有點令人難以心服口服。比起史提夫麥昆自己的前兩部作品，「自」片即使動人，相形之下還是稍嫌中規中矩。奧斯卡總是一方面想寫下新頁，一方面又在保守傳統的本位主義中拉扯，「地心引力」的滑鐵盧，也讓最佳影片獎原有機會寫下首度頒給科幻片與3D電影的「新紀錄」，提早嘎然而止。 「自由之心」比起去年的「林肯」幸運太多。今年適逢主辦單位影藝學院迎來一位新的非洲裔女主席，整場典禮上刻意安排一位接一位的黑人影星分布在每個段落輪番上台，從最資深的薛尼鮑迪到年輕的麥可比喬丹，連威爾史密斯出場頒最佳影片獎，坦白說都有點遠不如過去此獎頒獎人應有的「分量」（像去年是傑克尼柯遜），意圖不言而喻。    4個演員獎與最佳導演全由大熱門雀屏中選，唯一可能翻盤的女配角珍妮佛勞倫斯，最終還是敗給自己年紀太輕、不該太早寫下連兩年得獎紀錄的屏障使然。影帝馬修麥康納勝在轉型成功，影后凱特布蘭琪則是戲好加上聲勢強，沒被伍迪艾倫的負面新聞造成任何影響。 最後談到頒獎典禮本身。艾倫狄珍妮絲不像去年主持人賽斯麥克法蘭在言論尺度上大走鋼索，她大部分時間都在台下與明星影人互動，展現另一種隨興熱鬧的親民喜感，是她獨有的特質。可是比起去年出現「悲慘世界」、「芝加哥」兩段豪華驚豔的歌舞橋段，今年只有一開始的「快樂」這首歌讓台上台下跳出熱絡氣氛，其餘都是單調演唱，甚至沒多餘的舞蹈或場面調度相佐，「吸睛」程度也打了不少折扣。,聯合報
2014-03-04,TVBS打美女牌？ 夏嘉璐再當主播,TVBS昨天舉行主播團隊亮相記者會，夏嘉璐擔任晚間6.7點主播。                    TVBS昨天舉行主播團隊亮相記者會，夏嘉璐擔任晚間6.7點主播。                                    資深主播詹慶齡上周四播完最後一夜的「晚間6.7點」新聞功成身退榮升新聞部副總監，昨午TVBS端出4位「黃金時段」主播鄭凱云、蘇宗怡、夏嘉璐及廖芳潔一起亮相，其中夏嘉璐一如外界預料接手「晚間6.7點」時段，坦言心情「戒慎恐懼」。近來T台人事異動頻傳，除了鄭麗文接手「麗文正經話」，夏嘉璐回歸主播台，資深主播詹慶齡則轉調行政高階主管，力保新聞台王位意圖明顯。只是一心期待轉型的夏嘉璐，最終仍回歸原點，心情肯定沮喪？夏嘉璐平靜說：「對我來說每一個工作都是挑戰，公司告訴我可能回去當主播，我也是考慮了幾天就答應，畢竟還得尊重家人意見，擔心影響家庭生活安排，但我必須強調這些都是『過程』。」她對接手詹慶齡的美好成績感到「戒慎恐懼」。外傳TVBS將改打「美女牌」，她也笑說：「可不可以跨界呢？我不介意外界比較，太介意反而亂了方寸，還是先把分內工作做好。」新聞部總監詹怡宜則以個人經驗妙答：「我們到底打什麼牌？就像我一樣，恰巧『資深』又是『美女』，我們主播都有豐富新聞資歷與採訪經驗，絕對兼具專業與美貌。」,聯合報
2014-03-04,王菲現身 挺愛牌CELINE,王菲穿CELINE春夏裝，現身CELINE巴黎秋冬秀場。                       CELINE秋冬以不同風格大衣為重要設計。                       Chloe秋冬裝有許多民族風的印花。                    王菲穿CELINE春夏裝，現身CELINE巴黎秋冬秀場。                                    2014秋冬巴黎時裝周第6天引發亞洲媒體騷動，原來是天后王菲相隔10年，再度來到巴黎時裝周，而且挺的是愛牌CELINE，這也是她宣布與李亞鵬離婚後，第一次現身的公開活動，而她的舊愛謝霆鋒也為新節目飛到巴黎，這讓兩人可能異地相遇。王菲與CELINE關係密切，2004年王菲前往巴黎看CELINE秀展開雙方合作，之後她2005年嫁給李亞鵬後淡出演藝圈，在2010年王菲藉著到巴黎拍攝CELINE照片，而宣告復出開唱，如今王菲離婚後第一場活動，同樣獻給CELINE。好巧不巧，王菲在巴黎能巧遇同去看秀的好友趙薇，而前男友謝霆鋒也剛好到巴黎錄節目，陸媒巧妙聯想兩人有機會相遇，王菲被問到是否會跟謝霆鋒見面時，她一概不回應。而秋冬CELINE打造出多樣化的女性大衣，有繭型、寬鬆、窄版等不同剪裁，融合部分日式開襟剪裁，在簡單風格中找出品牌獨有脈絡。Chloe的秋冬新裝在設計總監Clare Waight Keller操刀下，企圖找出Chloe女孩的神秘與野性，除充滿民族風情的印花新裝外，Chloe解放女性剪裁，強調穿著上的舒適感，為Chloe找出新的品牌風格。,聯合報
2014-03-04,Janet瘋台灣 勾引各國王牌主持,Janet「瘋台灣」做了快10年，最新一季將於本月9日起每周日晚間9點全台首播，主題為「瘋台灣全明星」，除了她之外，還包括TLC旅遊生活頻道其他王牌主持人珊曼莎布朗、伊恩萊特、鮑伯布魯莫等，一起上山下海嘗試各種不同寶島玩法。                    Janet「瘋台灣」做了快10年，最新一季將於本月9日起每周日晚間9點全台首播，主題為「瘋台灣全明星」，除了她之外，還包括TLC旅遊生活頻道其他王牌主持人珊曼莎布朗、伊恩萊特、鮑伯布魯莫等，一起上山下海嘗試各種不同寶島玩法。                                    Janet「瘋台灣」做了快10年，最新一季將於本月9日起每周日晚間9點全台首播，主題為「瘋台灣全明星」，除了她之外，還包括TLC旅遊生活頻道其他王牌主持人珊曼莎布朗、伊恩萊特、鮑伯布魯莫等，一起上山下海嘗試各種不同寶島玩法。昨天新加坡名美食主持司徒國輝，與來自香港的「海灘假期」主持安琪拉，一起為Janet站台，司徒國輝大讚台南滷味一級棒，牛奶蜜棗也超好吃，聽得身材苗條卻食量不少的安琪拉直流口水。Janet笑言寶島除了美食超殺，自然風景和人情味也對外國朋友有強大吸引力，希望有機會請更多主持人朋友加入「瘋台灣全明星」的行列。,聯合報
2014-03-04,丁噹透視蕾絲裹身 腰臀線誘人,丁噹邀請設計師陳季敏打造演唱會禮服。                    丁噹邀請設計師陳季敏打造演唱會禮服。                                    丁噹昨為3月8日小巨蛋演唱會定裝，她穿上設計師陳季敏設計的蕾絲水鑽夢幻禮服，身材曲線若隱若現，她對身材有自信，笑稱近期天天運動兩小時，訓練肌耐力、有氧拳擊，外加慢跑，果然塑身有成。繼2月上海場與Vera Wang婚紗合作，丁噹造型愈走愈浪漫，設計師陳季敏為她從美國紐約訂製立體車骨蕾絲，量身打造溫柔又具個性的歌聲，以緊身透視系列，展現丁噹的腰臀線，丁噹試裝時不停深呼吸，就怕一放鬆，肉肉跟著解放，除了衣服緊身，陳季敏還加上30公尺長的水鑽裙襬及夢幻的羽毛頭飾，要讓丁噹在演唱會當天，美美飛天。除了少吃多動雕塑體型，丁噹近期也開始學台語，打算在演唱會和歌迷台語互動。,聯合報
2014-03-04,KANO口碑延燒 4天賣6500萬,勵志感人 國片「KANO」上映4天台北票房達2200萬、全台則有6500萬，不僅票房數字逐日成長，首周末賣座成績也是今年度開片最高的電影。                    勵志感人 國片「KANO」上映4天台北票房達2200萬、全台則有6500萬，不僅票房數字逐日成長，首周末賣座成績也是今年度開片最高的電影。                                    國片「KANO」上映4天台北票房達2200萬、全台則有6500萬，不僅票房數字逐日成長，首周末賣座成績也是今年度開片最高的電影。「KANO」上映後，各方正面回響不斷，包括陳玉勳導演、九把刀、李烈、林書宇、侯季然等都推薦。片中經典台詞「不要想著贏，要想不能輸」、「怕輸，就想辦法贏」，成為勵志名句，更有人想拿這幾句話當成座右銘。,聯合報
2014-03-04,張韶涵女神造型 被指像螢火蟲,引起熱議 張韶涵近來斥資約2千萬元拚新輯「張韶涵Angela Zhang」，重金打造新造型，但網友不斷在她的造型做文章，之前「OK蹦」的女機器人，被指疑抄襲日本卡通「聖鬥士星矢」中「沙加」，遭她否認。                    引起熱議 張韶涵近來斥資約2千萬元拚新輯「張韶涵Angela Zhang」，重金打造新造型，但網友不斷在她的造型做文章，之前「OK蹦」的女機器人，被指疑抄襲日本卡通「聖鬥士星矢」中「沙加」，遭她否認。                                    張韶涵近來斥資約2千萬元拚新輯「張韶涵Angela Zhang」，重金打造新造型，但網友不斷在她的造型做文章，之前「OK蹦」的女機器人，被指疑抄襲日本卡通「聖鬥士星矢」中「沙加」，遭她否認。這回她推出新作「為愛而活」，一身黃綠女神裝，又引來網友討論，有人說像「螢火蟲」或「燈籠草」，對造型老引發話題，至截稿為止，張韶涵方面沒回應。,聯合報
2014-03-04,邵逸夫也有份,邵逸夫也在今年奧斯卡頒獎的懷念單元中。                       秀蘭鄧波兒在懷念單元未被特別凸顯，粉絲不解。                    邵逸夫也在今年奧斯卡頒獎的懷念單元中。                                    「懷念已故影人」是每年奧斯卡頒獎觀眾最期待卻也讓主辦單位最頭痛的段落，去世的影人眾多難全部致敬，誰被忽略總引發爭議，過去一年由於不少大牌過世，讓奧斯卡傷透腦筋，結果依舊難免遺憾。去年底彼得奧圖、瓊芳登先後逝世，「玩命關頭」保羅沃克意外身亡，今年有影帝菲利普西摩霍夫曼驟逝，加上還有在一年間過世的「紐倫堡大審」奧斯卡影帝麥斯米倫雪兒、昔日童星秀蘭鄧波兒、「真善美」女配角伊蓮娜派克等，很難擺得平，外界好奇主辦單位如何解決？突然又發生「噬血Y世代」工作人員莎拉瓊斯為拍新電影出意外，27歲即英年早逝，劇組卡司發起網路請願，希望讓她被排進「懷念影人」之中。典禮在「似曾相識」經典配樂襯底，由「黑道家族」詹姆斯甘多芬尼揭開序幕，菲利普西摩霍夫曼為壓軸，華人影視大亨邵逸夫也擠上了名單。有影迷不解應是彼得奧圖與秀蘭鄧波兒為開場與壓軸，結果彼得被排在中段，秀蘭也一瞥而過。隨後請出從未在奧斯卡表演的貝蒂蜜勒演唱名曲「Wind Beneath My Wings」，一曲唱罷，才明白製作單位的用心，她身後大螢幕上，被懷念影人的照片集合在一起，正中位是彼得奧圖，而網友念茲在茲的莎拉瓊斯未擠進正式的懷念片段，卻在貝蒂唱完歌，以一條特別的跑馬燈打上懷念她。可惜「歡樂合唱團」柯瑞蒙提斯、「獵殺紅色十月」等原著小說作者湯姆克蘭西還是被漏掉。,聯合報
2014-03-04,表演少而巧 聚焦電影人,伊蒂娜曼澤爾演唱「冰雪奇緣」主題曲「Let it Go」。                       最佳歌曲由菲董(右)等多位歌手獻唱，歌手跳到台下與明星們互動。                    伊蒂娜曼澤爾演唱「冰雪奇緣」主題曲「Let it Go」。                                    本屆奧斯卡頒獎典禮請到睽違7年的艾倫狄珍妮絲回鍋主持，節目行禮如儀，成為艾倫脫口秀個人秀場。本屆典禮不以變裝秀或開場短片喧賓奪主，主持人負責流程推進，幾段演唱少而巧，將舞台還給入圍者與所有影人，會後一般評論艾倫表現稱職無過，平順完成典禮，有人歡迎艾倫明年「Third's A Charm」（無三不成禮），但也有人認為除了自拍和披薩兩個段落，她的主持平順到近乎無聊。艾倫開場即一一點名入圍者開玩笑，問艾美亞當絲有沒有上大學、對84歲入圍者瓊史桂布大聲說話（暗示年老耳背）、並糗珍妮佛勞倫斯去年上台及今年在紅毯跌倒事件，並說18次入圍的妝髮費用，快讓梅莉史翠普負擔不起再次入圍，也不怕觸布萊德利庫柏霉頭，先送他樂透當陪榜的安慰獎。今年主題是「英雄」，影片綜合影史上各種英雄人物；也同時紀念「綠野仙蹤」75周年，艾倫換下慣穿的中性西裝，一度搞笑換上粉橘色蓬裙裝，扮成「綠」片中的女巫，對身為女同志的她來說，十分犧牲，而甫在葛萊美獎吊彩帶高空演出的粉紅佳人（Pink），難得穿著典雅，中規中矩演唱「綠」片主題曲「Over The Rainbow」。最佳歌曲入圍者由菲董等多位歌手獻唱。U2表演入圍之一「曼德拉：漫漫自由路」主題曲「Ordinary Love」，主唱波諾本身也是人道英雄，與曼德拉頗有私交，現場演唱為電影量身打造的此曲，感情充沛；伊蒂娜曼澤爾（Idina Menzel）唱「冰雪奇緣」主題曲「Let it Go」，卻疑似發抖、搶拍、鎖喉，她的名字還被約翰屈伏塔講錯，幸而已紅透全球的此曲順利奪獎。各頒獎人或引言人並沒有太脫稿的發言。久違的柴克艾福隆圓一圈出現，以英國「福爾摩斯」影集走紅的班尼狄克也上了奧斯卡頒獎，才與兒子共同拿到「金酸莓獎」的威爾史密斯來頒最佳影片，也頗幽默，而人道獎得主安琪莉娜裘莉偕史上首位黑人影帝薛尼鮑迪頒最佳導演，則是令人感動的一幕。,聯合報
2014-03-04,裘莉得獎 小布深情獻吻,布萊德彼特首度監製的「自由之心」，一舉奪得最佳影片，女友安琪莉娜裘莉13年來，以行動支援各國難民，獲奧斯卡頒發人道主義獎，當頒獎典禮上播放裘莉為難民奔波的畫面時，小布適時地給予裘莉親暱一吻，似是讚賞女友將小愛化大愛的精神，情侶檔一得大獎、一得精神獎勵，堪稱好萊塢神鵰俠侶。小布與裘莉交往以來，婚事始終只聞樓梯響，今年仍以情侶身分攜手參加奧斯卡，兩人互動令人動容，紅毯上，媒體要求合照後，隨即拍裘莉獨照，只見小布毫不猶豫，低頭俯身彎腰，把鎂光燈焦點全讓給裘莉獨享，斯文男友的形象全都露，令每個女人看了都直呼「裘莉有小布，好幸福，這是真愛」。今年奧斯卡頒獎場上花絮多，主持人艾倫狄珍妮外叫披薩餵飽飢腸轆轆的大明星，小布更展現紳士風度，除了詢問裘莉需求，還幫忙遞紙巾，隨即自己大口吃披薩，相當豪邁。裘莉長期投入幫助各國難民，2001年捐給聯合國難民署100萬美元（約3千萬台幣），幫助阿富汗難民，同年，被任命為難民署親善大使，之後，裘莉出訪過非洲獅子山、坦尚尼亞和巴基斯坦、查德以及俄羅斯車臣等地的難民營。,聯合報
2014-03-04,安海瑟薇個性美,奧莉薇亞懷爾德(左)穿Valentino禮服，右為她老公傑森蘇戴西斯。                       水晶裝飾好閃安海瑟薇穿GUCCI黑色禮服。                       李奧納多狄卡皮歐穿亞曼尼西裝。                    水晶裝飾好閃安海瑟薇穿GUCCI黑色禮服。                                    從奧斯卡紅毯看流行趨勢，可發現服裝以黑色、裸色系與粉嫩色系等三大風格為主，女星挑款式也能看出年齡，年輕女星多愛個性款，如安海瑟薇的GUCCI晚禮服，款式與她去年的粉色削肩裝略為雷同，但黑色系多了個性，胸前水晶裝飾相當閃耀。輕熟女以上愛柔美款、裸色系，潔西卡貝兒的香奈兒訂製服就是代表，這件香奈兒春夏訂製服是雪紡材質，上綴有銀色刺繡，高貴典雅。潘妮洛普克魯茲穿上彷彿希臘女神的皺褶禮服，少了以往的華麗看頭，卻多了清新感。而梅莉史翠普一身浪凡上白下黑禮服，讓她小露香肩，優雅又大器，是許多資深女星的典範。娜歐蜜華茲的白色禮服也綴有不少花飾，配上一頭金髮，低空過關。而年輕派的女星很有主見，安海瑟薇的GUCCI禮服堪稱代表，而以往造型受好評的艾瑪華森，這次不僅包頭看來沒梳好，而Vera Wang禮服想走成熟感卻看來老氣，可惜了青春氣息。今年紅毯孕婦也特別多，凱莉華盛頓有Jason Wu首度操刀的奧斯卡禮服，緞面材質優雅卻也少了設計，比不上奧莉薇亞懷爾德穿黑色禮服，保守安全過關。而今年男星穿著普遍都以西裝為主，李奧納多狄卡皮歐的合身亞曼尼西裝合身帥氣，只可惜沒拿影帝，凱文史貝西則穿BURBERRY西裝，多了一點英倫時髦感。帥氣男星代表柴克艾福隆則穿Calvin Klein西裝凸顯好身材。另外，今年紅毯多位女星都頂著類似的髮型現身，包括短髮、包頭與波浪髮型。其中俐落短髮受到青睞，包括珍妮佛勞倫斯、安海瑟薇、莎莉塞隆、露琵塔妮詠奧等，雖然都是短髮，卻各有巧妙。安海瑟薇的短髮微鬈俐落，也讓她的五官更立體。波浪鬈髮包括有凱特布蘭琪、珊卓布拉克、潔西卡貝兒等人。潔西卡貝兒的微鬈髮是她的招牌，特別梳向同一邊，可露出配戴的珠寶耳環與項鍊，凱莉華盛頓的微鬈髮很有浪漫風情。包頭也是許多女星首選，梅莉史翠普梳來最優雅迷人，潘妮洛普走公主頭髮型，各展風情。,聯合報
2014-03-04,莎莉塞隆傲全場,"時尚與珠寶第一美時尚與珠寶的最美都給了莎莉塞隆，Dior黑色魚尾禮服展現「恰到好處」的魅力，完美線條與海瑞溫斯頓鑽石項鍊搭配得恰到好處，讓人想起伊麗莎白泰勒，展現經典的巨星氣勢，傲視群雌。                       時尚第二美凱特哈德森Versace訂製禮服，尤其美在披肩，強調了巨星架式；但珠寶如能搭配呼應裙襬的流蘇垂墜式耳環，將更完美。                    時尚與珠寶第一美時尚與珠寶的最美都給了莎莉塞隆，Dior黑色魚尾禮服展現「恰到好處」的魅力，完美線條與海瑞溫斯頓鑽石項鍊搭配得恰到好處，讓人想起伊麗莎白泰勒，展現經典的巨星氣勢，傲視群雌。                                    今年奧斯卡紅毯，拜諸多強片角逐之賜，星光熠熠，但光采卻有些不如預期，或許因國際局勢和景氣不明，彰顯華麗的珠寶戴得保守，只能靠優雅的禮服取勝。時尚觀察家袁青認為，今年紅毯時尚主軸是「剪」「單」，立體剪裁線條尤其能凸顯女星身材；單色且大器的正紅、寶藍、雪白和裸膚色，搭配自然髮型，帶眾人回到舊時好萊塢的隆重風華。不過藝術珠寶設計師Anna Hu也指出，今年珠寶配戴過於保守，少了原創性和樂趣，「得連喝2杯咖啡才能撐著看完」。巴黎時裝周上大獲好評的Dior，於星光大道上也締造佳績，獲專業評論和網友票選壓倒性勝利的莎莉塞隆，收腰魚尾的Dior黑色禮服凸顯傲人身材，搭配海瑞溫斯頓要價1,500萬美金的Incredibles系列項鍊，鑲嵌31克拉DIF美鑽，與她相互輝映。去年影后珍妮佛勞倫斯雖然又因跌跤，被主持人艾倫糗，但對紅毯裝扮顯然愈來愈上手，也穿Dior禮服的她長項鍊往後戴，凸顯肩頸的優美。在「藍色茉莉」中大秀貴婦時尚且勇奪影后的凱特布蘭琪，裸膚色薄紗禮服再現優雅，綴滿的水晶花朵彷彿貼在肌膚上，配戴的蕭邦鑽飾稍嫌沉重，但她坦言，真正重的是這身禮服，但為了美麗，一切都得撐住。同樣走若隱若現風的安琪莉娜裘莉，刷上銀色亮片的Elie Saab長袖禮服，性感得恰到好處；凱特哈德森穿結合披肩設計的白色VERSACE禮服，珠寶搭配氣勢小輸，但性感深V和梳到一側波浪金髮，增添性感。同樣都選了海軍藍的艾美亞當斯與珊卓布拉克，看在時尚和珠寶評論專家眼中各有所長，穿GUCCI訂製服的艾美亞當斯氣質取勝，但搭配的Tiffany蛋面紅紋石耳環太對比突兀，不能相稱；珊卓布拉克的珠寶戴著基本不出錯，但Alexander McQueen深藍色禮服相對太繁複。茱莉亞羅勃茲珠寶也是基本款，但混搭寶格麗骨董珠寶與祖母綠切割鑽石手環，細節取勝。",聯合報
2014-03-04,"男配角獎 尋夢成真
功勞歸媽 傑瑞李托 藥命不賣帥",留著一頭長髮的傑瑞李托，笑擁小金人獎座。                       傑瑞李托(左)演活「藥命俱樂部」的變裝癖愛滋病患。                    留著一頭長髮的傑瑞李托，笑擁小金人獎座。                                    【記者項貽斐、蘇詠智、祁玲、陳于嬙、袁世珮、顏甫珉、陳若齡、王惠琳、陶福媛╱綜合報導】好萊塢的帥哥小生如過江之鯽，卻很少有人像今年奧斯卡最佳男配角傑瑞李托一樣特立獨行，影視圈三番兩次要捧他為偶像天王接班人，他卻堅持演另類、有挑戰性的角色，甚至可以幾年不拍戲，專心玩音樂，是否成名賺大錢，似乎不在他的考量之中。傑瑞李托領獎致詞時，感念高中輟學的單親母親將他一路扶養大，讓他有尋夢的力量，也向近來局勢動盪的烏克蘭和委內瑞拉人民喊話，表示自己的心與他們同在，最後則表示有3600萬不幸去世的愛滋病患，如果有人覺得因為堅守真實自我、堅持心中所愛而深感不公平，自己也和他們同在。傑瑞李托出道之初，和克萊兒丹妮絲合演青春影集「甜蜜芳心」，戲裡讓克萊兒著迷，戲外迷倒眾多少女，馬上從小螢幕跳進大銀幕，一度因為當時青少年恐怖片大流行，掛帥主演「下一個就是你」，無奈片子反應不佳，他索性堅持自我，不再演賣帥的角色，偏要在「鬥陣俱樂部」染上一頭金髮，被布萊德彼特打得滿臉血到沒人認得出來。之後傑瑞演了一連串名導特色大片，包括「紅色警戒」、「美國殺人魔」、「噩夢輓歌」、「戰慄空間」等，和帥哥小生路線愈離愈遠，期間他能擠上娛樂報導的話題只有兩個：卡麥蓉狄亞茲的未婚夫以及據傳是好萊塢「第一大鵰」。他和卡麥蓉的一段情是真，但終究感情變淡分手，後者在歐美娛樂圈是個流傳甚廣的話題，沒人可證實，有人傳說這是他在拍「第27章」，讓同片的琳賽蘿涵拜倒在牛仔褲下的主因。近年來傑瑞演藝圈主要成績，是擔任「30秒上火星」主唱，曾來台演出，為專心發展音樂事業，曾推掉克林伊斯威特「硫磺島的英雄們」；接演「藥命俱樂部」愛滋病患，讓他魔鬼減肥瘦成皮包骨，令人擔心健康受損，他片中病危咳血時哭喊著不想死，極具感人力量，小金人爭奪戰中，也一路聲勢遙遙領先，毫無意外獲獎。,聯合報
2014-03-04,"最佳外語 絕美之城
勾勒羅馬浮世繪",「絕美之城」導演保羅索倫提諾(左)與男主角托尼瑟維洛分享得獎喜悅。                       義大利電影「絕美之城」勇奪最佳外語片獎。                    「絕美之城」導演保羅索倫提諾(左)與男主角托尼瑟維洛分享得獎喜悅。                                    【記者項貽斐、蘇詠智、祁玲、陳于嬙、袁世珮、顏甫珉、陳若齡、王惠琳、陶福媛╱綜合報導】 奧斯卡最佳外語片由先前呼聲極高的義大利片「絕美之城」（The Great Beauty）奪得，今年有來自比利時、柬埔寨、丹麥、義大利和巴勒斯坦5個國家的入圍片，都各自拿下國際大獎，可說競爭激烈。「絕」片在奧斯卡頒獎前便拿下第26屆歐洲電影獎最佳影片、導演、男演員及剪輯4大獎項，另外也獲得金球獎及英國電影學院獎最佳外語片，更被「時代周刊」選為年度10大佳片第2名。「絕美之城」描述一名成長於羅馬的記者傑普甘巴德拉（托尼瑟維洛飾），在他慶祝65歲生日之時，回憶起過往青春年代的激情與玩世不恭的夜生活。在美麗悠久的羅馬城與虛假骯髒的上流社會之中，尋找生命的意義。導演保羅索倫提諾以強烈的影像風格為個人特色，「絕美之城」中的鮮明對比色彩與鏡頭設計，堪稱為羅馬浮世繪，呈現出如同舞台劇般的空虛之美，被視為向已故義大利藝術電影大師費里尼致敬。索倫提諾得獎時除感謝製作團隊，更表示「電影裡的城市，羅馬，是非常美麗且值得一遊的。這個獎也獻給義大利。」,聯合報
2014-03-04,得獎名單,最佳影片自由之心最佳導演艾方索柯朗(地心引力) 最佳男主角馬修麥康納(藥命俱樂部)最佳女主角凱特布蘭琪(藍色茉莉)最佳男配角傑瑞李托(藥命俱樂部)最佳女配角露琵塔妮詠奧(自由之心)最佳外語片絕美之城(義大利)最佳動畫長片冰雪奇緣最佳動畫短片Mr. Hublot最佳實境短片氦最佳紀錄長片和聲女神最佳紀錄短片The Lady in Number 6: Music Saved My Life最佳原創劇本雲端情人最佳改編劇本自由之心最佳攝影地心引力最佳剪輯地心引力最佳原創電影配樂地心引力最佳原創電影歌曲Let It Go(冰雪奇緣)最佳音效剪輯地心引力最佳混音地心引力最佳藝術設計大亨小傳最佳服裝設計大亨小傳最佳視覺效果地心引力最佳化妝與髮型設計藥命俱樂部終身成就獎史提夫馬丁、安琪拉蘭斯柏瑞、皮耶羅托西珍赫修人道主義獎安琪莉娜裘莉,聯合報
2014-03-04,"女配角獎 擠下雙影后 露琵塔妮詠奧
自由扮黑奴",露琵塔妮詠奧以「自由之心」勇奪最佳女配角獎，手握小金人歡呼。                       「自由之心」中，露琵塔妮詠奧扮演飽受白人欺凌的黑奴。                    露琵塔妮詠奧以「自由之心」勇奪最佳女配角獎，手握小金人歡呼。                                    【記者項貽斐、蘇詠智、祁玲、陳于嬙、袁世珮、顏甫珉、陳若齡、王惠琳、陶福媛╱綜合報導】剛滿31歲的黑人女星露琵塔妮詠奧，擊退影后級女星珍妮佛勞倫斯及茱莉亞羅勃茲，憑「自由之心」求生痛苦、求死不得的黑奴，拿下本屆奧斯卡最佳女配角，成功擊退雙后，讓她聲勢大增。露琵塔妮詠奧手握小金人在手，一句「YES」透露出拿獎的澎湃與激動，早在奧斯卡典禮前，她即以「自由之心」拿下美國演員工會及獨立精神獎的最佳女配角，如今拿下象徵最高榮譽的小金人，露琵塔淚流滿面感謝導演史提夫麥昆及家人，她哽咽說著：「我一刻也沒忘記，有人承受了痛苦，我才擁有生命中這麼多的喜悅，我想向派西（劇中角色Patsey）的精神致敬，謝謝她的指引。」奧斯卡向來採會員投票機制，因「自由之心」是今年的強片之一，勢必對露琵塔妮詠奧的得獎，具哄抬效果，且她在片中，飾演飽受白人雇主欺凌的黑奴，白天得拚命拔棉花，晚上還得面臨男主人的強迫性求歡，更得遭受女雇主的刁難，一場她全裸遭鞭刑的劇情，整個背部被打到血肉模糊，角色悽慘，博得相當多同情。相較於露琵塔妮詠奧因角色淒慘而吃香，與她勢均力敵的珍妮佛勞倫斯，則因去年才得獎，就算在「瞞天大佈局」將驚世老婆演得生動吸睛，要兩度奪獎，還是有基本難度，因此也有一說是露琵塔妮詠奧趁此占了便宜。頂著耶魯大學碩士光環的露琵塔妮詠奧，雖是影壇新人，她的家世相當不凡，她出生於墨西哥，在肯亞長大，父親是前肯亞衛生及國家建設部長，現任國家參議員，母親是非洲癌症基金會常務董事，堂姊名列「富比世」非洲年輕女強人排行榜，另一位堂姊也是紐約大學教授。她從小生活在高知識、高社經地位家族，貴為名門大小姐，卻能成功詮釋生活完全相反的「自由之心」女黑奴一角，也是一大挑戰。,聯合報
2014-03-04,小金人跨越國界 電影題材人才大熔爐,一年一度的奧斯卡金像獎華麗落幕，除了明星雲集、披薩、自拍等花邊話題，更重要的是小金人對「嚴肅種族歷史議題」的關注，與「廣納全球電影人才加入」的格局。以非裔美人遭受歧視威脅的電影這些年常獲奧斯卡青睞，從多線敘事的「衝擊效應」、描述黑人幫傭在不同白人家庭工作遭遇的「姊妹」到風格化呈現黑奴與正義白人聯手大反撲的「決殺令」，但是影片導演都是白人。去年奧斯卡獎中電影「林肯」開高走低，導演史蒂芬史匹柏著墨於林肯總統如何為解放黑奴展開政治攻防戰的用心，獲美國觀眾認同，但敗給更以美國中心的「亞果出任務」。今年以黑奴為主角的「自由之心」聚焦在失去自由的平凡人物，卻成功脫穎而出，也創下頭一位非洲裔導演作品得大獎的奧斯卡新歷史。奧斯卡獎在過去八十五屆中，非洲裔電影人獲獎的總數為二十六次，其中演技獎十四次、劇本獎一次、音效獎四次、音樂獎七次，難得有非洲裔導演受肯定，直到一九九一年非洲裔導演約翰辛格頓以「鄰家少年殺人事件」入圍奧斯卡最佳導演，才首度打破這種局面。此次「自由之心」在英國導演史提夫麥昆領軍下，網羅來自各方的人才一起詮釋發生在十九世紀中葉美國南方的黑奴故事，主要演員奇維托艾吉佛與班奈迪克康柏拜區是英國人、麥可法斯賓達是德裔愛爾蘭人，卻拍出美國歷史的黑暗傷疤。該片在海外的賣座是美國本土的三倍，顯示影片追求自由的普世意義跨越國界。至於好萊塢大片「地心引力」，在此次奧斯卡獎最佳影片獎項雖然敗北，但因墨西哥導演兼編劇艾方索柯朗的創造力和凝聚力，把一個幾乎只有女主角唱獨腳戲的科幻片變得生動感人，3D影像技術更嘆為觀止，也因此在奧斯卡獎中橫掃最佳導演和六大技術獎項。近年來不少國外人才在奧斯卡最佳導演項目紛紛竄出頭來，艾方索柯朗也成為繼「大藝術家」導演米歇爾哈札納維西斯、「少年PI的奇幻漂流」導演李安之後，又一位獲獎的非美國籍導演。國外幕前、幕後人員在奧斯卡舞台大放異彩的情況層出不窮，也讓以民族大熔爐自許的美國有更多機會透過大銀幕展現海納百川的創作力，開拓更廣大市場。,聯合報
2014-03-04,艾方索柯朗  7年做完太空夢,墨西哥導演艾方索柯朗執導的「地心引力」叫好叫座，讓他連奪奧斯卡最佳導演與最佳剪輯雙獎。                    墨西哥導演艾方索柯朗執導的「地心引力」叫好叫座，讓他連奪奧斯卡最佳導演與最佳剪輯雙獎。                                    導演艾方索柯朗昨天以「地心引力」拿下最佳導演獎，成為第一個拿到這個獎項的墨西哥人。他致詞時表示，這部電影花了很長的時間才拍完，所幸結果是好的。「地心引力」從籌備到上片共耗費七年，其中拍攝花了四年半的時間。他曾形容，拍攝過程就像一隻被獵犬追了四年半的狐狸，當狐狸終於擺脫獵犬後，心情不是開心，而是鬆了一口氣。「地心引力」描述珊卓布拉克飾演的醫學工程師首次執行太空任務卻遇到意外、獨自克服困境的過程。片中以大量科技呈現人類在無垠太空的渺小和無助，技術和編導演的表現都相當傑出，已然成為此類電影的新典範。詹姆斯柯麥隆便曾稱它為有史以來最好的太空電影，也有人將之與史丹利庫柏力克的「2001：太空漫遊」相提並論。五十三歲的艾方索從小立志當導演和太空人，拿到第一台相機後每天拍個不停。童年時期他沒什麼朋友，反而常在戲院逗留。長大後他想拍電影，但媽媽不同意，只好折衷上午念哲學、下午去電影學校上課。,聯合報
2014-03-04,凱特布蘭琪 舞台劇底子 淬鍊慾望街車,九年前以「神鬼玩家」奪得奧斯卡最佳女配角的凱特布蘭琪，今年靠著伍迪艾倫為她量身打造的「藍色茉莉」更上層樓，已獲大大小小超過廿座影后，昨天如願拿下奧斯卡影后。致詞時她十分得體地向對手致敬，將自己成就歸功於雪梨的劇團，盛讚劇場工作令她變成一位更出色的女演員，接著高明地喊話：「感謝聰明且勇敢發行這部電影的片商，及進場欣賞的觀眾。業界某些人認為女性電影市場有侷限，其實觀眾想看這種電影，它們有賺頭，世界無限寬廣。」來自澳洲的凱特布蘭琪，堪稱梅莉史翠普接班人，同樣走知性氣質路線，也都從舞台劇磨出演技，就算電影片約不斷，仍會撥出時間重回舞台。看過「藍色茉莉」的觀眾都可感受其深受「慾望街車」影響，凱特真的在舞台上演過「慾」劇，導演還是柏格曼御用影后麗芙鄔嫚，由於反應突出，啟發伍迪艾倫找她拍攝二十一世紀版「慾望街車」─「藍色茉莉」的靈感。她在片中角色一樣是個落魄的昔日貴婦，一樣虛矯做作地維持破碎自尊，當殘酷現實不斷打擊，終於走到崩潰邊緣。角逐演技獎，外放的角色較佔便宜，「藍色茉莉」凱特布蘭琪神經質地搶眼，無怪乎其他入圍者各個強敵，加上「衝奧」最後關頭爆出導演伍迪艾倫捲入性侵養女醜聞，依舊沒讓她的小金人跑掉。人生際遇難料，她入行之初曾在葛倫克蘿絲掛帥的「火線浮生錄」擔任配角，今年她和葛倫克蘿絲再度先後走上奧斯卡舞台，她已兩座小金人在手，葛倫卻六度入圍始終無緣。凱特今年還打敗知性演技派掌門人梅莉史翠普，以及英國前輩茱蒂丹契。,聯合報
2014-03-04,馬修麥康納 瘦成皮包骨 磨戲脫胎換骨,馬修麥康納（左起）、凱特布蘭琪、露琵塔妮詠奧與傑瑞李托是本屆奧斯卡四位演技獎得主。                    馬修麥康納（左起）、凱特布蘭琪、露琵塔妮詠奧與傑瑞李托是本屆奧斯卡四位演技獎得主。                                    馬修麥康納以「藥命俱樂部」勇奪影帝，首次入圍就得獎，證明近年他積極轉型、從偶像型男到實力派演員的努力，獲得回報。馬修麥康納相信拿獎的那刻，已逝的父親正在天上以秋葵配啤酒慶祝（搭配舞步）；他感謝坐在台下的媽媽教導他要自重，也希望所做所為能讓老婆和三個小孩以他為榮。馬修最後提到，他生命中的英雄是「十年後的自己」。這段致辭以他的搥心手勢（出現在「華爾街之狼」）和座右銘「Just Keep Living」作結。入行近廿年的馬修麥康納原本讀法律，後來改攻電影。早期以電視劇起家，外型俊俏的他很快就被好萊塢看上，一九九三年因第一部電影「年少輕狂」嶄露頭角，三年後因「殺戮時刻」爆紅，之後陸續拍了「接觸未來」、史蒂芬史匹柏執導的「勇者無懼」等，被喻為年輕的保羅紐曼。接下來，馬修麥康納拍了幾部賣座的浪漫喜劇片如「愛上新郎」、「絕配冤家」和「賴家王老五」等。他曾說不是很喜歡看浪漫喜劇片，但既然觀眾買帳，他便一部接一部拍下去。直到馬修陸續推出「下流正義」、「性腥聞」和「舞棍俱樂部」等與過往戲路迥異的作品，讓人感受到他積極求變的企圖心。「藥命俱樂部」可視為他蛻變後展翅結果。為了演出患有愛滋病的角色朗，馬修麥康納瘦了超過二十公斤，也有極細膩的心理轉折，與過去俊俏的銀幕花瓶形象大相逕庭。他透露為此每天少量多餐，一天吃八餐，搭配適量運動。外表的改變有助加分，重要的仍是他刻畫角色的內斂功力。朗本有恐同症，但因病接觸同路人、特別是結識傑瑞李托飾演的異性者後，漸漸改變了觀念，也會在必要時為朋友挺身而出。不知不覺間，他和過去自己所嫌棄的人站成了同陣線，馬修也把這樣的變化拿捏得恰到好處。,聯合報
2014-03-04,黑奴「自由之心」 布萊德彼特推手,「自由之心」在奧斯卡金像獎中大放異彩，成為繼「大藝術家」後又一部同時獲得獨立精神獎和奧斯卡最佳影片的電影，既凸顯獨立製片的精神，也彰顯對美國黑奴歷史的關注。不過該片的誕生，除了導演史提夫麥昆的堅持，他的女友與該片製片之一的布萊德彼特都是幕後催生的貴人。以電影「飢餓」在影壇嶄露頭角的史提夫麥昆是住在荷蘭的非裔英國人，向來對黑奴議題有興趣，卻苦尋不到合適題材，直到某天女友推薦他看一本一八五三年索羅門諾斯拉普的自傳「自由之心」，才發現新片的靈感，並決定搬上大銀幕。史提夫麥昆表示，他頭一次看這本書時深受震撼，甚至為自己竟不知此書覺得生氣，因為這本書是描述奴隸生活的第一手資料，呈現一名自由黑人失去自由後的悲慘生活和努力追尋希望的勇氣。但是在籌募拍攝資金時，處處碰壁，直到布萊德彼特的「Ｂ計畫」製片公司加入，終於有了轉機。「自由之心」中的主角索羅門諾斯拉普遭綁架被賣到美國南方當奴隸，全片真實描繪當時的生活細節，包括砍甘蔗、採棉花等工作及黑奴與主人間的互動等，尤其對信仰虔誠的白人主人竟苛待黑奴，有細膩的人性觀察詮釋。對感官慾望探險不遺餘力的史提夫麥昆，這回將焦點對準施虐者的內心，也讓一則黑奴個人的悲劇，擴大格局，檢視錯誤制度導致人性扭曲的殘酷。,聯合報
2014-03-04,巨星玩自拍 三星置入行銷,為了置入三星手機，艾倫狄珍妮絲號召出席奧斯卡頒獎典禮的巨星們自拍，締造照片在推特上轉發的新紀錄。                       為了置入三星手機，艾倫狄珍妮絲號召出席奧斯卡頒獎典禮的巨星們自拍，締造照片在推特上轉發的新紀錄。                    為了置入三星手機，艾倫狄珍妮絲號召出席奧斯卡頒獎典禮的巨星們自拍，締造照片在推特上轉發的新紀錄。                                    本屆奧斯卡頒獎典禮的最大亮點在台下，主持人艾倫狄珍妮絲揪十二位巨星搞史上最強自拍照，刷新社群網站推特（Twitter）的轉推紀錄，讓贊助商三星的一款手機置入，創造話題也讓人見識到好萊塢如何成功與商業結合。奧斯卡的閃閃星光，商機無限，背後也經過精密計算。據外電報導，三星以七點五億台幣連續五年贊助奧斯卡，今年不僅在頒獎典禮發布新型手機廣告，還巧妙讓主持人艾倫狄珍妮絲拿著手機邊拍照、邊打電話，最後創造出「巨星們的自拍照」；三星事後也坦承是置入，但表示如何秀出手機全由奧斯卡決定。在巧妙的安排下，艾倫在節目中段走到梅莉史翠普座位旁說：「妳已有破紀錄的十八次入圍，我們再來破一個紀錄─史上最多人轉發的推特照片。」梅莉邀茱莉亞羅勃茲，接著查寧塔圖、傑瑞李托、珍妮佛勞倫斯、凱文史貝西、布萊德利庫柏都衝上來，連布裘夫妻檔都甘願擠在後面當背景，眾星眉開眼笑，留下一張自拍照。艾倫發照上推特：「如果布萊德利的手臂再長一點就好了。」上傳後瞬間爆量，一小時轉推衝破兩百萬次，導致推特伺服器當機。,聯合報
2014-03-03,從華爾街之狼,《華爾街之狼》電影海報。                    《華爾街之狼》電影海報。                                    名導演馬丁史柯西斯、當紅演員李奧納多狄卡皮歐這一對搭檔，今年又要聯手敲奧斯卡的得獎之門。有人說，在史柯西斯的調教下，李奧納多愈來愈被定型了：一再演出一些紙醉金迷的「暴發戶」角色。從《神鬼玩家》、《大亨小傳》、到這部《華爾街之狼》，莫不如此。《華爾街之狼》（The Wolf of Wall Street）改編自爭議性股票經紀人喬丹貝爾福（Jordan Belfort）的同名自傳（「華爾街之狼」也是他的綽號），本片敘述喬登貝爾福在1980年代如何發跡、後來又如何墮落的故事。Wolf與Wall  巧妙串起「貪婪」英文書名∕片名把「狼」跟「華爾街」連結在一起，是理所當然的。因為Wolf與Wall，在英語中屬於是押「頭韻」（Alliteration，指詩文中以相同的字母或聲韻開頭）的兩個字。「狼」在西方文化中，又是饑餓、貪婪的象徵。演員麥可道格拉斯在他奧斯卡稱帝的代表作《華爾街》裡，有一句經典對白：Greed is good（貪婪是好事）。貪婪，正是華爾街的「精神」所在。送羊入虎口 英說法改成狼由於文化關係，英語中跟狼有關的成語很多，而且多半大家都耳熟能詳。例如：1.「大壞狼」（The Big bad wolf），意指「愛惹事生非」的人。2.Cry wolf，脫胎自「狼來了」的寓言，意指「謊報警訊」。3. A sheep in wolf's clothing，即是「披著羊皮的狼」。不過，中文裡的「送羊入虎口」，英語中的說法則是「送羊入狼口」（Throw someone to the wolves）。4.Keep the wolf from door，不是字面上的「把狼拒於門外」，而是「生活維艱，勉強僅能餬口」的意思。中文世界裡，有很多與「狼」有關、也有很畫面的形容詞或動詞，例如「狼顧」（指頻頻回頭）、「狼吞虎嚥」等。後者在英文裡也有相同的表達語，叫Wolf down，不過中文裡「色狼」這個詞，從「狼」聯想到「色」，這點倒是與西方人的概念大異其趣。西方人變狼 東方狐、妖化成人當然，電影裡最夯的「狼」， 是「人狼」，或稱「狼人」（Werewolf）。在傳統恐怖片裡，狼人跟吸血鬼、科學怪人、木乃伊是最重要的「四大族群」。近年因《暮光之城》、《決戰異世界》等系列興起，讓狼人在一度式微後，再度活躍於銀幕。「狼人」本是西方文化一種想像的動物，字典解釋：An imaginary creature who is human during the day but becomes a wolf at night when there is a full moon.（一種想像中的動物，白天是人類，但在月圓之夜會變成狼）。這跟東方人的觀念是很不一樣。在中國文學∕民間傳說，山精妖魅變為人的例子不勝枚舉（如狐仙、樹妖），但人變成動物的，卻十分罕見，這只能說是國情不同吧！在希臘∕羅馬神話裡，神或人變成、或被變成動、植物的故事非常多。當中集大成者，應屬羅馬詩人奧維德（Publius Ovidius Naso）的《變形記》（Metamorphoses）。註：《華爾街之狼》在多國皆為限制級電影，此處僅討論本片之英文翻譯。,聯合報
2014-03-03,奧斯卡五看點 有望寫新歷史,奧斯卡3月2日揭曉，以下為美國《石板雜誌》整理可能刷新奧斯卡歷史的5大看點：1.種族不是問題：墨國導演艾方索柯朗和非裔導演史提夫麥昆分別以《地心引力》和《自由之心》入圍最佳導演，誰得獎都將成為首位獲獎拉美或非裔導演。2.年齡沒有界線：《內布拉斯加》的77歲布魯斯鄧恩，有望成為最高齡的影帝。3.演員獎項「大四喜」：《瞞天大佈局》男女主角和配角全數入圍，若全得獎，將成為首部包辦所有角色獎項的鉅片。4.3D電影出頭天：《地心引力》有望成為首部抱回最佳影片獎的3D電影。5.原著劇本獎新紀錄：美國大導伍迪艾倫曾3度拿下最佳原著劇本，若本次再以《藍色茉莉》獲獎，將刷新自己的紀錄。,聯合報
2014-03-03,"「廣島之戀」法國名導
亞倫雷奈91歲過世",法國電影新浪潮代表人物、「廣島之戀」大師級導演亞倫雷奈1日在巴黎過世，享壽91歲。雷奈的製片表示，他是在親友圍繞下安詳與世長辭。儘管雷奈年事已高，但從影超過一甲子以來，創作活力不減，活到老、拍到老，新作「雷利的一生」上月才在柏林影展中獲頒「創新獎」。雷奈出生於1922年6月3日，從小就對拍片有興趣，他曾是電影剪接師，二戰結束後開始拍攝短片，1948年以「梵谷」獲奧斯卡最佳短片，接著1955年以紀念納粹集中營解放10周年的紀錄片「夜與霧」備受國際影壇矚目。1959年雷奈將莒哈絲小說「廣島之戀」搬上大銀幕，該片雖是雷奈的第一部長片，透過一名法國女演員在日本與建築師相戀的故事，串起兩人在二戰期間的創傷經歷，不僅獲坎城影展國際影評人獎，更成為影史經典。1961年雷奈的「去年在馬倫巴」，又將回憶、遺忘、想像交錯，如夢似幻的超現實風格為他贏得威尼斯金獅獎肯定。雷奈電影經常探討記憶與潛意識，穿梭在想像和現實之間，散發迷離美感。,聯合報
2014-03-03,威爾史密斯父子 抱回金酸莓獎,威爾史密斯(右)與傑登史密斯父子，拿下令人尷尬的金酸莓獎。                    威爾史密斯(右)與傑登史密斯父子，拿下令人尷尬的金酸莓獎。                                    每年都故意在奧斯卡獎前一天舉行的金酸莓獎，昨天公布得獎名單。威爾史密斯與傑登史密斯的科幻災難片「地球過後」與「激愛543」均獲3獎，並列大「贏」家。史密斯父子不僅分別獲頒最差男配角及最差男主角，還一起拿下最差銀幕組合。網羅艾瑪史東、休傑克曼、凱特溫絲蕾等眾多明星同台的「激愛543 」，在金酸莓獎中除了囊括最差影片、最差編劇，13位導演還共同獲得最差導演；倒是獲8項提名、由亞當山德勒主演的「亞當等大人」最後「開高走低」，均未「得獎」。另外最差女主角為「黑瘋婆娘的聖誕節」泰勒派瑞（男扮女裝演出），最差女配角為金卡戴珊的「誘惑」，最差改編或續集電影則是強尼戴普主演的「獨行俠」。,聯合報
2014-03-03,自由之心掃5獎 馬修稱帝 凱特封后,美國獨立精神獎昨揭曉，馬修麥康納(圖)、凱特布蘭琪稱帝封后。                       布萊德彼特(右)與露琵塔妮詠歐開心領獎。                       美國獨立精神獎昨揭曉，馬修麥康納、凱特布蘭琪(圖)稱帝封后。                    布萊德彼特(右)與露琵塔妮詠歐開心領獎。                                    美國獨立精神獎頒獎典禮昨天舉行，奧斯卡最佳影片呼聲最高的「自由之心」先行旗開得勝，一舉贏得最佳影片、導演、劇本、女配角與攝影等5項大獎。影帝與影后分別為「藥命俱樂部」的馬修麥康納和「藍色茉莉」的凱特布蘭琪。獨立精神獎頒獎典禮雖是獨立製片業界的盛事，但是仍有許多好萊塢明星力挺，包括奧斯卡影后瑞絲薇絲朋、基諾李維等均應邀頒獎，大陸女星鞏俐也和基諾李維搭檔一起頒發最佳導演獎給「自由之心」導演史提夫麥昆。描述黑奴故事的「自由之心」在獨立精神獎上表現出色，獲頒最佳影片時，該片製片與演員布萊德彼特也開心登台，和大家共享榮耀。一頭短髮、略微發福的布萊德彼特，昨天和未婚妻安琪莉娜裘莉一同出席頒獎典禮，但兩人低調地未走紅地毯，只在台下觀禮。看到「自由之心」團隊接連獲獎，裘莉與有榮焉，並對媒體表示，她始終以小布為榮。此次最佳男配角與最佳女配角分別為「藥命俱樂部」的傑瑞李托和「自由之心」的露琵塔妮詠歐，由於兩人之前曾經謠傳緋聞，傑瑞李托上台致詞時，故意開玩笑說，這個獎要獻給「我未來的前妻露琵塔」。,聯合報
2014-03-03,奧斯卡今登場 考驗艾倫吸睛力,艾倫今年主持奧斯卡頒獎，壓力大。                       奧斯卡頒獎典禮現場，杜比劇院門外的星光大道，工作人員忙著做好防雨措施。                    艾倫今年主持奧斯卡頒獎，壓力大。                                    奧斯卡頒獎典禮台北時間今天上午9點半在美國洛杉磯舉行，杜比劇院門口外的星光大道紅地毯已做好防雨措施，觀眾好奇典禮會端出什麼精采節目滿足大家，媒體則忙著逼有投票權的會員匿名亮票，想搶先嗅出得獎態勢。Star World、Star Movies、Star Movies HD及台視，今天上午8點起直播星光大道及頒獎，今晚9點Star Movies、Star Movies HD及台視，將會重播頒獎的中文字幕版。 去年奧斯卡頒獎典禮，主持人賽思麥克法蘭雖然笑話有時過火，卻向來討年輕觀眾喜愛，收視比前年好。今年主持人艾倫曾在7年前掌舵，表現沉穩，收視人數逼近4000萬，這回是否再次安全過關？各方都在等著瞧。受青少年喜愛的柴克艾福隆、查寧塔圖、安娜坎卓克、珍妮佛勞倫斯等都會出席，熱賣卡通「冰雪奇緣」配音女主角伊迪娜曼佐現身演唱入圍歌曲「Let It Go」，製作單位還安排向「綠野仙蹤」75周年致敬、貝蒂蜜勒表演等主打年長影迷的段落，希望收視群能一網打盡。目前搶先亮出會員票，「自由之心」頗受歡迎，「遲來的守護者」、「藥命俱樂部」也受青睞，影帝方面馬修麥康納被「瞞天大佈局」克里斯汀貝爾追得最緊，影后雖大都投凱特布蘭琪，珊卓布拉克等人也有支持票，只有梅莉史翠普似乎今年較冷門。而以「愛在希臘午夜時」獲奧斯卡最佳原著劇本提名的茱莉蝶兒，雖是入圍者，但卻大聲批評奧斯卡主辦單位。她說，影藝學院成員有九成70歲以上白種男性，因為長期沒任何作為，所以要錢，只要給他們兩三樣禮物就行了。直來直往的茱莉蝶兒表示，1990年代的奧斯卡獎確實有真正的獨立製片，但又逐漸被主流電影取代，「老實說，九成好萊塢電影都是個屁！」,聯合報
2014-03-02,人生失敗者衝上高峰爭金,「瞞天大佈局」。                       「自由之心」。                       「地心引力」。                    「自由之心」。                                    今年奧斯卡頒獎典禮將以英雄為主題，但入圍最佳影片的9部片中，除「怒海劫」主角堪稱英雄外，都在講人生失敗者的故事，更有5部取材自真人實事。「自由之心」、「地心引力」與「瞞天大佈局」在入圍名單中三足鼎立，各擅勝場，「自由之心」以黑奴為題、拍出史詩格局；「地心引力」深入內心世界、開創科幻片新境；「瞞天大佈局」爾虞我詐、鋪陳巧妙，不過「自由之心」自激烈競爭中險勝的機率最高。自由之心 一面倒的好評獲得9項奧斯卡提名的「自由之心」改編自1853年所羅門諾斯拉普同名自傳，所羅門本是自由黑人但卻遭人口販子綁架賣到南方淪為黑奴。儘管描述黑奴歷史的影視作品不少，但非裔英國導演史提夫麥昆藉由一夕間失去自由、從天堂到地獄的轉折，忠實呈現當年黑奴生活，逼近因種族歧視造成人性的殘酷扭曲，也讓影片超越時空限制，幾乎贏得一面倒的好評。由於該片已拿下金球獎、英國奧斯卡最佳影片，又有製片工會獎背書，獲奧斯卡最佳影片的贏面也最大。地心引力 最佳導演有機會墨西哥導演艾方索柯朗的「地心引力」在去年威尼斯影展首度曝光以來，好口碑不斷。入圍10項的該片多半由女主角珊卓布拉克獨撐大局，將她在太空飄浮的意外與生命的傷痛並陳，是一部以科幻為包裝的文藝片。無論在潛意識的探索或嘆為觀止的3D攝影及特效打造的孤絕宇宙，都讓該片來勢洶洶。由於和「自由之心」難分軒輊，不少人認為，今年奧斯卡很可能又是最佳影片、最佳導演分開給，而艾方索柯朗應有機會成為最佳導演。瞞天大佈局 10項提名大衛歐羅素執導的「瞞天大佈局」和「地心引力」同在奧斯卡中獲10項提名，該片改編自1970年代美國聯邦調查局具爭議的「釣魚執法」案件，描述詐騙高手、執法單位與政客間的相互利用和角力，虛虛實實、以假亂真。片中網羅珍妮佛勞倫斯、布萊德利庫柏、克里斯汀貝爾和艾美亞當斯等明星同台飆戲，也為全片增添戲味十足的火花。雲端情人 原著劇本看好史派克瓊斯自編自導的「雲端情人」是充滿復古風的科幻片，瓦昆菲尼克斯飾演愛上人工智慧軟體的婚姻失敗者，在茫茫人海中踽踽獨行，因為愛情、兀自癡笑。對科技取代真人的憂心、對情愛關係的刻劃反省，拉高「雲端情人」的層級，即使無緣最佳影片，但在最佳原著劇本獎項極受看好。其他最佳影片入圍者均有可觀之處，史蒂芬佛瑞爾斯執導的「遲來的守護者」藉一段跨海尋子之行反思宗教的深意，笑中帶淚；「內布拉斯加」以公路電影形式展開家族歷史回溯，看見親情與愛情的真義；「藥命俱樂部」透過感染愛滋的牛仔與變裝癖者對抗藥商與醫藥體制，重新認識生命的價值；「八月心風暴」改編自普立茲獎舞台劇，解剖家庭的黑暗之心；馬丁史柯西斯的「華爾街之狼」更是大師自我挑戰之作，以物慾橫流與無邊情色批判拜金主義下人性的貪婪。,聯合報
2014-03-02,法國凱撒獎媽媽奪5獎最大贏家,"美國加州暴雨來襲，奧斯卡主辦單位替小金人罩上塑膠袋防雨。                       法國凱撒獎揭曉，(左起)阿黛兒艾薩卓普洛斯獲最佳新進女演員、吉翁佳里恩為影帝、桑德琳金柏嵐為影后，皮耶德拉東項為最佳新進男演員。                       好萊塢女星思嘉莉約翰森(左)和未婚夫出席法國凱撒獎，她獲頒榮譽獎。                    法國凱撒獎揭曉，(左起)阿黛兒艾薩卓普洛斯獲最佳新進女演員、吉翁佳里恩為影帝、桑德琳金柏嵐為影后，皮耶德拉東項為最佳新進男演員。                                    「法國奧斯卡」凱撒獎揭曉，「媽媽要我愛男人」勇奪最佳影片共5項獎，是大贏家。羅曼波蘭斯基以「情慾維納斯」拿下最佳導演獎，入圍10項的「藍色是最溫暖的顏色」最後僅由阿黛兒艾薩卓普洛斯抱走最佳新進女演員獎。「媽媽要我愛男人」是導演吉翁佳里恩第一部自導自演的喜劇片，他一人分飾兩角，包括男主角和反串媽媽的角色。除了最佳影片，吉翁個人也拿下最佳男主角、最佳改編劇本和最佳第一部電影四座獎，該片也拿下最佳剪輯獎。最佳女主角為「9 Month Stretch」的桑德琳金柏嵐，最佳男女配角分別為「Quai d'Orsay 」的奈爾阿黑斯圖普和「美麗失敗者」的阿黛兒艾奈爾。最佳外語片頒給比利時「愛的餘燼」，該片也將角逐本屆奧斯卡「最佳外語片」。今年奧斯卡頒獎典禮將於台灣時間明天上午登場，不巧美國加州暴雨來襲，主辦單位全面備戰。不但會場外搭上透明雨棚，也替小金人穿上「雨衣」。滂沱大雨亦讓盛裝出席典禮的明星大傷腦筋，尤其是女星。「E!Online」報導，早在奧斯卡開跑數周前，好萊塢女星便開始打理行頭。尤其當天為了美美見人，有人不惜下重本做臉。在紐約經營護膚機構的大衛柯柏特每年會在好萊塢設臨時診所，30分鐘療程約800-1,200美元（約合台幣24,000-36,000元），所費不貲，據知女星蜜雪兒威廉斯、瑞秋懷茲和艾瑪史東都是常客。奧斯卡前夕，電影網站「The Wrap」針對四百多名影迷問卷調查，請他們選出心目中的得獎作品和得獎者。結果「華爾街之狼」和「自由之心」並列最佳影片，「華爾街之狼」男主角李奧納多狄卡皮歐也受青睞獲最佳男主角。最佳女主角則由「地心引力」珊卓布拉克擊敗「藍色茉莉」凱特布蘭琪；最佳女配角為「瞞天大佈局」的珍妮佛勞倫斯，同片的布萊德利庫柏則為影迷心目中的最佳男配角，顯示一般大眾和專業影人的口味仍有段距離。",聯合報
